participant_code,session_time,save_time,trialn,condition_code,condition_name,condition_hz,condition_type,stimulus_type,in_analysis,exclusion_reason,png_filename,n_files,missing_file_types,file_cropped
P301,202510170920,2510171012,2,7,80 Hz,80.0,CONTROL,LIGHT,True,,saveTime_2510171012__sessionTime_202510170920__participant_P301__trialN_2__trialT_7__fileType_cropped.png,1,,saveTime_2510171012__sessionTime_202510170920__participant_P301__trialN_2__trialT_7__fileType_cropped.png
P301,202510170920,2510171017,3,2,5 Hz,5.0,EXPERIMENTAL,LIGHT,True,,saveTime_2510171017__sessionTime_202510170920__participant_P301__trialN_3__trialT_2__fileType_cropped.png,1,,saveTime_2510171017__sessionTime_202510170920__participant_P301__trialN_3__trialT_2__fileType_cropped.png
P301,202510170920,2510171020,4,B09,,,VALIDATION,IMAGE,True,,saveTime_2510171020__sessionTime_202510170920__participant_P301__trialN_4__trialT_B09__fileType_cropped.png,1,,saveTime_2510171020__sessionTime_202510170920__participant_P301__trialN_4__trialT_B09__fileType_cropped.png
P301,202510170920,2510171023,5,2,5 Hz,5.0,EXPERIMENTAL,LIGHT,True,,saveTime_2510171023__sessionTime_202510170920__participant_P301__trialN_5__trialT_2__fileType_cropped.png,1,,saveTime_2510171023__sessionTime_202510170920__participant_P301__trialN_5__trialT_2__fileType_cropped.png
P301,202510170920,2510171038,6,C00,,,VALIDATION,IMAGE,True,,saveTime_2510171038__sessionTime_202510170920__participant_P301__trialN_6__trialT_C00__fileType_cropped.png,1,,saveTime_2510171038__sessionTime_202510170920__participant_P301__trialN_6__trialT_C00__fileType_cropped.png
P301,202510170920,2510171041,7,4,15 Hz,15.0,EXPERIMENTAL,LIGHT,True,,saveTime_2510171041__sessionTime_202510170920__participant_P301__trialN_7__trialT_4__fileType_cropped.png,1,,saveTime_2510171041__sessionTime_202510170920__participant_P301__trialN_7__trialT_4__fileType_cropped.png
P301,202510170920,2510171045,8,5,20 Hz,20.0,EXPERIMENTAL,LIGHT,True,,saveTime_2510171045__sessionTime_202510170920__participant_P301__trialN_8__trialT_5__fileType_cropped.png,1,,saveTime_2510171045__sessionTime_202510170920__participant_P301__trialN_8__trialT_5__fileType_cropped.png
P301,202510170920,2510171048,9,3,10 Hz,10.0,EXPERIMENTAL,LIGHT,True,,saveTime_2510171048__sessionTime_202510170920__participant_P301__trialN_9__trialT_3__fileType_cropped.png,1,,saveTime_2510171048__sessionTime_202510170920__participant_P301__trialN_9__trialT_3__fileType_cropped.png
P301,202510170920,2510171052,10,4,15 Hz,15.0,EXPERIMENTAL,LIGHT,True,,saveTime_2510171052__sessionTime_202510170920__participant_P301__trialN_10__trialT_4__fileType_cropped.png,1,,saveTime_2510171052__sessionTime_202510170920__participant_P301__trialN_10__trialT_4__fileType_cropped.png
P301,202510170920,2510171055,11,A10,,,VALIDATION,IMAGE,True,,saveTime_2510171055__sessionTime_202510170920__participant_P301__trialN_11__trialT_A10__fileType_cropped.png,1,,saveTime_2510171055__sessionTime_202510170920__participant_P301__trialN_11__trialT_A10__fileType_cropped.png
P301,202510170920,2510171105,12,5,20 Hz,20.0,EXPERIMENTAL,LIGHT,True,,saveTime_2510171105__sessionTime_202510170920__participant_P301__trialN_12__trialT_5__fileType_cropped.png,1,,saveTime_2510171105__sessionTime_202510170920__participant_P301__trialN_12__trialT_5__fileType_cropped.png
P301,202510170920,2510171108,13,6,40 Hz,40.0,EXPERIMENTAL,LIGHT,True,,saveTime_2510171108__sessionTime_202510170920__participant_P301__trialN_13__trialT_6__fileType_cropped.png,1,,saveTime_2510171108__sessionTime_202510170920__participant_P301__trialN_13__trialT_6__fileType_cropped.png
P301,202510170920,2510171112,14,6,40 Hz,40.0,EXPERIMENTAL,LIGHT,True,,saveTime_2510171112__sessionTime_202510170920__participant_P301__trialN_14__trialT_6__fileType_cropped.png,1,,saveTime_2510171112__sessionTime_202510170920__participant_P301__trialN_14__trialT_6__fileType_cropped.png
P301,202510170920,2510171116,15,3,10 Hz,10.0,EXPERIMENTAL,LIGHT,True,,saveTime_2510171116__sessionTime_202510170920__participant_P301__trialN_15__trialT_3__fileType_cropped.png,1,,saveTime_2510171116__sessionTime_202510170920__participant_P301__trialN_15__trialT_3__fileType_cropped.png
P301,202510170920,2510171119,16,1,2.5 Hz,2.5,EXPERIMENTAL,LIGHT,True,,saveTime_2510171119__sessionTime_202510170920__participant_P301__trialN_16__trialT_1__fileType_cropped.png,1,,saveTime_2510171119__sessionTime_202510170920__participant_P301__trialN_16__trialT_1__fileType_cropped.png
P301,202510170920,2510171122,17,1,2.5 Hz,2.5,EXPERIMENTAL,LIGHT,True,,saveTime_2510171122__sessionTime_202510170920__participant_P301__trialN_17__trialT_1__fileType_cropped.png,1,,saveTime_2510171122__sessionTime_202510170920__participant_P301__trialN_17__trialT_1__fileType_cropped.png
P302,202510170920,2510171013,2,7,80 Hz,80.0,CONTROL,LIGHT,True,,saveTime_2510171013__sessionTime_202510170920__participant_P302__trialN_2__trialT_7__fileType_cropped.png,1,,saveTime_2510171013__sessionTime_202510170920__participant_P302__trialN_2__trialT_7__fileType_cropped.png
P302,202510170920,2510171017,3,2,5 Hz,5.0,EXPERIMENTAL,LIGHT,True,,saveTime_2510171017__sessionTime_202510170920__participant_P302__trialN_3__trialT_2__fileType_cropped.png,1,,saveTime_2510171017__sessionTime_202510170920__participant_P302__trialN_3__trialT_2__fileType_cropped.png
P302,202510170920,2510171021,4,B09,,,VALIDATION,IMAGE,True,,saveTime_2510171021__sessionTime_202510170920__participant_P302__trialN_4__trialT_B09__fileType_cropped.png,1,,saveTime_2510171021__sessionTime_202510170920__participant_P302__trialN_4__trialT_B09__fileType_cropped.png
P302,202510170920,2510171024,5,2,5 Hz,5.0,EXPERIMENTAL,LIGHT,True,,saveTime_2510171024__sessionTime_202510170920__participant_P302__trialN_5__trialT_2__fileType_cropped.png,1,,saveTime_2510171024__sessionTime_202510170920__participant_P302__trialN_5__trialT_2__fileType_cropped.png
P302,202510170920,2510171038,6,C14,,,VALIDATION,IMAGE,True,,saveTime_2510171038__sessionTime_202510170920__participant_P302__trialN_6__trialT_C14__fileType_cropped.png,1,,saveTime_2510171038__sessionTime_202510170920__participant_P302__trialN_6__trialT_C14__fileType_cropped.png
P302,202510170920,2510171041,7,4,15 Hz,15.0,EXPERIMENTAL,LIGHT,True,,saveTime_2510171041__sessionTime_202510170920__participant_P302__trialN_7__trialT_4__fileType_cropped.png,1,,saveTime_2510171041__sessionTime_202510170920__participant_P302__trialN_7__trialT_4__fileType_cropped.png
P302,202510170920,2510171045,8,5,20 Hz,20.0,EXPERIMENTAL,LIGHT,True,,saveTime_2510171045__sessionTime_202510170920__participant_P302__trialN_8__trialT_5__fileType_cropped.png,1,,saveTime_2510171045__sessionTime_202510170920__participant_P302__trialN_8__trialT_5__fileType_cropped.png
P302,202510170920,2510171049,9,3,10 Hz,10.0,EXPERIMENTAL,LIGHT,True,,saveTime_2510171049__sessionTime_202510170920__participant_P302__trialN_9__trialT_3__fileType_cropped.png,1,,saveTime_2510171049__sessionTime_202510170920__participant_P302__trialN_9__trialT_3__fileType_cropped.png
P302,202510170920,2510171052,10,4,15 Hz,15.0,EXPERIMENTAL,LIGHT,True,,saveTime_2510171052__sessionTime_202510170920__participant_P302__trialN_10__trialT_4__fileType_cropped.png,1,,saveTime_2510171052__sessionTime_202510170920__participant_P302__trialN_10__trialT_4__fileType_cropped.png
P302,202510170920,2510171056,11,A11,,,VALIDATION,IMAGE,True,,saveTime_2510171056__sessionTime_202510170920__participant_P302__trialN_11__trialT_A11__fileType_cropped.png,1,,saveTime_2510171056__sessionTime_202510170920__participant_P302__trialN_11__trialT_A11__fileType_cropped.png
P302,202510170920,2510171106,12,5,20 Hz,20.0,EXPERIMENTAL,LIGHT,True,,saveTime_2510171106__sessionTime_202510170920__participant_P302__trialN_12__trialT_5__fileType_cropped.png,1,,saveTime_2510171106__sessionTime_202510170920__participant_P302__trialN_12__trialT_5__fileType_cropped.png
P302,202510170920,2510171109,13,6,40 Hz,40.0,EXPERIMENTAL,LIGHT,True,,saveTime_2510171109__sessionTime_202510170920__participant_P302__trialN_13__trialT_6__fileType_cropped.png,1,,saveTime_2510171109__sessionTime_202510170920__participant_P302__trialN_13__trialT_6__fileType_cropped.png
P302,202510170920,2510171112,14,6,40 Hz,40.0,EXPERIMENTAL,LIGHT,True,,saveTime_2510171112__sessionTime_202510170920__participant_P302__trialN_14__trialT_6__fileType_cropped.png,1,,saveTime_2510171112__sessionTime_202510170920__participant_P302__trialN_14__trialT_6__fileType_cropped.png
P302,202510170920,2510171116,15,3,10 Hz,10.0,EXPERIMENTAL,LIGHT,True,,saveTime_2510171116__sessionTime_202510170920__participant_P302__trialN_15__trialT_3__fileType_cropped.png,1,,saveTime_2510171116__sessionTime_202510170920__participant_P302__trialN_15__trialT_3__fileType_cropped.png
P302,202510170920,2510171120,16,1,2.5 Hz,2.5,EXPERIMENTAL,LIGHT,True,,saveTime_2510171120__sessionTime_202510170920__participant_P302__trialN_16__trialT_1__fileType_cropped.png,1,,saveTime_2510171120__sessionTime_202510170920__participant_P302__trialN_16__trialT_1__fileType_cropped.png
P302,202510170920,2510171124,17,1,2.5 Hz,2.5,EXPERIMENTAL,LIGHT,True,,saveTime_2510171124__sessionTime_202510170920__participant_P302__trialN_17__trialT_1__fileType_cropped.png,1,,saveTime_2510171124__sessionTime_202510170920__participant_P302__trialN_17__trialT_1__fileType_cropped.png
P303,202510170920,2510171013,2,7,80 Hz,80.0,CONTROL,LIGHT,True,,saveTime_2510171013__sessionTime_202510170920__participant_P303__trialN_2__trialT_7__fileType_cropped.png,1,,saveTime_2510171013__sessionTime_202510170920__participant_P303__trialN_2__trialT_7__fileType_cropped.png
P303,202510170920,2510171017,3,2,5 Hz,5.0,EXPERIMENTAL,LIGHT,True,,saveTime_2510171017__sessionTime_202510170920__participant_P303__trialN_3__trialT_2__fileType_cropped.png,1,,saveTime_2510171017__sessionTime_202510170920__participant_P303__trialN_3__trialT_2__fileType_cropped.png
P303,202510170920,2510171020,4,B10,,,VALIDATION,IMAGE,True,,saveTime_2510171020__sessionTime_202510170920__participant_P303__trialN_4__trialT_B10__fileType_cropped.png,1,,saveTime_2510171020__sessionTime_202510170920__participant_P303__trialN_4__trialT_B10__fileType_cropped.png
P303,202510170920,2510171025,5,2,5 Hz,5.0,EXPERIMENTAL,LIGHT,True,,saveTime_2510171025__sessionTime_202510170920__participant_P303__trialN_5__trialT_2__fileType_cropped.png,1,,saveTime_2510171025__sessionTime_202510170920__participant_P303__trialN_5__trialT_2__fileType_cropped.png
P303,202510170920,2510171038,6,C04,,,VALIDATION,IMAGE,True,,saveTime_2510171038__sessionTime_202510170920__participant_P303__trialN_6__trialT_C04__fileType_cropped.png,1,,saveTime_2510171038__sessionTime_202510170920__participant_P303__trialN_6__trialT_C04__fileType_cropped.png
P303,202510170920,2510171042,7,4,15 Hz,15.0,EXPERIMENTAL,LIGHT,True,,saveTime_2510171042__sessionTime_202510170920__participant_P303__trialN_7__trialT_4__fileType_cropped.png,1,,saveTime_2510171042__sessionTime_202510170920__participant_P303__trialN_7__trialT_4__fileType_cropped.png
P303,202510170920,2510171046,8,5,20 Hz,20.0,EXPERIMENTAL,LIGHT,True,,saveTime_2510171046__sessionTime_202510170920__participant_P303__trialN_8__trialT_5__fileType_cropped.png,1,,saveTime_2510171046__sessionTime_202510170920__participant_P303__trialN_8__trialT_5__fileType_cropped.png
P303,202510170920,2510171049,9,3,10 Hz,10.0,EXPERIMENTAL,LIGHT,True,,saveTime_2510171049__sessionTime_202510170920__participant_P303__trialN_9__trialT_3__fileType_cropped.png,1,,saveTime_2510171049__sessionTime_202510170920__participant_P303__trialN_9__trialT_3__fileType_cropped.png
P303,202510170920,2510171052,10,4,15 Hz,15.0,EXPERIMENTAL,LIGHT,True,,saveTime_2510171052__sessionTime_202510170920__participant_P303__trialN_10__trialT_4__fileType_cropped.png,1,,saveTime_2510171052__sessionTime_202510170920__participant_P303__trialN_10__trialT_4__fileType_cropped.png
P303,202510170920,2510171056,11,A09,,,VALIDATION,IMAGE,True,,saveTime_2510171056__sessionTime_202510170920__participant_P303__trialN_11__trialT_A09__fileType_cropped.png,1,,saveTime_2510171056__sessionTime_202510170920__participant_P303__trialN_11__trialT_A09__fileType_cropped.png
P303,202510170920,2510171106,12,5,20 Hz,20.0,EXPERIMENTAL,LIGHT,True,,saveTime_2510171106__sessionTime_202510170920__participant_P303__trialN_12__trialT_5__fileType_cropped.png,1,,saveTime_2510171106__sessionTime_202510170920__participant_P303__trialN_12__trialT_5__fileType_cropped.png
P303,202510170920,2510171109,13,6,40 Hz,40.0,EXPERIMENTAL,LIGHT,True,,saveTime_2510171109__sessionTime_202510170920__participant_P303__trialN_13__trialT_6__fileType_cropped.png,1,,saveTime_2510171109__sessionTime_202510170920__participant_P303__trialN_13__trialT_6__fileType_cropped.png
P303,202510170920,2510171112,14,6,40 Hz,40.0,EXPERIMENTAL,LIGHT,True,,saveTime_2510171112__sessionTime_202510170920__participant_P303__trialN_14__trialT_6__fileType_cropped.png,1,,saveTime_2510171112__sessionTime_202510170920__participant_P303__trialN_14__trialT_6__fileType_cropped.png
P303,202510170920,2510171116,15,3,10 Hz,10.0,EXPERIMENTAL,LIGHT,True,,saveTime_2510171116__sessionTime_202510170920__participant_P303__trialN_15__trialT_3__fileType_cropped.png,1,,saveTime_2510171116__sessionTime_202510170920__participant_P303__trialN_15__trialT_3__fileType_cropped.png
P303,202510170920,2510171120,16,1,2.5 Hz,2.5,EXPERIMENTAL,LIGHT,True,,saveTime_2510171120__sessionTime_202510170920__participant_P303__trialN_16__trialT_1__fileType_cropped.png,1,,saveTime_2510171120__sessionTime_202510170920__participant_P303__trialN_16__trialT_1__fileType_cropped.png
P303,202510170920,2510171124,17,1,2.5 Hz,2.5,EXPERIMENTAL,LIGHT,True,,saveTime_2510171124__sessionTime_202510170920__participant_P303__trialN_17__trialT_1__fileType_cropped.png,1,,saveTime_2510171124__sessionTime_202510170920__participant_P303__trialN_17__trialT_1__fileType_cropped.png
P304,202510170920,2510171013,2,7,80 Hz,80.0,CONTROL,LIGHT,True,,saveTime_2510171013__sessionTime_202510170920__participant_P304__trialN_2__trialT_7__fileType_cropped.png,1,,saveTime_2510171013__sessionTime_202510170920__participant_P304__trialN_2__trialT_7__fileType_cropped.png
P304,202510170920,2510171017,3,2,5 Hz,5.0,EXPERIMENTAL,LIGHT,True,,saveTime_2510171017__sessionTime_202510170920__participant_P304__trialN_3__trialT_2__fileType_cropped.png,1,,saveTime_2510171017__sessionTime_202510170920__participant_P304__trialN_3__trialT_2__fileType_cropped.png
P304,202510170920,2510171021,4,B05,,,VALIDATION,IMAGE,True,,saveTime_2510171021__sessionTime_202510170920__participant_P304__trialN_4__trialT_B05__fileType_cropped.png,1,,saveTime_2510171021__sessionTime_202510170920__participant_P304__trialN_4__trialT_B05__fileType_cropped.png
P304,202510170920,2510171024,5,2,5 Hz,5.0,EXPERIMENTAL,LIGHT,True,,saveTime_2510171024__sessionTime_202510170920__participant_P304__trialN_5__trialT_2__fileType_cropped.png,1,,saveTime_2510171024__sessionTime_202510170920__participant_P304__trialN_5__trialT_2__fileType_cropped.png
P304,202510170920,2510171037,6,C09,,,VALIDATION,IMAGE,True,,saveTime_2510171037__sessionTime_202510170920__participant_P304__trialN_6__trialT_C09__fileType_cropped.png,1,,saveTime_2510171037__sessionTime_202510170920__participant_P304__trialN_6__trialT_C09__fileType_cropped.png
P304,202510170920,2510171041,7,4,15 Hz,15.0,EXPERIMENTAL,LIGHT,True,,saveTime_2510171041__sessionTime_202510170920__participant_P304__trialN_7__trialT_4__fileType_cropped.png,1,,saveTime_2510171041__sessionTime_202510170920__participant_P304__trialN_7__trialT_4__fileType_cropped.png
P304,202510170920,2510171045,8,5,20 Hz,20.0,EXPERIMENTAL,LIGHT,True,,saveTime_2510171045__sessionTime_202510170920__participant_P304__trialN_8__trialT_5__fileType_cropped.png,1,,saveTime_2510171045__sessionTime_202510170920__participant_P304__trialN_8__trialT_5__fileType_cropped.png
P304,202510170920,2510171049,9,3,10 Hz,10.0,EXPERIMENTAL,LIGHT,True,,saveTime_2510171049__sessionTime_202510170920__participant_P304__trialN_9__trialT_3__fileType_cropped.png,1,,saveTime_2510171049__sessionTime_202510170920__participant_P304__trialN_9__trialT_3__fileType_cropped.png
P304,202510170920,2510171052,10,4,15 Hz,15.0,EXPERIMENTAL,LIGHT,True,,saveTime_2510171052__sessionTime_202510170920__participant_P304__trialN_10__trialT_4__fileType_cropped.png,1,,saveTime_2510171052__sessionTime_202510170920__participant_P304__trialN_10__trialT_4__fileType_cropped.png
P304,202510170920,2510171056,11,A12,,,VALIDATION,IMAGE,True,,saveTime_2510171056__sessionTime_202510170920__participant_P304__trialN_11__trialT_A12__fileType_cropped.png,1,,saveTime_2510171056__sessionTime_202510170920__participant_P304__trialN_11__trialT_A12__fileType_cropped.png
P304,202510170920,2510171106,12,5,20 Hz,20.0,EXPERIMENTAL,LIGHT,True,,saveTime_2510171106__sessionTime_202510170920__participant_P304__trialN_12__trialT_5__fileType_cropped.png,1,,saveTime_2510171106__sessionTime_202510170920__participant_P304__trialN_12__trialT_5__fileType_cropped.png
P304,202510170920,2510171109,13,6,40 Hz,40.0,EXPERIMENTAL,LIGHT,True,,saveTime_2510171109__sessionTime_202510170920__participant_P304__trialN_13__trialT_6__fileType_cropped.png,1,,saveTime_2510171109__sessionTime_202510170920__participant_P304__trialN_13__trialT_6__fileType_cropped.png
P304,202510170920,2510171112,14,6,40 Hz,40.0,EXPERIMENTAL,LIGHT,True,,saveTime_2510171112__sessionTime_202510170920__participant_P304__trialN_14__trialT_6__fileType_cropped.png,1,,saveTime_2510171112__sessionTime_202510170920__participant_P304__trialN_14__trialT_6__fileType_cropped.png
P304,202510170920,2510171116,15,3,10 Hz,10.0,EXPERIMENTAL,LIGHT,True,,saveTime_2510171116__sessionTime_202510170920__participant_P304__trialN_15__trialT_3__fileType_cropped.png,1,,saveTime_2510171116__sessionTime_202510170920__participant_P304__trialN_15__trialT_3__fileType_cropped.png
P304,202510170920,2510171120,16,1,2.5 Hz,2.5,EXPERIMENTAL,LIGHT,True,,saveTime_2510171120__sessionTime_202510170920__participant_P304__trialN_16__trialT_1__fileType_cropped.png,1,,saveTime_2510171120__sessionTime_202510170920__participant_P304__trialN_16__trialT_1__fileType_cropped.png
P304,202510170920,2510171124,17,1,2.5 Hz,2.5,EXPERIMENTAL,LIGHT,True,,saveTime_2510171124__sessionTime_202510170920__participant_P304__trialN_17__trialT_1__fileType_cropped.png,1,,saveTime_2510171124__sessionTime_202510170920__participant_P304__trialN_17__trialT_1__fileType_cropped.png
P305,202510170920,2510171013,2,7,80 Hz,80.0,CONTROL,LIGHT,True,,saveTime_2510171013__sessionTime_202510170920__participant_P305__trialN_2__trialT_7__fileType_cropped.png,1,,saveTime_2510171013__sessionTime_202510170920__participant_P305__trialN_2__trialT_7__fileType_cropped.png
P305,202510170920,2510171017,3,2,5 Hz,5.0,EXPERIMENTAL,LIGHT,True,,saveTime_2510171017__sessionTime_202510170920__participant_P305__trialN_3__trialT_2__fileType_cropped.png,1,,saveTime_2510171017__sessionTime_202510170920__participant_P305__trialN_3__trialT_2__fileType_cropped.png
P305,202510170920,2510171020,4,B12,,,VALIDATION,IMAGE,True,,saveTime_2510171020__sessionTime_202510170920__participant_P305__trialN_4__trialT_B12__fileType_cropped.png,1,,saveTime_2510171020__sessionTime_202510170920__participant_P305__trialN_4__trialT_B12__fileType_cropped.png
P305,202510170920,2510171024,5,2,5 Hz,5.0,EXPERIMENTAL,LIGHT,True,,saveTime_2510171024__sessionTime_202510170920__participant_P305__trialN_5__trialT_2__fileType_cropped.png,1,,saveTime_2510171024__sessionTime_202510170920__participant_P305__trialN_5__trialT_2__fileType_cropped.png
P305,202510170920,2510171038,6,C05,,,VALIDATION,IMAGE,True,,saveTime_2510171038__sessionTime_202510170920__participant_P305__trialN_6__trialT_C05__fileType_cropped.png,1,,saveTime_2510171038__sessionTime_202510170920__participant_P305__trialN_6__trialT_C05__fileType_cropped.png
P305,202510170920,2510171041,7,4,15 Hz,15.0,EXPERIMENTAL,LIGHT,True,,saveTime_2510171041__sessionTime_202510170920__participant_P305__trialN_7__trialT_4__fileType_cropped.png,1,,saveTime_2510171041__sessionTime_202510170920__participant_P305__trialN_7__trialT_4__fileType_cropped.png
P305,202510170920,2510171045,8,5,20 Hz,20.0,EXPERIMENTAL,LIGHT,True,,saveTime_2510171045__sessionTime_202510170920__participant_P305__trialN_8__trialT_5__fileType_cropped.png,1,,saveTime_2510171045__sessionTime_202510170920__participant_P305__trialN_8__trialT_5__fileType_cropped.png
P305,202510170920,2510171049,9,3,10 Hz,10.0,EXPERIMENTAL,LIGHT,True,,saveTime_2510171049__sessionTime_202510170920__participant_P305__trialN_9__trialT_3__fileType_cropped.png,1,,saveTime_2510171049__sessionTime_202510170920__participant_P305__trialN_9__trialT_3__fileType_cropped.png
P305,202510170920,2510171053,10,4,15 Hz,15.0,EXPERIMENTAL,LIGHT,True,,saveTime_2510171053__sessionTime_202510170920__participant_P305__trialN_10__trialT_4__fileType_cropped.png,1,,saveTime_2510171053__sessionTime_202510170920__participant_P305__trialN_10__trialT_4__fileType_cropped.png
P305,202510170920,2510171056,11,A04,,,VALIDATION,IMAGE,True,,saveTime_2510171056__sessionTime_202510170920__participant_P305__trialN_11__trialT_A04__fileType_cropped.png,1,,saveTime_2510171056__sessionTime_202510170920__participant_P305__trialN_11__trialT_A04__fileType_cropped.png
P305,202510170920,2510171106,12,5,20 Hz,20.0,EXPERIMENTAL,LIGHT,True,,saveTime_2510171106__sessionTime_202510170920__participant_P305__trialN_12__trialT_5__fileType_cropped.png,1,,saveTime_2510171106__sessionTime_202510170920__participant_P305__trialN_12__trialT_5__fileType_cropped.png
P305,202510170920,2510171109,13,6,40 Hz,40.0,EXPERIMENTAL,LIGHT,True,,saveTime_2510171109__sessionTime_202510170920__participant_P305__trialN_13__trialT_6__fileType_cropped.png,1,,saveTime_2510171109__sessionTime_202510170920__participant_P305__trialN_13__trialT_6__fileType_cropped.png
P305,202510170920,2510171113,14,6,40 Hz,40.0,EXPERIMENTAL,LIGHT,True,,saveTime_2510171113__sessionTime_202510170920__participant_P305__trialN_14__trialT_6__fileType_cropped.png,1,,saveTime_2510171113__sessionTime_202510170920__participant_P305__trialN_14__trialT_6__fileType_cropped.png
P305,202510170920,2510171116,15,3,10 Hz,10.0,EXPERIMENTAL,LIGHT,True,,saveTime_2510171116__sessionTime_202510170920__participant_P305__trialN_15__trialT_3__fileType_cropped.png,1,,saveTime_2510171116__sessionTime_202510170920__participant_P305__trialN_15__trialT_3__fileType_cropped.png
P305,202510170920,2510171120,16,1,2.5 Hz,2.5,EXPERIMENTAL,LIGHT,True,,saveTime_2510171120__sessionTime_202510170920__participant_P305__trialN_16__trialT_1__fileType_cropped.png,1,,saveTime_2510171120__sessionTime_202510170920__participant_P305__trialN_16__trialT_1__fileType_cropped.png
P305,202510170920,2510171124,17,1,2.5 Hz,2.5,EXPERIMENTAL,LIGHT,True,,saveTime_2510171124__sessionTime_202510170920__participant_P305__trialN_17__trialT_1__fileType_cropped.png,1,,saveTime_2510171124__sessionTime_202510170920__participant_P305__trialN_17__trialT_1__fileType_cropped.png
P306,202510171240,2510171332,2,2,5 Hz,5.0,EXPERIMENTAL,LIGHT,True,,saveTime_2510171332__sessionTime_202510171240__participant_P306__trialN_2__trialT_2__fileType_cropped.png,1,,saveTime_2510171332__sessionTime_202510171240__participant_P306__trialN_2__trialT_2__fileType_cropped.png
P306,202510171240,2510171336,3,5,20 Hz,20.0,EXPERIMENTAL,LIGHT,True,,saveTime_2510171336__sessionTime_202510171240__participant_P306__trialN_3__trialT_5__fileType_cropped.png,1,,saveTime_2510171336__sessionTime_202510171240__participant_P306__trialN_3__trialT_5__fileType_cropped.png
P306,202510171240,2510171355,5,5,20 Hz,20.0,EXPERIMENTAL,LIGHT,True,,saveTime_2510171355__sessionTime_202510171240__participant_P306__trialN_5__trialT_5__fileType_cropped.png,1,,saveTime_2510171355__sessionTime_202510171240__participant_P306__trialN_5__trialT_5__fileType_cropped.png
P306,202510171240,2510171403,7,4,15 Hz,15.0,EXPERIMENTAL,LIGHT,True,,saveTime_2510171403__sessionTime_202510171240__participant_P306__trialN_7__trialT_4__fileType_cropped.png,1,,saveTime_2510171403__sessionTime_202510171240__participant_P306__trialN_7__trialT_4__fileType_cropped.png
P306,202510171240,2510171408,8,6,40 Hz,40.0,EXPERIMENTAL,LIGHT,True,,saveTime_2510171408__sessionTime_202510171240__participant_P306__trialN_8__trialT_6__fileType_cropped.png,1,,saveTime_2510171408__sessionTime_202510171240__participant_P306__trialN_8__trialT_6__fileType_cropped.png
P306,202510171240,2510171412,9,1,2.5 Hz,2.5,EXPERIMENTAL,LIGHT,True,,saveTime_2510171412__sessionTime_202510171240__participant_P306__trialN_9__trialT_1__fileType_cropped.png,1,,saveTime_2510171412__sessionTime_202510171240__participant_P306__trialN_9__trialT_1__fileType_cropped.png
P306,202510171240,2510171416,10,6,40 Hz,40.0,EXPERIMENTAL,LIGHT,True,,saveTime_2510171416__sessionTime_202510171240__participant_P306__trialN_10__trialT_6__fileType_cropped.png,1,,saveTime_2510171416__sessionTime_202510171240__participant_P306__trialN_10__trialT_6__fileType_cropped.png
P306,202510171240,2510171420,11,A07,,,VALIDATION,IMAGE,True,,saveTime_2510171420__sessionTime_202510171240__participant_P306__trialN_11__trialT_A07__fileType_cropped.png,1,,saveTime_2510171420__sessionTime_202510171240__participant_P306__trialN_11__trialT_A07__fileType_cropped.png
P306,202510171240,2510171436,12,7,80 Hz,80.0,CONTROL,LIGHT,True,,saveTime_2510171436__sessionTime_202510171240__participant_P306__trialN_12__trialT_7__fileType_cropped.png,1,,saveTime_2510171436__sessionTime_202510171240__participant_P306__trialN_12__trialT_7__fileType_cropped.png
P306,202510171240,2510171440,13,C14,,,VALIDATION,IMAGE,True,,saveTime_2510171440__sessionTime_202510171240__participant_P306__trialN_13__trialT_C14__fileType_cropped.png,1,,saveTime_2510171440__sessionTime_202510171240__participant_P306__trialN_13__trialT_C14__fileType_cropped.png
P306,202510171240,2510171445,14,1,2.5 Hz,2.5,EXPERIMENTAL,LIGHT,True,,saveTime_2510171445__sessionTime_202510171240__participant_P306__trialN_14__trialT_1__fileType_cropped.png,1,,saveTime_2510171445__sessionTime_202510171240__participant_P306__trialN_14__trialT_1__fileType_cropped.png
P306,202510171240,2510171449,15,3,10 Hz,10.0,EXPERIMENTAL,LIGHT,True,,saveTime_2510171449__sessionTime_202510171240__participant_P306__trialN_15__trialT_3__fileType_cropped.png,1,,saveTime_2510171449__sessionTime_202510171240__participant_P306__trialN_15__trialT_3__fileType_cropped.png
P306,202510171240,2510171454,16,4,15 Hz,15.0,EXPERIMENTAL,LIGHT,True,,saveTime_2510171454__sessionTime_202510171240__participant_P306__trialN_16__trialT_4__fileType_cropped.png,1,,saveTime_2510171454__sessionTime_202510171240__participant_P306__trialN_16__trialT_4__fileType_cropped.png
P306,202510171240,2510171456,17,B04,,,VALIDATION,IMAGE,True,,saveTime_2510171456__sessionTime_202510171240__participant_P306__trialN_17__trialT_B04__fileType_cropped.png,1,,saveTime_2510171456__sessionTime_202510171240__participant_P306__trialN_17__trialT_B04__fileType_cropped.png
P306,202510171240,2512051119,101,2,5 Hz,5.0,EXPERIMENTAL,LIGHT,True,,saveTime_2512051119__sessionTime_202510171240__participant_P306__trialN_101__trialT_2__fileType_cropped.png,1,,saveTime_2512051119__sessionTime_202510171240__participant_P306__trialN_101__trialT_2__fileType_cropped.png
P306,202510171240,2512051123,102,3,10 Hz,10.0,EXPERIMENTAL,LIGHT,True,,saveTime_2512051123__sessionTime_202510171240__participant_P306__trialN_102__trialT_3__fileType_cropped.png,1,,saveTime_2512051123__sessionTime_202510171240__participant_P306__trialN_102__trialT_3__fileType_cropped.png
P307,202510171240,2510171332,2,2,5 Hz,5.0,EXPERIMENTAL,LIGHT,True,,saveTime_2510171332__sessionTime_202510171240__participant_P307__trialN_2__trialT_2__fileType_cropped.png,1,,saveTime_2510171332__sessionTime_202510171240__participant_P307__trialN_2__trialT_2__fileType_cropped.png
P307,202510171240,2510171336,3,5,20 Hz,20.0,EXPERIMENTAL,LIGHT,True,,saveTime_2510171336__sessionTime_202510171240__participant_P307__trialN_3__trialT_5__fileType_cropped.png,1,,saveTime_2510171336__sessionTime_202510171240__participant_P307__trialN_3__trialT_5__fileType_cropped.png
P307,202510171240,2510171340,4,3,10 Hz,10.0,EXPERIMENTAL,LIGHT,True,,saveTime_2510171340__sessionTime_202510171240__participant_P307__trialN_4__trialT_3__fileType_cropped.png,1,,saveTime_2510171340__sessionTime_202510171240__participant_P307__trialN_4__trialT_3__fileType_cropped.png
P307,202510171240,2510171356,5,5,20 Hz,20.0,EXPERIMENTAL,LIGHT,True,,saveTime_2510171356__sessionTime_202510171240__participant_P307__trialN_5__trialT_5__fileType_cropped.png,1,,saveTime_2510171356__sessionTime_202510171240__participant_P307__trialN_5__trialT_5__fileType_cropped.png
P307,202510171240,2510171359,6,2,5 Hz,5.0,EXPERIMENTAL,LIGHT,True,,saveTime_2510171359__sessionTime_202510171240__participant_P307__trialN_6__trialT_2__fileType_cropped.png,1,,saveTime_2510171359__sessionTime_202510171240__participant_P307__trialN_6__trialT_2__fileType_cropped.png
P307,202510171240,2510171404,7,4,15 Hz,15.0,EXPERIMENTAL,LIGHT,True,,saveTime_2510171404__sessionTime_202510171240__participant_P307__trialN_7__trialT_4__fileType_cropped.png,1,,saveTime_2510171404__sessionTime_202510171240__participant_P307__trialN_7__trialT_4__fileType_cropped.png
P307,202510171240,2510171408,8,6,40 Hz,40.0,EXPERIMENTAL,LIGHT,True,,saveTime_2510171408__sessionTime_202510171240__participant_P307__trialN_8__trialT_6__fileType_cropped.png,1,,saveTime_2510171408__sessionTime_202510171240__participant_P307__trialN_8__trialT_6__fileType_cropped.png
P307,202510171240,2510171412,9,1,2.5 Hz,2.5,EXPERIMENTAL,LIGHT,True,,saveTime_2510171412__sessionTime_202510171240__participant_P307__trialN_9__trialT_1__fileType_cropped.png,1,,saveTime_2510171412__sessionTime_202510171240__participant_P307__trialN_9__trialT_1__fileType_cropped.png
P307,202510171240,2510171415,10,6,40 Hz,40.0,EXPERIMENTAL,LIGHT,True,,saveTime_2510171415__sessionTime_202510171240__participant_P307__trialN_10__trialT_6__fileType_cropped.png,1,,saveTime_2510171415__sessionTime_202510171240__participant_P307__trialN_10__trialT_6__fileType_cropped.png
P307,202510171240,2510171420,11,A04,,,VALIDATION,IMAGE,True,,saveTime_2510171420__sessionTime_202510171240__participant_P307__trialN_11__trialT_A04__fileType_cropped.png,1,,saveTime_2510171420__sessionTime_202510171240__participant_P307__trialN_11__trialT_A04__fileType_cropped.png
P307,202510171240,2510171436,12,7,80 Hz,80.0,CONTROL,LIGHT,True,,saveTime_2510171436__sessionTime_202510171240__participant_P307__trialN_12__trialT_7__fileType_cropped.png,1,,saveTime_2510171436__sessionTime_202510171240__participant_P307__trialN_12__trialT_7__fileType_cropped.png
P307,202510171240,2510171441,13,C12,,,VALIDATION,IMAGE,True,,saveTime_2510171441__sessionTime_202510171240__participant_P307__trialN_13__trialT_C12__fileType_cropped.png,1,,saveTime_2510171441__sessionTime_202510171240__participant_P307__trialN_13__trialT_C12__fileType_cropped.png
P307,202510171240,2510171446,14,1,2.5 Hz,2.5,EXPERIMENTAL,LIGHT,True,,saveTime_2510171446__sessionTime_202510171240__participant_P307__trialN_14__trialT_1__fileType_cropped.png,1,,saveTime_2510171446__sessionTime_202510171240__participant_P307__trialN_14__trialT_1__fileType_cropped.png
P307,202510171240,2510171450,15,3,10 Hz,10.0,EXPERIMENTAL,LIGHT,True,,saveTime_2510171450__sessionTime_202510171240__participant_P307__trialN_15__trialT_3__fileType_cropped.png,1,,saveTime_2510171450__sessionTime_202510171240__participant_P307__trialN_15__trialT_3__fileType_cropped.png
P307,202510171240,2510171453,16,4,15 Hz,15.0,EXPERIMENTAL,LIGHT,True,,saveTime_2510171453__sessionTime_202510171240__participant_P307__trialN_16__trialT_4__fileType_cropped.png,1,,saveTime_2510171453__sessionTime_202510171240__participant_P307__trialN_16__trialT_4__fileType_cropped.png
P307,202510171240,2510171457,17,B07,,,VALIDATION,IMAGE,True,,saveTime_2510171457__sessionTime_202510171240__participant_P307__trialN_17__trialT_B07__fileType_cropped.png,1,,saveTime_2510171457__sessionTime_202510171240__participant_P307__trialN_17__trialT_B07__fileType_cropped.png
P308,202510171240,2510171332,2,2,5 Hz,5.0,EXPERIMENTAL,LIGHT,True,,saveTime_2510171332__sessionTime_202510171240__participant_P308__trialN_2__trialT_2__fileType_cropped.png,1,,saveTime_2510171332__sessionTime_202510171240__participant_P308__trialN_2__trialT_2__fileType_cropped.png
P308,202510171240,2510171336,3,5,20 Hz,20.0,EXPERIMENTAL,LIGHT,True,,saveTime_2510171336__sessionTime_202510171240__participant_P308__trialN_3__trialT_5__fileType_cropped.png,1,,saveTime_2510171336__sessionTime_202510171240__participant_P308__trialN_3__trialT_5__fileType_cropped.png
P308,202510171240,2510171340,4,3,10 Hz,10.0,EXPERIMENTAL,LIGHT,True,,saveTime_2510171340__sessionTime_202510171240__participant_P308__trialN_4__trialT_3__fileType_cropped.png,1,,saveTime_2510171340__sessionTime_202510171240__participant_P308__trialN_4__trialT_3__fileType_cropped.png
P308,202510171240,2510171356,5,5,20 Hz,20.0,EXPERIMENTAL,LIGHT,True,,saveTime_2510171356__sessionTime_202510171240__participant_P308__trialN_5__trialT_5__fileType_cropped.png,1,,saveTime_2510171356__sessionTime_202510171240__participant_P308__trialN_5__trialT_5__fileType_cropped.png
P308,202510171240,2510171400,6,2,5 Hz,5.0,EXPERIMENTAL,LIGHT,True,,saveTime_2510171400__sessionTime_202510171240__participant_P308__trialN_6__trialT_2__fileType_cropped.png,1,,saveTime_2510171400__sessionTime_202510171240__participant_P308__trialN_6__trialT_2__fileType_cropped.png
P308,202510171240,2510171404,7,4,15 Hz,15.0,EXPERIMENTAL,LIGHT,True,,saveTime_2510171404__sessionTime_202510171240__participant_P308__trialN_7__trialT_4__fileType_cropped.png,1,,saveTime_2510171404__sessionTime_202510171240__participant_P308__trialN_7__trialT_4__fileType_cropped.png
P308,202510171240,2510171409,8,6,40 Hz,40.0,EXPERIMENTAL,LIGHT,True,,saveTime_2510171409__sessionTime_202510171240__participant_P308__trialN_8__trialT_6__fileType_cropped.png,1,,saveTime_2510171409__sessionTime_202510171240__participant_P308__trialN_8__trialT_6__fileType_cropped.png
P308,202510171240,2510171413,9,1,2.5 Hz,2.5,EXPERIMENTAL,LIGHT,True,,saveTime_2510171413__sessionTime_202510171240__participant_P308__trialN_9__trialT_1__fileType_cropped.png,1,,saveTime_2510171413__sessionTime_202510171240__participant_P308__trialN_9__trialT_1__fileType_cropped.png
P308,202510171240,2510171416,10,6,40 Hz,40.0,EXPERIMENTAL,LIGHT,True,,saveTime_2510171416__sessionTime_202510171240__participant_P308__trialN_10__trialT_6__fileType_cropped.png,1,,saveTime_2510171416__sessionTime_202510171240__participant_P308__trialN_10__trialT_6__fileType_cropped.png
P308,202510171240,2510171421,11,A05,,,VALIDATION,IMAGE,True,,saveTime_2510171421__sessionTime_202510171240__participant_P308__trialN_11__trialT_A05__fileType_cropped.png,1,,saveTime_2510171421__sessionTime_202510171240__participant_P308__trialN_11__trialT_A05__fileType_cropped.png
P308,202510171240,2510171437,12,7,80 Hz,80.0,CONTROL,LIGHT,True,,saveTime_2510171437__sessionTime_202510171240__participant_P308__trialN_12__trialT_7__fileType_cropped.png,1,,saveTime_2510171437__sessionTime_202510171240__participant_P308__trialN_12__trialT_7__fileType_cropped.png
P308,202510171240,2510171441,13,C09,,,VALIDATION,IMAGE,True,,saveTime_2510171441__sessionTime_202510171240__participant_P308__trialN_13__trialT_C09__fileType_cropped.png,1,,saveTime_2510171441__sessionTime_202510171240__participant_P308__trialN_13__trialT_C09__fileType_cropped.png
P308,202510171240,2510171446,14,1,2.5 Hz,2.5,EXPERIMENTAL,LIGHT,True,,saveTime_2510171446__sessionTime_202510171240__participant_P308__trialN_14__trialT_1__fileType_cropped.png,1,,saveTime_2510171446__sessionTime_202510171240__participant_P308__trialN_14__trialT_1__fileType_cropped.png
P308,202510171240,2510171450,15,3,10 Hz,10.0,EXPERIMENTAL,LIGHT,True,,saveTime_2510171450__sessionTime_202510171240__participant_P308__trialN_15__trialT_3__fileType_cropped.png,1,,saveTime_2510171450__sessionTime_202510171240__participant_P308__trialN_15__trialT_3__fileType_cropped.png
P308,202510171240,2510171454,16,4,15 Hz,15.0,EXPERIMENTAL,LIGHT,True,,saveTime_2510171454__sessionTime_202510171240__participant_P308__trialN_16__trialT_4__fileType_cropped.png,1,,saveTime_2510171454__sessionTime_202510171240__participant_P308__trialN_16__trialT_4__fileType_cropped.png
P308,202510171240,2510171457,17,B02,,,VALIDATION,IMAGE,True,,saveTime_2510171457__sessionTime_202510171240__participant_P308__trialN_17__trialT_B02__fileType_cropped.png,1,,saveTime_2510171457__sessionTime_202510171240__participant_P308__trialN_17__trialT_B02__fileType_cropped.png
P309,202510171240,2510171332,2,2,5 Hz,5.0,EXPERIMENTAL,LIGHT,True,,saveTime_2510171332__sessionTime_202510171240__participant_P309__trialN_2__trialT_2__fileType_cropped.png,1,,saveTime_2510171332__sessionTime_202510171240__participant_P309__trialN_2__trialT_2__fileType_cropped.png
P309,202510171240,2510171336,3,5,20 Hz,20.0,EXPERIMENTAL,LIGHT,True,,saveTime_2510171336__sessionTime_202510171240__participant_P309__trialN_3__trialT_5__fileType_cropped.png,1,,saveTime_2510171336__sessionTime_202510171240__participant_P309__trialN_3__trialT_5__fileType_cropped.png
P309,202510171240,2510171340,4,3,10 Hz,10.0,EXPERIMENTAL,LIGHT,True,,saveTime_2510171340__sessionTime_202510171240__participant_P309__trialN_4__trialT_3__fileType_cropped.png,1,,saveTime_2510171340__sessionTime_202510171240__participant_P309__trialN_4__trialT_3__fileType_cropped.png
P309,202510171240,2510171356,5,5,20 Hz,20.0,EXPERIMENTAL,LIGHT,True,,saveTime_2510171356__sessionTime_202510171240__participant_P309__trialN_5__trialT_5__fileType_cropped.png,1,,saveTime_2510171356__sessionTime_202510171240__participant_P309__trialN_5__trialT_5__fileType_cropped.png
P309,202510171240,2510171359,6,2,5 Hz,5.0,EXPERIMENTAL,LIGHT,True,,saveTime_2510171359__sessionTime_202510171240__participant_P309__trialN_6__trialT_2__fileType_cropped.png,1,,saveTime_2510171359__sessionTime_202510171240__participant_P309__trialN_6__trialT_2__fileType_cropped.png
P309,202510171240,2510171404,7,4,15 Hz,15.0,EXPERIMENTAL,LIGHT,True,,saveTime_2510171404__sessionTime_202510171240__participant_P309__trialN_7__trialT_4__fileType_cropped.png,1,,saveTime_2510171404__sessionTime_202510171240__participant_P309__trialN_7__trialT_4__fileType_cropped.png
P309,202510171240,2510171409,8,6,40 Hz,40.0,EXPERIMENTAL,LIGHT,True,,saveTime_2510171409__sessionTime_202510171240__participant_P309__trialN_8__trialT_6__fileType_cropped.png,1,,saveTime_2510171409__sessionTime_202510171240__participant_P309__trialN_8__trialT_6__fileType_cropped.png
P309,202510171240,2510171412,9,1,2.5 Hz,2.5,EXPERIMENTAL,LIGHT,True,,saveTime_2510171412__sessionTime_202510171240__participant_P309__trialN_9__trialT_1__fileType_cropped.png,1,,saveTime_2510171412__sessionTime_202510171240__participant_P309__trialN_9__trialT_1__fileType_cropped.png
P309,202510171240,2510171416,10,6,40 Hz,40.0,EXPERIMENTAL,LIGHT,True,,saveTime_2510171416__sessionTime_202510171240__participant_P309__trialN_10__trialT_6__fileType_cropped.png,1,,saveTime_2510171416__sessionTime_202510171240__participant_P309__trialN_10__trialT_6__fileType_cropped.png
P309,202510171240,2510171420,11,A01,,,VALIDATION,IMAGE,True,,saveTime_2510171420__sessionTime_202510171240__participant_P309__trialN_11__trialT_A01__fileType_cropped.png,1,,saveTime_2510171420__sessionTime_202510171240__participant_P309__trialN_11__trialT_A01__fileType_cropped.png
P309,202510171240,2510171444,13,C09,,,VALIDATION,IMAGE,True,,saveTime_2510171444__sessionTime_202510171240__participant_P309__trialN_13__trialT_C09__fileType_cropped.png,1,,saveTime_2510171444__sessionTime_202510171240__participant_P309__trialN_13__trialT_C09__fileType_cropped.png
P309,202510171240,2510171449,14,1,2.5 Hz,2.5,EXPERIMENTAL,LIGHT,True,,saveTime_2510171449__sessionTime_202510171240__participant_P309__trialN_14__trialT_1__fileType_cropped.png,1,,saveTime_2510171449__sessionTime_202510171240__participant_P309__trialN_14__trialT_1__fileType_cropped.png
P309,202510171240,2510171453,15,3,10 Hz,10.0,EXPERIMENTAL,LIGHT,True,,saveTime_2510171453__sessionTime_202510171240__participant_P309__trialN_15__trialT_3__fileType_cropped.png,1,,saveTime_2510171453__sessionTime_202510171240__participant_P309__trialN_15__trialT_3__fileType_cropped.png
P310,202510171240,2510171332,2,2,5 Hz,5.0,EXPERIMENTAL,LIGHT,True,,saveTime_2510171332__sessionTime_202510171240__participant_P310__trialN_2__trialT_2__fileType_cropped.png,1,,saveTime_2510171332__sessionTime_202510171240__participant_P310__trialN_2__trialT_2__fileType_cropped.png
P310,202510171240,2510171336,3,5,20 Hz,20.0,EXPERIMENTAL,LIGHT,True,,saveTime_2510171336__sessionTime_202510171240__participant_P310__trialN_3__trialT_5__fileType_cropped.png,1,,saveTime_2510171336__sessionTime_202510171240__participant_P310__trialN_3__trialT_5__fileType_cropped.png
P310,202510171240,2510171339,4,3,10 Hz,10.0,EXPERIMENTAL,LIGHT,True,,saveTime_2510171339__sessionTime_202510171240__participant_P310__trialN_4__trialT_3__fileType_cropped.png,1,,saveTime_2510171339__sessionTime_202510171240__participant_P310__trialN_4__trialT_3__fileType_cropped.png
P310,202510171240,2510171355,5,5,20 Hz,20.0,EXPERIMENTAL,LIGHT,True,,saveTime_2510171355__sessionTime_202510171240__participant_P310__trialN_5__trialT_5__fileType_cropped.png,1,,saveTime_2510171355__sessionTime_202510171240__participant_P310__trialN_5__trialT_5__fileType_cropped.png
P310,202510171240,2510171359,6,2,5 Hz,5.0,EXPERIMENTAL,LIGHT,True,,saveTime_2510171359__sessionTime_202510171240__participant_P310__trialN_6__trialT_2__fileType_cropped.png,1,,saveTime_2510171359__sessionTime_202510171240__participant_P310__trialN_6__trialT_2__fileType_cropped.png
P310,202510171240,2510171403,7,4,15 Hz,15.0,EXPERIMENTAL,LIGHT,True,,saveTime_2510171403__sessionTime_202510171240__participant_P310__trialN_7__trialT_4__fileType_cropped.png,1,,saveTime_2510171403__sessionTime_202510171240__participant_P310__trialN_7__trialT_4__fileType_cropped.png
P310,202510171240,2510171408,8,6,40 Hz,40.0,EXPERIMENTAL,LIGHT,True,,saveTime_2510171408__sessionTime_202510171240__participant_P310__trialN_8__trialT_6__fileType_cropped.png,1,,saveTime_2510171408__sessionTime_202510171240__participant_P310__trialN_8__trialT_6__fileType_cropped.png
P310,202510171240,2510171412,9,1,2.5 Hz,2.5,EXPERIMENTAL,LIGHT,True,,saveTime_2510171412__sessionTime_202510171240__participant_P310__trialN_9__trialT_1__fileType_cropped.png,1,,saveTime_2510171412__sessionTime_202510171240__participant_P310__trialN_9__trialT_1__fileType_cropped.png
P310,202510171240,2510171417,10,6,40 Hz,40.0,EXPERIMENTAL,LIGHT,True,,saveTime_2510171417__sessionTime_202510171240__participant_P310__trialN_10__trialT_6__fileType_cropped.png,1,,saveTime_2510171417__sessionTime_202510171240__participant_P310__trialN_10__trialT_6__fileType_cropped.png
P310,202510171240,2510171419,11,A03,,,VALIDATION,IMAGE,True,,saveTime_2510171419__sessionTime_202510171240__participant_P310__trialN_11__trialT_A03__fileType_cropped.png,1,,saveTime_2510171419__sessionTime_202510171240__participant_P310__trialN_11__trialT_A03__fileType_cropped.png
P310,202510171240,2510171436,12,7,80 Hz,80.0,CONTROL,LIGHT,True,,saveTime_2510171436__sessionTime_202510171240__participant_P310__trialN_12__trialT_7__fileType_cropped.png,1,,saveTime_2510171436__sessionTime_202510171240__participant_P310__trialN_12__trialT_7__fileType_cropped.png
P310,202510171240,2510171441,13,C08,,,VALIDATION,IMAGE,True,,saveTime_2510171441__sessionTime_202510171240__participant_P310__trialN_13__trialT_C08__fileType_cropped.png,1,,saveTime_2510171441__sessionTime_202510171240__participant_P310__trialN_13__trialT_C08__fileType_cropped.png
P310,202510171240,2510171445,14,1,2.5 Hz,2.5,EXPERIMENTAL,LIGHT,True,,saveTime_2510171445__sessionTime_202510171240__participant_P310__trialN_14__trialT_1__fileType_cropped.png,1,,saveTime_2510171445__sessionTime_202510171240__participant_P310__trialN_14__trialT_1__fileType_cropped.png
P310,202510171240,2510171450,15,3,10 Hz,10.0,EXPERIMENTAL,LIGHT,True,,saveTime_2510171450__sessionTime_202510171240__participant_P310__trialN_15__trialT_3__fileType_cropped.png,1,,saveTime_2510171450__sessionTime_202510171240__participant_P310__trialN_15__trialT_3__fileType_cropped.png
P310,202510171240,2510171453,16,4,15 Hz,15.0,EXPERIMENTAL,LIGHT,True,,saveTime_2510171453__sessionTime_202510171240__participant_P310__trialN_16__trialT_4__fileType_cropped.png,1,,saveTime_2510171453__sessionTime_202510171240__participant_P310__trialN_16__trialT_4__fileType_cropped.png
P310,202510171240,2510171456,17,B14,,,VALIDATION,IMAGE,True,,saveTime_2510171456__sessionTime_202510171240__participant_P310__trialN_17__trialT_B14__fileType_cropped.png,1,,saveTime_2510171456__sessionTime_202510171240__participant_P310__trialN_17__trialT_B14__fileType_cropped.png
P311,202510171420,2510171518,2,5,20 Hz,20.0,EXPERIMENTAL,LIGHT,True,,saveTime_2510171518__sessionTime_202510171420__participant_P311__trialN_2__trialT_5__fileType_cropped.png,1,,saveTime_2510171518__sessionTime_202510171420__participant_P311__trialN_2__trialT_5__fileType_cropped.png
P311,202510171420,2510171522,3,1,2.5 Hz,2.5,EXPERIMENTAL,LIGHT,True,,saveTime_2510171522__sessionTime_202510171420__participant_P311__trialN_3__trialT_1__fileType_cropped.png,1,,saveTime_2510171522__sessionTime_202510171420__participant_P311__trialN_3__trialT_1__fileType_cropped.png
P311,202510171420,2510171525,4,4,15 Hz,15.0,EXPERIMENTAL,LIGHT,True,,saveTime_2510171525__sessionTime_202510171420__participant_P311__trialN_4__trialT_4__fileType_cropped.png,1,,saveTime_2510171525__sessionTime_202510171420__participant_P311__trialN_4__trialT_4__fileType_cropped.png
P311,202510171420,2510171530,5,C10,,,VALIDATION,IMAGE,True,,saveTime_2510171530__sessionTime_202510171420__participant_P311__trialN_5__trialT_C10__fileType_cropped.png,1,,saveTime_2510171530__sessionTime_202510171420__participant_P311__trialN_5__trialT_C10__fileType_cropped.png
P311,202510171420,2510171539,6,4,15 Hz,15.0,EXPERIMENTAL,LIGHT,True,,saveTime_2510171539__sessionTime_202510171420__participant_P311__trialN_6__trialT_4__fileType_cropped.png,1,,saveTime_2510171539__sessionTime_202510171420__participant_P311__trialN_6__trialT_4__fileType_cropped.png
P311,202510171420,2510171543,7,2,5 Hz,5.0,EXPERIMENTAL,LIGHT,True,,saveTime_2510171543__sessionTime_202510171420__participant_P311__trialN_7__trialT_2__fileType_cropped.png,1,,saveTime_2510171543__sessionTime_202510171420__participant_P311__trialN_7__trialT_2__fileType_cropped.png
P311,202510171420,2510171547,8,6,40 Hz,40.0,EXPERIMENTAL,LIGHT,True,,saveTime_2510171547__sessionTime_202510171420__participant_P311__trialN_8__trialT_6__fileType_cropped.png,1,,saveTime_2510171547__sessionTime_202510171420__participant_P311__trialN_8__trialT_6__fileType_cropped.png
P311,202510171420,2510171551,9,2,5 Hz,5.0,EXPERIMENTAL,LIGHT,True,,saveTime_2510171551__sessionTime_202510171420__participant_P311__trialN_9__trialT_2__fileType_cropped.png,1,,saveTime_2510171551__sessionTime_202510171420__participant_P311__trialN_9__trialT_2__fileType_cropped.png
P311,202510171420,2510171555,10,3,10 Hz,10.0,EXPERIMENTAL,LIGHT,True,,saveTime_2510171555__sessionTime_202510171420__participant_P311__trialN_10__trialT_3__fileType_cropped.png,1,,saveTime_2510171555__sessionTime_202510171420__participant_P311__trialN_10__trialT_3__fileType_cropped.png
P311,202510171420,2510171559,11,5,20 Hz,20.0,EXPERIMENTAL,LIGHT,True,,saveTime_2510171559__sessionTime_202510171420__participant_P311__trialN_11__trialT_5__fileType_cropped.png,1,,saveTime_2510171559__sessionTime_202510171420__participant_P311__trialN_11__trialT_5__fileType_cropped.png
P311,202510171420,2510171609,12,7,80 Hz,80.0,CONTROL,LIGHT,True,,saveTime_2510171609__sessionTime_202510171420__participant_P311__trialN_12__trialT_7__fileType_cropped.png,1,,saveTime_2510171609__sessionTime_202510171420__participant_P311__trialN_12__trialT_7__fileType_cropped.png
P311,202510171420,2510171612,13,A06,,,VALIDATION,IMAGE,True,,saveTime_2510171612__sessionTime_202510171420__participant_P311__trialN_13__trialT_A06__fileType_cropped.png,1,,saveTime_2510171612__sessionTime_202510171420__participant_P311__trialN_13__trialT_A06__fileType_cropped.png
P311,202510171420,2510171617,14,3,10 Hz,10.0,EXPERIMENTAL,LIGHT,True,,saveTime_2510171617__sessionTime_202510171420__participant_P311__trialN_14__trialT_3__fileType_cropped.png,1,,saveTime_2510171617__sessionTime_202510171420__participant_P311__trialN_14__trialT_3__fileType_cropped.png
P311,202510171420,2510171621,15,B00,,,VALIDATION,IMAGE,True,,saveTime_2510171621__sessionTime_202510171420__participant_P311__trialN_15__trialT_B00__fileType_cropped.png,1,,saveTime_2510171621__sessionTime_202510171420__participant_P311__trialN_15__trialT_B00__fileType_cropped.png
P311,202510171420,2510171624,16,1,2.5 Hz,2.5,EXPERIMENTAL,LIGHT,True,,saveTime_2510171624__sessionTime_202510171420__participant_P311__trialN_16__trialT_1__fileType_cropped.png,1,,saveTime_2510171624__sessionTime_202510171420__participant_P311__trialN_16__trialT_1__fileType_cropped.png
P311,202510171420,2510171628,17,6,40 Hz,40.0,EXPERIMENTAL,LIGHT,True,,saveTime_2510171628__sessionTime_202510171420__participant_P311__trialN_17__trialT_6__fileType_cropped.png,1,,saveTime_2510171628__sessionTime_202510171420__participant_P311__trialN_17__trialT_6__fileType_cropped.png
P312,202510171420,2510171518,2,5,20 Hz,20.0,EXPERIMENTAL,LIGHT,True,,saveTime_2510171518__sessionTime_202510171420__participant_P312__trialN_2__trialT_5__fileType_cropped.png,1,,saveTime_2510171518__sessionTime_202510171420__participant_P312__trialN_2__trialT_5__fileType_cropped.png
P312,202510171420,2510171522,3,1,2.5 Hz,2.5,EXPERIMENTAL,LIGHT,True,,saveTime_2510171522__sessionTime_202510171420__participant_P312__trialN_3__trialT_1__fileType_cropped.png,1,,saveTime_2510171522__sessionTime_202510171420__participant_P312__trialN_3__trialT_1__fileType_cropped.png
P312,202510171420,2510171526,4,4,15 Hz,15.0,EXPERIMENTAL,LIGHT,True,,saveTime_2510171526__sessionTime_202510171420__participant_P312__trialN_4__trialT_4__fileType_cropped.png,1,,saveTime_2510171526__sessionTime_202510171420__participant_P312__trialN_4__trialT_4__fileType_cropped.png
P312,202510171420,2510171530,5,C10,,,VALIDATION,IMAGE,True,,saveTime_2510171530__sessionTime_202510171420__participant_P312__trialN_5__trialT_C10__fileType_cropped.png,1,,saveTime_2510171530__sessionTime_202510171420__participant_P312__trialN_5__trialT_C10__fileType_cropped.png
P312,202510171420,2510171539,6,4,15 Hz,15.0,EXPERIMENTAL,LIGHT,True,,saveTime_2510171539__sessionTime_202510171420__participant_P312__trialN_6__trialT_4__fileType_cropped.png,1,,saveTime_2510171539__sessionTime_202510171420__participant_P312__trialN_6__trialT_4__fileType_cropped.png
P312,202510171420,2510171543,7,2,5 Hz,5.0,EXPERIMENTAL,LIGHT,True,,saveTime_2510171543__sessionTime_202510171420__participant_P312__trialN_7__trialT_2__fileType_cropped.png,1,,saveTime_2510171543__sessionTime_202510171420__participant_P312__trialN_7__trialT_2__fileType_cropped.png
P312,202510171420,2510171547,8,6,40 Hz,40.0,EXPERIMENTAL,LIGHT,True,,saveTime_2510171547__sessionTime_202510171420__participant_P312__trialN_8__trialT_6__fileType_cropped.png,1,,saveTime_2510171547__sessionTime_202510171420__participant_P312__trialN_8__trialT_6__fileType_cropped.png
P312,202510171420,2510171551,9,2,5 Hz,5.0,EXPERIMENTAL,LIGHT,True,,saveTime_2510171551__sessionTime_202510171420__participant_P312__trialN_9__trialT_2__fileType_cropped.png,1,,saveTime_2510171551__sessionTime_202510171420__participant_P312__trialN_9__trialT_2__fileType_cropped.png
P312,202510171420,2510171555,10,3,10 Hz,10.0,EXPERIMENTAL,LIGHT,True,,saveTime_2510171555__sessionTime_202510171420__participant_P312__trialN_10__trialT_3__fileType_cropped.png,1,,saveTime_2510171555__sessionTime_202510171420__participant_P312__trialN_10__trialT_3__fileType_cropped.png
P312,202510171420,2510171559,11,5,20 Hz,20.0,EXPERIMENTAL,LIGHT,True,,saveTime_2510171559__sessionTime_202510171420__participant_P312__trialN_11__trialT_5__fileType_cropped.png,1,,saveTime_2510171559__sessionTime_202510171420__participant_P312__trialN_11__trialT_5__fileType_cropped.png
P312,202510171420,2510171610,12,7,80 Hz,80.0,CONTROL,LIGHT,True,,saveTime_2510171610__sessionTime_202510171420__participant_P312__trialN_12__trialT_7__fileType_cropped.png,1,,saveTime_2510171610__sessionTime_202510171420__participant_P312__trialN_12__trialT_7__fileType_cropped.png
P312,202510171420,2510171614,13,A10,,,VALIDATION,IMAGE,True,,saveTime_2510171614__sessionTime_202510171420__participant_P312__trialN_13__trialT_A10__fileType_cropped.png,1,,saveTime_2510171614__sessionTime_202510171420__participant_P312__trialN_13__trialT_A10__fileType_cropped.png
P312,202510171420,2510171618,14,3,10 Hz,10.0,EXPERIMENTAL,LIGHT,True,,saveTime_2510171618__sessionTime_202510171420__participant_P312__trialN_14__trialT_3__fileType_cropped.png,1,,saveTime_2510171618__sessionTime_202510171420__participant_P312__trialN_14__trialT_3__fileType_cropped.png
P312,202510171420,2510171622,15,B03,,,VALIDATION,IMAGE,True,,saveTime_2510171622__sessionTime_202510171420__participant_P312__trialN_15__trialT_B03__fileType_cropped.png,1,,saveTime_2510171622__sessionTime_202510171420__participant_P312__trialN_15__trialT_B03__fileType_cropped.png
P312,202510171420,2510171625,16,1,2.5 Hz,2.5,EXPERIMENTAL,LIGHT,True,,saveTime_2510171625__sessionTime_202510171420__participant_P312__trialN_16__trialT_1__fileType_cropped.png,1,,saveTime_2510171625__sessionTime_202510171420__participant_P312__trialN_16__trialT_1__fileType_cropped.png
P312,202510171420,2510171629,17,6,40 Hz,40.0,EXPERIMENTAL,LIGHT,True,,saveTime_2510171629__sessionTime_202510171420__participant_P312__trialN_17__trialT_6__fileType_cropped.png,1,,saveTime_2510171629__sessionTime_202510171420__participant_P312__trialN_17__trialT_6__fileType_cropped.png
P313,202510171420,2510171518,2,5,20 Hz,20.0,EXPERIMENTAL,LIGHT,True,,saveTime_2510171518__sessionTime_202510171420__participant_P313__trialN_2__trialT_5__fileType_cropped.png,1,,saveTime_2510171518__sessionTime_202510171420__participant_P313__trialN_2__trialT_5__fileType_cropped.png
P313,202510171420,2510171522,3,1,2.5 Hz,2.5,EXPERIMENTAL,LIGHT,True,,saveTime_2510171522__sessionTime_202510171420__participant_P313__trialN_3__trialT_1__fileType_cropped.png,1,,saveTime_2510171522__sessionTime_202510171420__participant_P313__trialN_3__trialT_1__fileType_cropped.png
P313,202510171420,2510171526,4,4,15 Hz,15.0,EXPERIMENTAL,LIGHT,True,,saveTime_2510171526__sessionTime_202510171420__participant_P313__trialN_4__trialT_4__fileType_cropped.png,1,,saveTime_2510171526__sessionTime_202510171420__participant_P313__trialN_4__trialT_4__fileType_cropped.png
P313,202510171420,2510171530,5,C14,,,VALIDATION,IMAGE,True,,saveTime_2510171530__sessionTime_202510171420__participant_P313__trialN_5__trialT_C14__fileType_cropped.png,1,,saveTime_2510171530__sessionTime_202510171420__participant_P313__trialN_5__trialT_C14__fileType_cropped.png
P313,202510171420,2510171539,6,4,15 Hz,15.0,EXPERIMENTAL,LIGHT,True,,saveTime_2510171539__sessionTime_202510171420__participant_P313__trialN_6__trialT_4__fileType_cropped.png,1,,saveTime_2510171539__sessionTime_202510171420__participant_P313__trialN_6__trialT_4__fileType_cropped.png
P313,202510171420,2510171543,7,2,5 Hz,5.0,EXPERIMENTAL,LIGHT,True,,saveTime_2510171543__sessionTime_202510171420__participant_P313__trialN_7__trialT_2__fileType_cropped.png,1,,saveTime_2510171543__sessionTime_202510171420__participant_P313__trialN_7__trialT_2__fileType_cropped.png
P313,202510171420,2510171547,8,6,40 Hz,40.0,EXPERIMENTAL,LIGHT,True,,saveTime_2510171547__sessionTime_202510171420__participant_P313__trialN_8__trialT_6__fileType_cropped.png,1,,saveTime_2510171547__sessionTime_202510171420__participant_P313__trialN_8__trialT_6__fileType_cropped.png
P313,202510171420,2510171550,9,2,5 Hz,5.0,EXPERIMENTAL,LIGHT,True,,saveTime_2510171550__sessionTime_202510171420__participant_P313__trialN_9__trialT_2__fileType_cropped.png,1,,saveTime_2510171550__sessionTime_202510171420__participant_P313__trialN_9__trialT_2__fileType_cropped.png
P313,202510171420,2510171554,10,3,10 Hz,10.0,EXPERIMENTAL,LIGHT,True,,saveTime_2510171554__sessionTime_202510171420__participant_P313__trialN_10__trialT_3__fileType_cropped.png,1,,saveTime_2510171554__sessionTime_202510171420__participant_P313__trialN_10__trialT_3__fileType_cropped.png
P313,202510171420,2510171559,11,5,20 Hz,20.0,EXPERIMENTAL,LIGHT,True,,saveTime_2510171559__sessionTime_202510171420__participant_P313__trialN_11__trialT_5__fileType_cropped.png,1,,saveTime_2510171559__sessionTime_202510171420__participant_P313__trialN_11__trialT_5__fileType_cropped.png
P313,202510171420,2510171608,12,7,80 Hz,80.0,CONTROL,LIGHT,True,,saveTime_2510171608__sessionTime_202510171420__participant_P313__trialN_12__trialT_7__fileType_cropped.png,1,,saveTime_2510171608__sessionTime_202510171420__participant_P313__trialN_12__trialT_7__fileType_cropped.png
P313,202510171420,2510171613,13,A04,,,VALIDATION,IMAGE,True,,saveTime_2510171613__sessionTime_202510171420__participant_P313__trialN_13__trialT_A04__fileType_cropped.png,1,,saveTime_2510171613__sessionTime_202510171420__participant_P313__trialN_13__trialT_A04__fileType_cropped.png
P313,202510171420,2510171617,14,3,10 Hz,10.0,EXPERIMENTAL,LIGHT,True,,saveTime_2510171617__sessionTime_202510171420__participant_P313__trialN_14__trialT_3__fileType_cropped.png,1,,saveTime_2510171617__sessionTime_202510171420__participant_P313__trialN_14__trialT_3__fileType_cropped.png
P313,202510171420,2510171621,15,B07,,,VALIDATION,IMAGE,True,,saveTime_2510171621__sessionTime_202510171420__participant_P313__trialN_15__trialT_B07__fileType_cropped.png,1,,saveTime_2510171621__sessionTime_202510171420__participant_P313__trialN_15__trialT_B07__fileType_cropped.png
P313,202510171420,2510171624,16,1,2.5 Hz,2.5,EXPERIMENTAL,LIGHT,True,,saveTime_2510171624__sessionTime_202510171420__participant_P313__trialN_16__trialT_1__fileType_cropped.png,1,,saveTime_2510171624__sessionTime_202510171420__participant_P313__trialN_16__trialT_1__fileType_cropped.png
P313,202510171420,2510171628,17,6,40 Hz,40.0,EXPERIMENTAL,LIGHT,True,,saveTime_2510171628__sessionTime_202510171420__participant_P313__trialN_17__trialT_6__fileType_cropped.png,1,,saveTime_2510171628__sessionTime_202510171420__participant_P313__trialN_17__trialT_6__fileType_cropped.png
P314,202510171420,2510171519,2,5,20 Hz,20.0,EXPERIMENTAL,LIGHT,True,,saveTime_2510171519__sessionTime_202510171420__participant_P314__trialN_2__trialT_5__fileType_cropped.png,1,,saveTime_2510171519__sessionTime_202510171420__participant_P314__trialN_2__trialT_5__fileType_cropped.png
P314,202510171420,2510171522,3,1,2.5 Hz,2.5,EXPERIMENTAL,LIGHT,True,,saveTime_2510171522__sessionTime_202510171420__participant_P314__trialN_3__trialT_1__fileType_cropped.png,1,,saveTime_2510171522__sessionTime_202510171420__participant_P314__trialN_3__trialT_1__fileType_cropped.png
P314,202510171420,2510171526,4,4,15 Hz,15.0,EXPERIMENTAL,LIGHT,True,,saveTime_2510171526__sessionTime_202510171420__participant_P314__trialN_4__trialT_4__fileType_cropped.png,1,,saveTime_2510171526__sessionTime_202510171420__participant_P314__trialN_4__trialT_4__fileType_cropped.png
P314,202510171420,2510171530,5,C01,,,VALIDATION,IMAGE,True,,saveTime_2510171530__sessionTime_202510171420__participant_P314__trialN_5__trialT_C01__fileType_cropped.png,1,,saveTime_2510171530__sessionTime_202510171420__participant_P314__trialN_5__trialT_C01__fileType_cropped.png
P314,202510171420,2510171540,6,4,15 Hz,15.0,EXPERIMENTAL,LIGHT,True,,saveTime_2510171540__sessionTime_202510171420__participant_P314__trialN_6__trialT_4__fileType_cropped.png,1,,saveTime_2510171540__sessionTime_202510171420__participant_P314__trialN_6__trialT_4__fileType_cropped.png
P314,202510171420,2510171543,7,2,5 Hz,5.0,EXPERIMENTAL,LIGHT,True,,saveTime_2510171543__sessionTime_202510171420__participant_P314__trialN_7__trialT_2__fileType_cropped.png,1,,saveTime_2510171543__sessionTime_202510171420__participant_P314__trialN_7__trialT_2__fileType_cropped.png
P314,202510171420,2510171547,8,6,40 Hz,40.0,EXPERIMENTAL,LIGHT,True,,saveTime_2510171547__sessionTime_202510171420__participant_P314__trialN_8__trialT_6__fileType_cropped.png,1,,saveTime_2510171547__sessionTime_202510171420__participant_P314__trialN_8__trialT_6__fileType_cropped.png
P314,202510171420,2510171551,9,2,5 Hz,5.0,EXPERIMENTAL,LIGHT,True,,saveTime_2510171551__sessionTime_202510171420__participant_P314__trialN_9__trialT_2__fileType_cropped.png,1,,saveTime_2510171551__sessionTime_202510171420__participant_P314__trialN_9__trialT_2__fileType_cropped.png
P314,202510171420,2510171555,10,3,10 Hz,10.0,EXPERIMENTAL,LIGHT,True,,saveTime_2510171555__sessionTime_202510171420__participant_P314__trialN_10__trialT_3__fileType_cropped.png,1,,saveTime_2510171555__sessionTime_202510171420__participant_P314__trialN_10__trialT_3__fileType_cropped.png
P314,202510171420,2510171600,11,5,20 Hz,20.0,EXPERIMENTAL,LIGHT,True,,saveTime_2510171600__sessionTime_202510171420__participant_P314__trialN_11__trialT_5__fileType_cropped.png,1,,saveTime_2510171600__sessionTime_202510171420__participant_P314__trialN_11__trialT_5__fileType_cropped.png
P314,202510171420,2510171610,12,7,80 Hz,80.0,CONTROL,LIGHT,True,,saveTime_2510171610__sessionTime_202510171420__participant_P314__trialN_12__trialT_7__fileType_cropped.png,1,,saveTime_2510171610__sessionTime_202510171420__participant_P314__trialN_12__trialT_7__fileType_cropped.png
P314,202510171420,2510171614,13,A04,,,VALIDATION,IMAGE,True,,saveTime_2510171614__sessionTime_202510171420__participant_P314__trialN_13__trialT_A04__fileType_cropped.png,1,,saveTime_2510171614__sessionTime_202510171420__participant_P314__trialN_13__trialT_A04__fileType_cropped.png
P314,202510171420,2510171617,14,3,10 Hz,10.0,EXPERIMENTAL,LIGHT,True,,saveTime_2510171617__sessionTime_202510171420__participant_P314__trialN_14__trialT_3__fileType_cropped.png,1,,saveTime_2510171617__sessionTime_202510171420__participant_P314__trialN_14__trialT_3__fileType_cropped.png
P314,202510171420,2510171622,15,B03,,,VALIDATION,IMAGE,True,,saveTime_2510171622__sessionTime_202510171420__participant_P314__trialN_15__trialT_B03__fileType_cropped.png,1,,saveTime_2510171622__sessionTime_202510171420__participant_P314__trialN_15__trialT_B03__fileType_cropped.png
P314,202510171420,2510171626,16,1,2.5 Hz,2.5,EXPERIMENTAL,LIGHT,True,,saveTime_2510171626__sessionTime_202510171420__participant_P314__trialN_16__trialT_1__fileType_cropped.png,1,,saveTime_2510171626__sessionTime_202510171420__participant_P314__trialN_16__trialT_1__fileType_cropped.png
P314,202510171420,2510171630,17,6,40 Hz,40.0,EXPERIMENTAL,LIGHT,True,,saveTime_2510171630__sessionTime_202510171420__participant_P314__trialN_17__trialT_6__fileType_cropped.png,1,,saveTime_2510171630__sessionTime_202510171420__participant_P314__trialN_17__trialT_6__fileType_cropped.png
P315,202510171420,2510171519,2,5,20 Hz,20.0,EXPERIMENTAL,LIGHT,True,,saveTime_2510171519__sessionTime_202510171420__participant_P315__trialN_2__trialT_5__fileType_cropped.png,1,,saveTime_2510171519__sessionTime_202510171420__participant_P315__trialN_2__trialT_5__fileType_cropped.png
P315,202510171420,2510171522,3,1,2.5 Hz,2.5,EXPERIMENTAL,LIGHT,True,,saveTime_2510171522__sessionTime_202510171420__participant_P315__trialN_3__trialT_1__fileType_cropped.png,1,,saveTime_2510171522__sessionTime_202510171420__participant_P315__trialN_3__trialT_1__fileType_cropped.png
P315,202510171420,2510171526,4,4,15 Hz,15.0,EXPERIMENTAL,LIGHT,True,,saveTime_2510171526__sessionTime_202510171420__participant_P315__trialN_4__trialT_4__fileType_cropped.png,1,,saveTime_2510171526__sessionTime_202510171420__participant_P315__trialN_4__trialT_4__fileType_cropped.png
P315,202510171420,2510171530,5,C07,,,VALIDATION,IMAGE,True,,saveTime_2510171530__sessionTime_202510171420__participant_P315__trialN_5__trialT_C07__fileType_cropped.png,1,,saveTime_2510171530__sessionTime_202510171420__participant_P315__trialN_5__trialT_C07__fileType_cropped.png
P315,202510171420,2510171539,6,4,15 Hz,15.0,EXPERIMENTAL,LIGHT,True,,saveTime_2510171539__sessionTime_202510171420__participant_P315__trialN_6__trialT_4__fileType_cropped.png,1,,saveTime_2510171539__sessionTime_202510171420__participant_P315__trialN_6__trialT_4__fileType_cropped.png
P315,202510171420,2510171543,7,2,5 Hz,5.0,EXPERIMENTAL,LIGHT,True,,saveTime_2510171543__sessionTime_202510171420__participant_P315__trialN_7__trialT_2__fileType_cropped.png,1,,saveTime_2510171543__sessionTime_202510171420__participant_P315__trialN_7__trialT_2__fileType_cropped.png
P315,202510171420,2510171547,8,6,40 Hz,40.0,EXPERIMENTAL,LIGHT,True,,saveTime_2510171547__sessionTime_202510171420__participant_P315__trialN_8__trialT_6__fileType_cropped.png,1,,saveTime_2510171547__sessionTime_202510171420__participant_P315__trialN_8__trialT_6__fileType_cropped.png
P315,202510171420,2510171550,9,2,5 Hz,5.0,EXPERIMENTAL,LIGHT,True,,saveTime_2510171550__sessionTime_202510171420__participant_P315__trialN_9__trialT_2__fileType_cropped.png,1,,saveTime_2510171550__sessionTime_202510171420__participant_P315__trialN_9__trialT_2__fileType_cropped.png
P315,202510171420,2510171555,10,3,10 Hz,10.0,EXPERIMENTAL,LIGHT,True,,saveTime_2510171555__sessionTime_202510171420__participant_P315__trialN_10__trialT_3__fileType_cropped.png,1,,saveTime_2510171555__sessionTime_202510171420__participant_P315__trialN_10__trialT_3__fileType_cropped.png
P315,202510171420,2510171559,11,5,20 Hz,20.0,EXPERIMENTAL,LIGHT,True,,saveTime_2510171559__sessionTime_202510171420__participant_P315__trialN_11__trialT_5__fileType_cropped.png,1,,saveTime_2510171559__sessionTime_202510171420__participant_P315__trialN_11__trialT_5__fileType_cropped.png
P315,202510171420,2510171610,12,7,80 Hz,80.0,CONTROL,LIGHT,True,,saveTime_2510171610__sessionTime_202510171420__participant_P315__trialN_12__trialT_7__fileType_cropped.png,1,,saveTime_2510171610__sessionTime_202510171420__participant_P315__trialN_12__trialT_7__fileType_cropped.png
P315,202510171420,2510171614,13,A05,,,VALIDATION,IMAGE,True,,saveTime_2510171614__sessionTime_202510171420__participant_P315__trialN_13__trialT_A05__fileType_cropped.png,1,,saveTime_2510171614__sessionTime_202510171420__participant_P315__trialN_13__trialT_A05__fileType_cropped.png
P315,202510171420,2510171617,14,3,10 Hz,10.0,EXPERIMENTAL,LIGHT,True,,saveTime_2510171617__sessionTime_202510171420__participant_P315__trialN_14__trialT_3__fileType_cropped.png,1,,saveTime_2510171617__sessionTime_202510171420__participant_P315__trialN_14__trialT_3__fileType_cropped.png
P315,202510171420,2510171621,15,B12,,,VALIDATION,IMAGE,True,,saveTime_2510171621__sessionTime_202510171420__participant_P315__trialN_15__trialT_B12__fileType_cropped.png,1,,saveTime_2510171621__sessionTime_202510171420__participant_P315__trialN_15__trialT_B12__fileType_cropped.png
P315,202510171420,2510171625,16,1,2.5 Hz,2.5,EXPERIMENTAL,LIGHT,True,,saveTime_2510171625__sessionTime_202510171420__participant_P315__trialN_16__trialT_1__fileType_cropped.png,1,,saveTime_2510171625__sessionTime_202510171420__participant_P315__trialN_16__trialT_1__fileType_cropped.png
P315,202510171420,2510171629,17,6,40 Hz,40.0,EXPERIMENTAL,LIGHT,True,,saveTime_2510171629__sessionTime_202510171420__participant_P315__trialN_17__trialT_6__fileType_cropped.png,1,,saveTime_2510171629__sessionTime_202510171420__participant_P315__trialN_17__trialT_6__fileType_cropped.png
P316,202510171600,2510171655,2,3,10 Hz,10.0,EXPERIMENTAL,LIGHT,True,,saveTime_2510171655__sessionTime_202510171600__participant_P316__trialN_2__trialT_3__fileType_cropped.png,1,,saveTime_2510171655__sessionTime_202510171600__participant_P316__trialN_2__trialT_3__fileType_cropped.png
P316,202510171600,2510171701,3,2,5 Hz,5.0,EXPERIMENTAL,LIGHT,True,,saveTime_2510171701__sessionTime_202510171600__participant_P316__trialN_3__trialT_2__fileType_cropped.png,1,,saveTime_2510171701__sessionTime_202510171600__participant_P316__trialN_3__trialT_2__fileType_cropped.png
P316,202510171600,2510171707,4,1,2.5 Hz,2.5,EXPERIMENTAL,LIGHT,True,,saveTime_2510171707__sessionTime_202510171600__participant_P316__trialN_4__trialT_1__fileType_cropped.png,1,,saveTime_2510171707__sessionTime_202510171600__participant_P316__trialN_4__trialT_1__fileType_cropped.png
P316,202510171600,2510171712,5,B11,,,VALIDATION,IMAGE,True,,saveTime_2510171712__sessionTime_202510171600__participant_P316__trialN_5__trialT_B11__fileType_cropped.png,1,,saveTime_2510171712__sessionTime_202510171600__participant_P316__trialN_5__trialT_B11__fileType_cropped.png
P316,202510171600,2510171722,6,1,2.5 Hz,2.5,EXPERIMENTAL,LIGHT,True,,saveTime_2510171722__sessionTime_202510171600__participant_P316__trialN_6__trialT_1__fileType_cropped.png,1,,saveTime_2510171722__sessionTime_202510171600__participant_P316__trialN_6__trialT_1__fileType_cropped.png
P316,202510171600,2510171726,7,C07,,,VALIDATION,IMAGE,True,,saveTime_2510171726__sessionTime_202510171600__participant_P316__trialN_7__trialT_C07__fileType_cropped.png,1,,saveTime_2510171726__sessionTime_202510171600__participant_P316__trialN_7__trialT_C07__fileType_cropped.png
P316,202510171600,2510171730,8,6,40 Hz,40.0,EXPERIMENTAL,LIGHT,True,,saveTime_2510171730__sessionTime_202510171600__participant_P316__trialN_8__trialT_6__fileType_cropped.png,1,,saveTime_2510171730__sessionTime_202510171600__participant_P316__trialN_8__trialT_6__fileType_cropped.png
P316,202510171600,2510171734,9,2,5 Hz,5.0,EXPERIMENTAL,LIGHT,True,,saveTime_2510171734__sessionTime_202510171600__participant_P316__trialN_9__trialT_2__fileType_cropped.png,1,,saveTime_2510171734__sessionTime_202510171600__participant_P316__trialN_9__trialT_2__fileType_cropped.png
P316,202510171600,2510171738,10,5,20 Hz,20.0,EXPERIMENTAL,LIGHT,True,,saveTime_2510171738__sessionTime_202510171600__participant_P316__trialN_10__trialT_5__fileType_cropped.png,1,,saveTime_2510171738__sessionTime_202510171600__participant_P316__trialN_10__trialT_5__fileType_cropped.png
P316,202510171600,2510171743,11,5,20 Hz,20.0,EXPERIMENTAL,LIGHT,True,,saveTime_2510171743__sessionTime_202510171600__participant_P316__trialN_11__trialT_5__fileType_cropped.png,1,,saveTime_2510171743__sessionTime_202510171600__participant_P316__trialN_11__trialT_5__fileType_cropped.png
P316,202510171600,2510171753,12,4,15 Hz,15.0,EXPERIMENTAL,LIGHT,True,,saveTime_2510171753__sessionTime_202510171600__participant_P316__trialN_12__trialT_4__fileType_cropped.png,1,,saveTime_2510171753__sessionTime_202510171600__participant_P316__trialN_12__trialT_4__fileType_cropped.png
P316,202510171600,2510171758,13,4,15 Hz,15.0,EXPERIMENTAL,LIGHT,True,,saveTime_2510171758__sessionTime_202510171600__participant_P316__trialN_13__trialT_4__fileType_cropped.png,1,,saveTime_2510171758__sessionTime_202510171600__participant_P316__trialN_13__trialT_4__fileType_cropped.png
P316,202510171600,2510171802,14,6,40 Hz,40.0,EXPERIMENTAL,LIGHT,True,,saveTime_2510171802__sessionTime_202510171600__participant_P316__trialN_14__trialT_6__fileType_cropped.png,1,,saveTime_2510171802__sessionTime_202510171600__participant_P316__trialN_14__trialT_6__fileType_cropped.png
P316,202510171600,2510171805,15,7,80 Hz,80.0,CONTROL,LIGHT,True,,saveTime_2510171805__sessionTime_202510171600__participant_P316__trialN_15__trialT_7__fileType_cropped.png,1,,saveTime_2510171805__sessionTime_202510171600__participant_P316__trialN_15__trialT_7__fileType_cropped.png
P316,202510171600,2510171809,16,3,10 Hz,10.0,EXPERIMENTAL,LIGHT,True,,saveTime_2510171809__sessionTime_202510171600__participant_P316__trialN_16__trialT_3__fileType_cropped.png,1,,saveTime_2510171809__sessionTime_202510171600__participant_P316__trialN_16__trialT_3__fileType_cropped.png
P316,202510171600,2510171813,17,A09,,,VALIDATION,IMAGE,True,,saveTime_2510171813__sessionTime_202510171600__participant_P316__trialN_17__trialT_A09__fileType_cropped.png,1,,saveTime_2510171813__sessionTime_202510171600__participant_P316__trialN_17__trialT_A09__fileType_cropped.png
P317,202510171600,2510171655,2,3,10 Hz,10.0,EXPERIMENTAL,LIGHT,True,,saveTime_2510171655__sessionTime_202510171600__participant_P317__trialN_2__trialT_3__fileType_cropped.png,1,,saveTime_2510171655__sessionTime_202510171600__participant_P317__trialN_2__trialT_3__fileType_cropped.png
P317,202510171600,2510171700,3,2,5 Hz,5.0,EXPERIMENTAL,LIGHT,True,,saveTime_2510171700__sessionTime_202510171600__participant_P317__trialN_3__trialT_2__fileType_cropped.png,1,,saveTime_2510171700__sessionTime_202510171600__participant_P317__trialN_3__trialT_2__fileType_cropped.png
P317,202510171600,2510171708,4,1,2.5 Hz,2.5,EXPERIMENTAL,LIGHT,True,,saveTime_2510171708__sessionTime_202510171600__participant_P317__trialN_4__trialT_1__fileType_cropped.png,1,,saveTime_2510171708__sessionTime_202510171600__participant_P317__trialN_4__trialT_1__fileType_cropped.png
P317,202510171600,2510171711,5,B11,,,VALIDATION,IMAGE,True,,saveTime_2510171711__sessionTime_202510171600__participant_P317__trialN_5__trialT_B11__fileType_cropped.png,1,,saveTime_2510171711__sessionTime_202510171600__participant_P317__trialN_5__trialT_B11__fileType_cropped.png
P317,202510171600,2510171722,6,1,2.5 Hz,2.5,EXPERIMENTAL,LIGHT,True,,saveTime_2510171722__sessionTime_202510171600__participant_P317__trialN_6__trialT_1__fileType_cropped.png,1,,saveTime_2510171722__sessionTime_202510171600__participant_P317__trialN_6__trialT_1__fileType_cropped.png
P317,202510171600,2510171726,7,C02,,,VALIDATION,IMAGE,True,,saveTime_2510171726__sessionTime_202510171600__participant_P317__trialN_7__trialT_C02__fileType_cropped.png,1,,saveTime_2510171726__sessionTime_202510171600__participant_P317__trialN_7__trialT_C02__fileType_cropped.png
P317,202510171600,2510171730,8,6,40 Hz,40.0,EXPERIMENTAL,LIGHT,True,,saveTime_2510171730__sessionTime_202510171600__participant_P317__trialN_8__trialT_6__fileType_cropped.png,1,,saveTime_2510171730__sessionTime_202510171600__participant_P317__trialN_8__trialT_6__fileType_cropped.png
P317,202510171600,2510171734,9,2,5 Hz,5.0,EXPERIMENTAL,LIGHT,True,,saveTime_2510171734__sessionTime_202510171600__participant_P317__trialN_9__trialT_2__fileType_cropped.png,1,,saveTime_2510171734__sessionTime_202510171600__participant_P317__trialN_9__trialT_2__fileType_cropped.png
P317,202510171600,2510171738,10,5,20 Hz,20.0,EXPERIMENTAL,LIGHT,True,,saveTime_2510171738__sessionTime_202510171600__participant_P317__trialN_10__trialT_5__fileType_cropped.png,1,,saveTime_2510171738__sessionTime_202510171600__participant_P317__trialN_10__trialT_5__fileType_cropped.png
P317,202510171600,2510171743,11,5,20 Hz,20.0,EXPERIMENTAL,LIGHT,True,,saveTime_2510171743__sessionTime_202510171600__participant_P317__trialN_11__trialT_5__fileType_cropped.png,1,,saveTime_2510171743__sessionTime_202510171600__participant_P317__trialN_11__trialT_5__fileType_cropped.png
P317,202510171600,2510171753,12,4,15 Hz,15.0,EXPERIMENTAL,LIGHT,True,,saveTime_2510171753__sessionTime_202510171600__participant_P317__trialN_12__trialT_4__fileType_cropped.png,1,,saveTime_2510171753__sessionTime_202510171600__participant_P317__trialN_12__trialT_4__fileType_cropped.png
P317,202510171600,2510171757,13,4,15 Hz,15.0,EXPERIMENTAL,LIGHT,True,,saveTime_2510171757__sessionTime_202510171600__participant_P317__trialN_13__trialT_4__fileType_cropped.png,1,,saveTime_2510171757__sessionTime_202510171600__participant_P317__trialN_13__trialT_4__fileType_cropped.png
P317,202510171600,2510171801,14,6,40 Hz,40.0,EXPERIMENTAL,LIGHT,True,,saveTime_2510171801__sessionTime_202510171600__participant_P317__trialN_14__trialT_6__fileType_cropped.png,1,,saveTime_2510171801__sessionTime_202510171600__participant_P317__trialN_14__trialT_6__fileType_cropped.png
P317,202510171600,2510171805,15,7,80 Hz,80.0,CONTROL,LIGHT,True,,saveTime_2510171805__sessionTime_202510171600__participant_P317__trialN_15__trialT_7__fileType_cropped.png,1,,saveTime_2510171805__sessionTime_202510171600__participant_P317__trialN_15__trialT_7__fileType_cropped.png
P317,202510171600,2510171808,16,3,10 Hz,10.0,EXPERIMENTAL,LIGHT,True,,saveTime_2510171808__sessionTime_202510171600__participant_P317__trialN_16__trialT_3__fileType_cropped.png,1,,saveTime_2510171808__sessionTime_202510171600__participant_P317__trialN_16__trialT_3__fileType_cropped.png
P317,202510171600,2510171812,17,A07,,,VALIDATION,IMAGE,True,,saveTime_2510171812__sessionTime_202510171600__participant_P317__trialN_17__trialT_A07__fileType_cropped.png,1,,saveTime_2510171812__sessionTime_202510171600__participant_P317__trialN_17__trialT_A07__fileType_cropped.png
P318,202510171600,2510171655,2,3,10 Hz,10.0,EXPERIMENTAL,LIGHT,True,,saveTime_2510171655__sessionTime_202510171600__participant_P318__trialN_2__trialT_3__fileType_cropped.png,1,,saveTime_2510171655__sessionTime_202510171600__participant_P318__trialN_2__trialT_3__fileType_cropped.png
P318,202510171600,2510171700,3,2,5 Hz,5.0,EXPERIMENTAL,LIGHT,True,,saveTime_2510171700__sessionTime_202510171600__participant_P318__trialN_3__trialT_2__fileType_cropped.png,1,,saveTime_2510171700__sessionTime_202510171600__participant_P318__trialN_3__trialT_2__fileType_cropped.png
P318,202510171600,2510171707,4,1,2.5 Hz,2.5,EXPERIMENTAL,LIGHT,True,,saveTime_2510171707__sessionTime_202510171600__participant_P318__trialN_4__trialT_1__fileType_cropped.png,1,,saveTime_2510171707__sessionTime_202510171600__participant_P318__trialN_4__trialT_1__fileType_cropped.png
P318,202510171600,2510171711,5,B07,,,VALIDATION,IMAGE,True,,saveTime_2510171711__sessionTime_202510171600__participant_P318__trialN_5__trialT_B07__fileType_cropped.png,1,,saveTime_2510171711__sessionTime_202510171600__participant_P318__trialN_5__trialT_B07__fileType_cropped.png
P318,202510171600,2510171722,6,1,2.5 Hz,2.5,EXPERIMENTAL,LIGHT,True,,saveTime_2510171722__sessionTime_202510171600__participant_P318__trialN_6__trialT_1__fileType_cropped.png,1,,saveTime_2510171722__sessionTime_202510171600__participant_P318__trialN_6__trialT_1__fileType_cropped.png
P318,202510171600,2510171726,7,C05,,,VALIDATION,IMAGE,True,,saveTime_2510171726__sessionTime_202510171600__participant_P318__trialN_7__trialT_C05__fileType_cropped.png,1,,saveTime_2510171726__sessionTime_202510171600__participant_P318__trialN_7__trialT_C05__fileType_cropped.png
P318,202510171600,2510171730,8,6,40 Hz,40.0,EXPERIMENTAL,LIGHT,True,,saveTime_2510171730__sessionTime_202510171600__participant_P318__trialN_8__trialT_6__fileType_cropped.png,1,,saveTime_2510171730__sessionTime_202510171600__participant_P318__trialN_8__trialT_6__fileType_cropped.png
P318,202510171600,2510171734,9,2,5 Hz,5.0,EXPERIMENTAL,LIGHT,True,,saveTime_2510171734__sessionTime_202510171600__participant_P318__trialN_9__trialT_2__fileType_cropped.png,1,,saveTime_2510171734__sessionTime_202510171600__participant_P318__trialN_9__trialT_2__fileType_cropped.png
P318,202510171600,2510171738,10,5,20 Hz,20.0,EXPERIMENTAL,LIGHT,True,,saveTime_2510171738__sessionTime_202510171600__participant_P318__trialN_10__trialT_5__fileType_cropped.png,1,,saveTime_2510171738__sessionTime_202510171600__participant_P318__trialN_10__trialT_5__fileType_cropped.png
P318,202510171600,2510171742,11,5,20 Hz,20.0,EXPERIMENTAL,LIGHT,True,,saveTime_2510171742__sessionTime_202510171600__participant_P318__trialN_11__trialT_5__fileType_cropped.png,1,,saveTime_2510171742__sessionTime_202510171600__participant_P318__trialN_11__trialT_5__fileType_cropped.png
P318,202510171600,2510171753,12,4,15 Hz,15.0,EXPERIMENTAL,LIGHT,True,,saveTime_2510171753__sessionTime_202510171600__participant_P318__trialN_12__trialT_4__fileType_cropped.png,1,,saveTime_2510171753__sessionTime_202510171600__participant_P318__trialN_12__trialT_4__fileType_cropped.png
P318,202510171600,2510171757,13,4,15 Hz,15.0,EXPERIMENTAL,LIGHT,True,,saveTime_2510171757__sessionTime_202510171600__participant_P318__trialN_13__trialT_4__fileType_cropped.png,1,,saveTime_2510171757__sessionTime_202510171600__participant_P318__trialN_13__trialT_4__fileType_cropped.png
P318,202510171600,2510171801,14,6,40 Hz,40.0,EXPERIMENTAL,LIGHT,True,,saveTime_2510171801__sessionTime_202510171600__participant_P318__trialN_14__trialT_6__fileType_cropped.png,1,,saveTime_2510171801__sessionTime_202510171600__participant_P318__trialN_14__trialT_6__fileType_cropped.png
P318,202510171600,2510171805,15,7,80 Hz,80.0,CONTROL,LIGHT,True,,saveTime_2510171805__sessionTime_202510171600__participant_P318__trialN_15__trialT_7__fileType_cropped.png,1,,saveTime_2510171805__sessionTime_202510171600__participant_P318__trialN_15__trialT_7__fileType_cropped.png
P318,202510171600,2510171809,16,3,10 Hz,10.0,EXPERIMENTAL,LIGHT,True,,saveTime_2510171809__sessionTime_202510171600__participant_P318__trialN_16__trialT_3__fileType_cropped.png,1,,saveTime_2510171809__sessionTime_202510171600__participant_P318__trialN_16__trialT_3__fileType_cropped.png
P318,202510171600,2510171812,17,A02,,,VALIDATION,IMAGE,True,,saveTime_2510171812__sessionTime_202510171600__participant_P318__trialN_17__trialT_A02__fileType_cropped.png,1,,saveTime_2510171812__sessionTime_202510171600__participant_P318__trialN_17__trialT_A02__fileType_cropped.png
P319,202510171600,2510171655,2,3,10 Hz,10.0,EXPERIMENTAL,LIGHT,True,,saveTime_2510171655__sessionTime_202510171600__participant_P319__trialN_2__trialT_3__fileType_cropped.png,1,,saveTime_2510171655__sessionTime_202510171600__participant_P319__trialN_2__trialT_3__fileType_cropped.png
P319,202510171600,2510171700,3,2,5 Hz,5.0,EXPERIMENTAL,LIGHT,True,,saveTime_2510171700__sessionTime_202510171600__participant_P319__trialN_3__trialT_2__fileType_cropped.png,1,,saveTime_2510171700__sessionTime_202510171600__participant_P319__trialN_3__trialT_2__fileType_cropped.png
P319,202510171600,2510171707,4,1,2.5 Hz,2.5,EXPERIMENTAL,LIGHT,True,,saveTime_2510171707__sessionTime_202510171600__participant_P319__trialN_4__trialT_1__fileType_cropped.png,1,,saveTime_2510171707__sessionTime_202510171600__participant_P319__trialN_4__trialT_1__fileType_cropped.png
P319,202510171600,2510171711,5,B14,,,VALIDATION,IMAGE,True,,saveTime_2510171711__sessionTime_202510171600__participant_P319__trialN_5__trialT_B14__fileType_cropped.png,1,,saveTime_2510171711__sessionTime_202510171600__participant_P319__trialN_5__trialT_B14__fileType_cropped.png
P319,202510171600,2510171722,6,1,2.5 Hz,2.5,EXPERIMENTAL,LIGHT,True,,saveTime_2510171722__sessionTime_202510171600__participant_P319__trialN_6__trialT_1__fileType_cropped.png,1,,saveTime_2510171722__sessionTime_202510171600__participant_P319__trialN_6__trialT_1__fileType_cropped.png
P319,202510171600,2510171726,7,C01,,,VALIDATION,IMAGE,True,,saveTime_2510171726__sessionTime_202510171600__participant_P319__trialN_7__trialT_C01__fileType_cropped.png,1,,saveTime_2510171726__sessionTime_202510171600__participant_P319__trialN_7__trialT_C01__fileType_cropped.png
P319,202510171600,2510171729,8,6,40 Hz,40.0,EXPERIMENTAL,LIGHT,True,,saveTime_2510171729__sessionTime_202510171600__participant_P319__trialN_8__trialT_6__fileType_cropped.png,1,,saveTime_2510171729__sessionTime_202510171600__participant_P319__trialN_8__trialT_6__fileType_cropped.png
P319,202510171600,2510171734,9,2,5 Hz,5.0,EXPERIMENTAL,LIGHT,True,,saveTime_2510171734__sessionTime_202510171600__participant_P319__trialN_9__trialT_2__fileType_cropped.png,1,,saveTime_2510171734__sessionTime_202510171600__participant_P319__trialN_9__trialT_2__fileType_cropped.png
P319,202510171600,2510171737,10,5,20 Hz,20.0,EXPERIMENTAL,LIGHT,True,,saveTime_2510171737__sessionTime_202510171600__participant_P319__trialN_10__trialT_5__fileType_cropped.png,1,,saveTime_2510171737__sessionTime_202510171600__participant_P319__trialN_10__trialT_5__fileType_cropped.png
P319,202510171600,2510171742,11,5,20 Hz,20.0,EXPERIMENTAL,LIGHT,True,,saveTime_2510171742__sessionTime_202510171600__participant_P319__trialN_11__trialT_5__fileType_cropped.png,1,,saveTime_2510171742__sessionTime_202510171600__participant_P319__trialN_11__trialT_5__fileType_cropped.png
P319,202510171600,2510171753,12,4,15 Hz,15.0,EXPERIMENTAL,LIGHT,True,,saveTime_2510171753__sessionTime_202510171600__participant_P319__trialN_12__trialT_4__fileType_cropped.png,1,,saveTime_2510171753__sessionTime_202510171600__participant_P319__trialN_12__trialT_4__fileType_cropped.png
P319,202510171600,2510171757,13,4,15 Hz,15.0,EXPERIMENTAL,LIGHT,True,,saveTime_2510171757__sessionTime_202510171600__participant_P319__trialN_13__trialT_4__fileType_cropped.png,1,,saveTime_2510171757__sessionTime_202510171600__participant_P319__trialN_13__trialT_4__fileType_cropped.png
P319,202510171600,2510171801,14,6,40 Hz,40.0,EXPERIMENTAL,LIGHT,True,,saveTime_2510171801__sessionTime_202510171600__participant_P319__trialN_14__trialT_6__fileType_cropped.png,1,,saveTime_2510171801__sessionTime_202510171600__participant_P319__trialN_14__trialT_6__fileType_cropped.png
P319,202510171600,2510171805,15,7,80 Hz,80.0,CONTROL,LIGHT,True,,saveTime_2510171805__sessionTime_202510171600__participant_P319__trialN_15__trialT_7__fileType_cropped.png,1,,saveTime_2510171805__sessionTime_202510171600__participant_P319__trialN_15__trialT_7__fileType_cropped.png
P319,202510171600,2510171809,16,3,10 Hz,10.0,EXPERIMENTAL,LIGHT,True,,saveTime_2510171809__sessionTime_202510171600__participant_P319__trialN_16__trialT_3__fileType_cropped.png,1,,saveTime_2510171809__sessionTime_202510171600__participant_P319__trialN_16__trialT_3__fileType_cropped.png
P319,202510171600,2510171812,17,A00,,,VALIDATION,IMAGE,True,,saveTime_2510171812__sessionTime_202510171600__participant_P319__trialN_17__trialT_A00__fileType_cropped.png,1,,saveTime_2510171812__sessionTime_202510171600__participant_P319__trialN_17__trialT_A00__fileType_cropped.png
P320,202510171600,2510171655,2,3,10 Hz,10.0,EXPERIMENTAL,LIGHT,True,,saveTime_2510171655__sessionTime_202510171600__participant_P320__trialN_2__trialT_3__fileType_cropped.png,1,,saveTime_2510171655__sessionTime_202510171600__participant_P320__trialN_2__trialT_3__fileType_cropped.png
P320,202510171600,2510171701,3,2,5 Hz,5.0,EXPERIMENTAL,LIGHT,True,,saveTime_2510171701__sessionTime_202510171600__participant_P320__trialN_3__trialT_2__fileType_cropped.png,1,,saveTime_2510171701__sessionTime_202510171600__participant_P320__trialN_3__trialT_2__fileType_cropped.png
P320,202510171600,2510171708,4,1,2.5 Hz,2.5,EXPERIMENTAL,LIGHT,True,,saveTime_2510171708__sessionTime_202510171600__participant_P320__trialN_4__trialT_1__fileType_cropped.png,1,,saveTime_2510171708__sessionTime_202510171600__participant_P320__trialN_4__trialT_1__fileType_cropped.png
P320,202510171600,2510171711,5,B11,,,VALIDATION,IMAGE,True,,saveTime_2510171711__sessionTime_202510171600__participant_P320__trialN_5__trialT_B11__fileType_cropped.png,1,,saveTime_2510171711__sessionTime_202510171600__participant_P320__trialN_5__trialT_B11__fileType_cropped.png
P320,202510171600,2510171722,6,1,2.5 Hz,2.5,EXPERIMENTAL,LIGHT,True,,saveTime_2510171722__sessionTime_202510171600__participant_P320__trialN_6__trialT_1__fileType_cropped.png,1,,saveTime_2510171722__sessionTime_202510171600__participant_P320__trialN_6__trialT_1__fileType_cropped.png
P320,202510171600,2510171726,7,C02,,,VALIDATION,IMAGE,True,,saveTime_2510171726__sessionTime_202510171600__participant_P320__trialN_7__trialT_C02__fileType_cropped.png,1,,saveTime_2510171726__sessionTime_202510171600__participant_P320__trialN_7__trialT_C02__fileType_cropped.png
P320,202510171600,2510171730,8,6,40 Hz,40.0,EXPERIMENTAL,LIGHT,True,,saveTime_2510171730__sessionTime_202510171600__participant_P320__trialN_8__trialT_6__fileType_cropped.png,1,,saveTime_2510171730__sessionTime_202510171600__participant_P320__trialN_8__trialT_6__fileType_cropped.png
P320,202510171600,2510171734,9,2,5 Hz,5.0,EXPERIMENTAL,LIGHT,True,,saveTime_2510171734__sessionTime_202510171600__participant_P320__trialN_9__trialT_2__fileType_cropped.png,1,,saveTime_2510171734__sessionTime_202510171600__participant_P320__trialN_9__trialT_2__fileType_cropped.png
P320,202510171600,2510171737,10,5,20 Hz,20.0,EXPERIMENTAL,LIGHT,True,,saveTime_2510171737__sessionTime_202510171600__participant_P320__trialN_10__trialT_5__fileType_cropped.png,1,,saveTime_2510171737__sessionTime_202510171600__participant_P320__trialN_10__trialT_5__fileType_cropped.png
P320,202510171600,2510171743,11,5,20 Hz,20.0,EXPERIMENTAL,LIGHT,True,,saveTime_2510171743__sessionTime_202510171600__participant_P320__trialN_11__trialT_5__fileType_cropped.png,1,,saveTime_2510171743__sessionTime_202510171600__participant_P320__trialN_11__trialT_5__fileType_cropped.png
P320,202510171600,2510171753,12,4,15 Hz,15.0,EXPERIMENTAL,LIGHT,True,,saveTime_2510171753__sessionTime_202510171600__participant_P320__trialN_12__trialT_4__fileType_cropped.png,1,,saveTime_2510171753__sessionTime_202510171600__participant_P320__trialN_12__trialT_4__fileType_cropped.png
P320,202510171600,2510171757,13,4,15 Hz,15.0,EXPERIMENTAL,LIGHT,True,,saveTime_2510171757__sessionTime_202510171600__participant_P320__trialN_13__trialT_4__fileType_cropped.png,1,,saveTime_2510171757__sessionTime_202510171600__participant_P320__trialN_13__trialT_4__fileType_cropped.png
P320,202510171600,2510171802,14,6,40 Hz,40.0,EXPERIMENTAL,LIGHT,True,,saveTime_2510171802__sessionTime_202510171600__participant_P320__trialN_14__trialT_6__fileType_cropped.png,1,,saveTime_2510171802__sessionTime_202510171600__participant_P320__trialN_14__trialT_6__fileType_cropped.png
P320,202510171600,2510171805,15,7,80 Hz,80.0,CONTROL,LIGHT,True,,saveTime_2510171805__sessionTime_202510171600__participant_P320__trialN_15__trialT_7__fileType_cropped.png,1,,saveTime_2510171805__sessionTime_202510171600__participant_P320__trialN_15__trialT_7__fileType_cropped.png
P320,202510171600,2510171808,16,3,10 Hz,10.0,EXPERIMENTAL,LIGHT,True,,saveTime_2510171808__sessionTime_202510171600__participant_P320__trialN_16__trialT_3__fileType_cropped.png,1,,saveTime_2510171808__sessionTime_202510171600__participant_P320__trialN_16__trialT_3__fileType_cropped.png
P320,202510171600,2510171812,17,A07,,,VALIDATION,IMAGE,True,,saveTime_2510171812__sessionTime_202510171600__participant_P320__trialN_17__trialT_A07__fileType_cropped.png,1,,saveTime_2510171812__sessionTime_202510171600__participant_P320__trialN_17__trialT_A07__fileType_cropped.png
P321,202510171600,2510171655,2,3,10 Hz,10.0,EXPERIMENTAL,LIGHT,True,,saveTime_2510171655__sessionTime_202510171600__participant_P321__trialN_2__trialT_3__fileType_cropped.png,1,,saveTime_2510171655__sessionTime_202510171600__participant_P321__trialN_2__trialT_3__fileType_cropped.png
P321,202510171600,2510171700,3,2,5 Hz,5.0,EXPERIMENTAL,LIGHT,True,,saveTime_2510171700__sessionTime_202510171600__participant_P321__trialN_3__trialT_2__fileType_cropped.png,1,,saveTime_2510171700__sessionTime_202510171600__participant_P321__trialN_3__trialT_2__fileType_cropped.png
P321,202510171600,2510171707,4,1,2.5 Hz,2.5,EXPERIMENTAL,LIGHT,True,,saveTime_2510171707__sessionTime_202510171600__participant_P321__trialN_4__trialT_1__fileType_cropped.png,1,,saveTime_2510171707__sessionTime_202510171600__participant_P321__trialN_4__trialT_1__fileType_cropped.png
P321,202510171600,2510171711,5,B07,,,VALIDATION,IMAGE,True,,saveTime_2510171711__sessionTime_202510171600__participant_P321__trialN_5__trialT_B07__fileType_cropped.png,1,,saveTime_2510171711__sessionTime_202510171600__participant_P321__trialN_5__trialT_B07__fileType_cropped.png
P321,202510171600,2510171722,6,1,2.5 Hz,2.5,EXPERIMENTAL,LIGHT,True,,saveTime_2510171722__sessionTime_202510171600__participant_P321__trialN_6__trialT_1__fileType_cropped.png,1,,saveTime_2510171722__sessionTime_202510171600__participant_P321__trialN_6__trialT_1__fileType_cropped.png
P321,202510171600,2510171726,7,C06,,,VALIDATION,IMAGE,True,,saveTime_2510171726__sessionTime_202510171600__participant_P321__trialN_7__trialT_C06__fileType_cropped.png,1,,saveTime_2510171726__sessionTime_202510171600__participant_P321__trialN_7__trialT_C06__fileType_cropped.png
P321,202510171600,2510171729,8,6,40 Hz,40.0,EXPERIMENTAL,LIGHT,True,,saveTime_2510171729__sessionTime_202510171600__participant_P321__trialN_8__trialT_6__fileType_cropped.png,1,,saveTime_2510171729__sessionTime_202510171600__participant_P321__trialN_8__trialT_6__fileType_cropped.png
P321,202510171600,2510171734,9,2,5 Hz,5.0,EXPERIMENTAL,LIGHT,True,,saveTime_2510171734__sessionTime_202510171600__participant_P321__trialN_9__trialT_2__fileType_cropped.png,1,,saveTime_2510171734__sessionTime_202510171600__participant_P321__trialN_9__trialT_2__fileType_cropped.png
P321,202510171600,2510171738,10,5,20 Hz,20.0,EXPERIMENTAL,LIGHT,True,,saveTime_2510171738__sessionTime_202510171600__participant_P321__trialN_10__trialT_5__fileType_cropped.png,1,,saveTime_2510171738__sessionTime_202510171600__participant_P321__trialN_10__trialT_5__fileType_cropped.png
P321,202510171600,2510171742,11,5,20 Hz,20.0,EXPERIMENTAL,LIGHT,True,,saveTime_2510171742__sessionTime_202510171600__participant_P321__trialN_11__trialT_5__fileType_cropped.png,1,,saveTime_2510171742__sessionTime_202510171600__participant_P321__trialN_11__trialT_5__fileType_cropped.png
P321,202510171600,2510171753,12,4,15 Hz,15.0,EXPERIMENTAL,LIGHT,True,,saveTime_2510171753__sessionTime_202510171600__participant_P321__trialN_12__trialT_4__fileType_cropped.png,1,,saveTime_2510171753__sessionTime_202510171600__participant_P321__trialN_12__trialT_4__fileType_cropped.png
P321,202510171600,2510171758,13,4,15 Hz,15.0,EXPERIMENTAL,LIGHT,True,,saveTime_2510171758__sessionTime_202510171600__participant_P321__trialN_13__trialT_4__fileType_cropped.png,1,,saveTime_2510171758__sessionTime_202510171600__participant_P321__trialN_13__trialT_4__fileType_cropped.png
P321,202510171600,2510171802,14,6,40 Hz,40.0,EXPERIMENTAL,LIGHT,True,,saveTime_2510171802__sessionTime_202510171600__participant_P321__trialN_14__trialT_6__fileType_cropped.png,1,,saveTime_2510171802__sessionTime_202510171600__participant_P321__trialN_14__trialT_6__fileType_cropped.png
P321,202510171600,2510171805,15,7,80 Hz,80.0,CONTROL,LIGHT,True,,saveTime_2510171805__sessionTime_202510171600__participant_P321__trialN_15__trialT_7__fileType_cropped.png,1,,saveTime_2510171805__sessionTime_202510171600__participant_P321__trialN_15__trialT_7__fileType_cropped.png
P321,202510171600,2510171807,16,3,10 Hz,10.0,EXPERIMENTAL,LIGHT,True,,saveTime_2510171807__sessionTime_202510171600__participant_P321__trialN_16__trialT_3__fileType_cropped.png,1,,saveTime_2510171807__sessionTime_202510171600__participant_P321__trialN_16__trialT_3__fileType_cropped.png
P321,202510171600,2510171812,17,A01,,,VALIDATION,IMAGE,True,,saveTime_2510171812__sessionTime_202510171600__participant_P321__trialN_17__trialT_A01__fileType_cropped.png,1,,saveTime_2510171812__sessionTime_202510171600__participant_P321__trialN_17__trialT_A01__fileType_cropped.png
P322,202510171600,2510171655,2,3,10 Hz,10.0,EXPERIMENTAL,LIGHT,True,,saveTime_2510171655__sessionTime_202510171600__participant_P322__trialN_2__trialT_3__fileType_cropped.png,1,,saveTime_2510171655__sessionTime_202510171600__participant_P322__trialN_2__trialT_3__fileType_cropped.png
P322,202510171600,2510171701,3,2,5 Hz,5.0,EXPERIMENTAL,LIGHT,True,,saveTime_2510171701__sessionTime_202510171600__participant_P322__trialN_3__trialT_2__fileType_cropped.png,1,,saveTime_2510171701__sessionTime_202510171600__participant_P322__trialN_3__trialT_2__fileType_cropped.png
P322,202510171600,2510171707,4,1,2.5 Hz,2.5,EXPERIMENTAL,LIGHT,True,,saveTime_2510171707__sessionTime_202510171600__participant_P322__trialN_4__trialT_1__fileType_cropped.png,1,,saveTime_2510171707__sessionTime_202510171600__participant_P322__trialN_4__trialT_1__fileType_cropped.png
P322,202510171600,2510171712,5,B11,,,VALIDATION,IMAGE,True,,saveTime_2510171712__sessionTime_202510171600__participant_P322__trialN_5__trialT_B11__fileType_cropped.png,1,,saveTime_2510171712__sessionTime_202510171600__participant_P322__trialN_5__trialT_B11__fileType_cropped.png
P322,202510171600,2510171722,6,1,2.5 Hz,2.5,EXPERIMENTAL,LIGHT,True,,saveTime_2510171722__sessionTime_202510171600__participant_P322__trialN_6__trialT_1__fileType_cropped.png,1,,saveTime_2510171722__sessionTime_202510171600__participant_P322__trialN_6__trialT_1__fileType_cropped.png
P322,202510171600,2510171726,7,C09,,,VALIDATION,IMAGE,True,,saveTime_2510171726__sessionTime_202510171600__participant_P322__trialN_7__trialT_C09__fileType_cropped.png,1,,saveTime_2510171726__sessionTime_202510171600__participant_P322__trialN_7__trialT_C09__fileType_cropped.png
P322,202510171600,2510171730,8,6,40 Hz,40.0,EXPERIMENTAL,LIGHT,True,,saveTime_2510171730__sessionTime_202510171600__participant_P322__trialN_8__trialT_6__fileType_cropped.png,1,,saveTime_2510171730__sessionTime_202510171600__participant_P322__trialN_8__trialT_6__fileType_cropped.png
P322,202510171600,2510171734,9,2,5 Hz,5.0,EXPERIMENTAL,LIGHT,True,,saveTime_2510171734__sessionTime_202510171600__participant_P322__trialN_9__trialT_2__fileType_cropped.png,1,,saveTime_2510171734__sessionTime_202510171600__participant_P322__trialN_9__trialT_2__fileType_cropped.png
P322,202510171600,2510171738,10,5,20 Hz,20.0,EXPERIMENTAL,LIGHT,True,,saveTime_2510171738__sessionTime_202510171600__participant_P322__trialN_10__trialT_5__fileType_cropped.png,1,,saveTime_2510171738__sessionTime_202510171600__participant_P322__trialN_10__trialT_5__fileType_cropped.png
P322,202510171600,2510171742,11,5,20 Hz,20.0,EXPERIMENTAL,LIGHT,True,,saveTime_2510171742__sessionTime_202510171600__participant_P322__trialN_11__trialT_5__fileType_cropped.png,1,,saveTime_2510171742__sessionTime_202510171600__participant_P322__trialN_11__trialT_5__fileType_cropped.png
P322,202510171600,2510171754,12,4,15 Hz,15.0,EXPERIMENTAL,LIGHT,True,,saveTime_2510171754__sessionTime_202510171600__participant_P322__trialN_12__trialT_4__fileType_cropped.png,1,,saveTime_2510171754__sessionTime_202510171600__participant_P322__trialN_12__trialT_4__fileType_cropped.png
P322,202510171600,2510171758,13,4,15 Hz,15.0,EXPERIMENTAL,LIGHT,True,,saveTime_2510171758__sessionTime_202510171600__participant_P322__trialN_13__trialT_4__fileType_cropped.png,1,,saveTime_2510171758__sessionTime_202510171600__participant_P322__trialN_13__trialT_4__fileType_cropped.png
P322,202510171600,2510171802,14,6,40 Hz,40.0,EXPERIMENTAL,LIGHT,True,,saveTime_2510171802__sessionTime_202510171600__participant_P322__trialN_14__trialT_6__fileType_cropped.png,1,,saveTime_2510171802__sessionTime_202510171600__participant_P322__trialN_14__trialT_6__fileType_cropped.png
P322,202510171600,2510171805,15,7,80 Hz,80.0,CONTROL,LIGHT,True,,saveTime_2510171805__sessionTime_202510171600__participant_P322__trialN_15__trialT_7__fileType_cropped.png,1,,saveTime_2510171805__sessionTime_202510171600__participant_P322__trialN_15__trialT_7__fileType_cropped.png
P322,202510171600,2510171809,16,3,10 Hz,10.0,EXPERIMENTAL,LIGHT,True,,saveTime_2510171809__sessionTime_202510171600__participant_P322__trialN_16__trialT_3__fileType_cropped.png,1,,saveTime_2510171809__sessionTime_202510171600__participant_P322__trialN_16__trialT_3__fileType_cropped.png
P322,202510171600,2510171813,17,A05,,,VALIDATION,IMAGE,True,,saveTime_2510171813__sessionTime_202510171600__participant_P322__trialN_17__trialT_A05__fileType_cropped.png,1,,saveTime_2510171813__sessionTime_202510171600__participant_P322__trialN_17__trialT_A05__fileType_cropped.png
P323,202510171600,2510171655,2,3,10 Hz,10.0,EXPERIMENTAL,LIGHT,True,,saveTime_2510171655__sessionTime_202510171600__participant_P323__trialN_2__trialT_3__fileType_cropped.png,1,,saveTime_2510171655__sessionTime_202510171600__participant_P323__trialN_2__trialT_3__fileType_cropped.png
P323,202510171600,2510171706,3,2,5 Hz,5.0,EXPERIMENTAL,LIGHT,True,,saveTime_2510171706__sessionTime_202510171600__participant_P323__trialN_3__trialT_2__fileType_cropped.png,1,,saveTime_2510171706__sessionTime_202510171600__participant_P323__trialN_3__trialT_2__fileType_cropped.png
P323,202510171600,2510171708,4,1,2.5 Hz,2.5,EXPERIMENTAL,LIGHT,True,,saveTime_2510171708__sessionTime_202510171600__participant_P323__trialN_4__trialT_1__fileType_cropped.png,1,,saveTime_2510171708__sessionTime_202510171600__participant_P323__trialN_4__trialT_1__fileType_cropped.png
P323,202510171600,2510171711,5,B10,,,VALIDATION,IMAGE,True,,saveTime_2510171711__sessionTime_202510171600__participant_P323__trialN_5__trialT_B10__fileType_cropped.png,1,,saveTime_2510171711__sessionTime_202510171600__participant_P323__trialN_5__trialT_B10__fileType_cropped.png
P323,202510171600,2510171722,6,1,2.5 Hz,2.5,EXPERIMENTAL,LIGHT,True,,saveTime_2510171722__sessionTime_202510171600__participant_P323__trialN_6__trialT_1__fileType_cropped.png,1,,saveTime_2510171722__sessionTime_202510171600__participant_P323__trialN_6__trialT_1__fileType_cropped.png
P323,202510171600,2510171726,7,C12,,,VALIDATION,IMAGE,True,,saveTime_2510171726__sessionTime_202510171600__participant_P323__trialN_7__trialT_C12__fileType_cropped.png,1,,saveTime_2510171726__sessionTime_202510171600__participant_P323__trialN_7__trialT_C12__fileType_cropped.png
P323,202510171600,2510171730,8,6,40 Hz,40.0,EXPERIMENTAL,LIGHT,True,,saveTime_2510171730__sessionTime_202510171600__participant_P323__trialN_8__trialT_6__fileType_cropped.png,1,,saveTime_2510171730__sessionTime_202510171600__participant_P323__trialN_8__trialT_6__fileType_cropped.png
P323,202510171600,2510171734,9,2,5 Hz,5.0,EXPERIMENTAL,LIGHT,True,,saveTime_2510171734__sessionTime_202510171600__participant_P323__trialN_9__trialT_2__fileType_cropped.png,1,,saveTime_2510171734__sessionTime_202510171600__participant_P323__trialN_9__trialT_2__fileType_cropped.png
P323,202510171600,2510171737,10,5,20 Hz,20.0,EXPERIMENTAL,LIGHT,True,,saveTime_2510171737__sessionTime_202510171600__participant_P323__trialN_10__trialT_5__fileType_cropped.png,1,,saveTime_2510171737__sessionTime_202510171600__participant_P323__trialN_10__trialT_5__fileType_cropped.png
P323,202510171600,2510171743,11,5,20 Hz,20.0,EXPERIMENTAL,LIGHT,True,,saveTime_2510171743__sessionTime_202510171600__participant_P323__trialN_11__trialT_5__fileType_cropped.png,1,,saveTime_2510171743__sessionTime_202510171600__participant_P323__trialN_11__trialT_5__fileType_cropped.png
P323,202510171600,2510171754,12,4,15 Hz,15.0,EXPERIMENTAL,LIGHT,True,,saveTime_2510171754__sessionTime_202510171600__participant_P323__trialN_12__trialT_4__fileType_cropped.png,1,,saveTime_2510171754__sessionTime_202510171600__participant_P323__trialN_12__trialT_4__fileType_cropped.png
P323,202510171600,2510171757,13,4,15 Hz,15.0,EXPERIMENTAL,LIGHT,True,,saveTime_2510171757__sessionTime_202510171600__participant_P323__trialN_13__trialT_4__fileType_cropped.png,1,,saveTime_2510171757__sessionTime_202510171600__participant_P323__trialN_13__trialT_4__fileType_cropped.png
P323,202510171600,2510171802,14,6,40 Hz,40.0,EXPERIMENTAL,LIGHT,True,,saveTime_2510171802__sessionTime_202510171600__participant_P323__trialN_14__trialT_6__fileType_cropped.png,1,,saveTime_2510171802__sessionTime_202510171600__participant_P323__trialN_14__trialT_6__fileType_cropped.png
P323,202510171600,2510171805,15,7,80 Hz,80.0,CONTROL,LIGHT,True,,saveTime_2510171805__sessionTime_202510171600__participant_P323__trialN_15__trialT_7__fileType_cropped.png,1,,saveTime_2510171805__sessionTime_202510171600__participant_P323__trialN_15__trialT_7__fileType_cropped.png
P323,202510171600,2510171808,16,3,10 Hz,10.0,EXPERIMENTAL,LIGHT,True,,saveTime_2510171808__sessionTime_202510171600__participant_P323__trialN_16__trialT_3__fileType_cropped.png,1,,saveTime_2510171808__sessionTime_202510171600__participant_P323__trialN_16__trialT_3__fileType_cropped.png
P323,202510171600,2510171812,17,A10,,,VALIDATION,IMAGE,True,,saveTime_2510171812__sessionTime_202510171600__participant_P323__trialN_17__trialT_A10__fileType_cropped.png,1,,saveTime_2510171812__sessionTime_202510171600__participant_P323__trialN_17__trialT_A10__fileType_cropped.png
P324,202510171600,2510171655,2,3,10 Hz,10.0,EXPERIMENTAL,LIGHT,True,,saveTime_2510171655__sessionTime_202510171600__participant_P324__trialN_2__trialT_3__fileType_cropped.png,1,,saveTime_2510171655__sessionTime_202510171600__participant_P324__trialN_2__trialT_3__fileType_cropped.png
P324,202510171600,2510171706,4,1,2.5 Hz,2.5,EXPERIMENTAL,LIGHT,True,,saveTime_2510171706__sessionTime_202510171600__participant_P324__trialN_4__trialT_1__fileType_cropped.png,1,,saveTime_2510171706__sessionTime_202510171600__participant_P324__trialN_4__trialT_1__fileType_cropped.png
P324,202510171600,2510171711,5,B07,,,VALIDATION,IMAGE,True,,saveTime_2510171711__sessionTime_202510171600__participant_P324__trialN_5__trialT_B07__fileType_cropped.png,1,,saveTime_2510171711__sessionTime_202510171600__participant_P324__trialN_5__trialT_B07__fileType_cropped.png
P324,202510171600,2510171722,6,1,2.5 Hz,2.5,EXPERIMENTAL,LIGHT,True,,saveTime_2510171722__sessionTime_202510171600__participant_P324__trialN_6__trialT_1__fileType_cropped.png,1,,saveTime_2510171722__sessionTime_202510171600__participant_P324__trialN_6__trialT_1__fileType_cropped.png
P324,202510171600,2510171726,7,C04,,,VALIDATION,IMAGE,True,,saveTime_2510171726__sessionTime_202510171600__participant_P324__trialN_7__trialT_C04__fileType_cropped.png,1,,saveTime_2510171726__sessionTime_202510171600__participant_P324__trialN_7__trialT_C04__fileType_cropped.png
P324,202510171600,2510171729,8,6,40 Hz,40.0,EXPERIMENTAL,LIGHT,True,,saveTime_2510171729__sessionTime_202510171600__participant_P324__trialN_8__trialT_6__fileType_cropped.png,1,,saveTime_2510171729__sessionTime_202510171600__participant_P324__trialN_8__trialT_6__fileType_cropped.png
P324,202510171600,2510171734,9,2,5 Hz,5.0,EXPERIMENTAL,LIGHT,True,,saveTime_2510171734__sessionTime_202510171600__participant_P324__trialN_9__trialT_2__fileType_cropped.png,1,,saveTime_2510171734__sessionTime_202510171600__participant_P324__trialN_9__trialT_2__fileType_cropped.png
P324,202510171600,2510171737,10,5,20 Hz,20.0,EXPERIMENTAL,LIGHT,True,,saveTime_2510171737__sessionTime_202510171600__participant_P324__trialN_10__trialT_5__fileType_cropped.png,1,,saveTime_2510171737__sessionTime_202510171600__participant_P324__trialN_10__trialT_5__fileType_cropped.png
P324,202510171600,2510171742,11,5,20 Hz,20.0,EXPERIMENTAL,LIGHT,True,,saveTime_2510171742__sessionTime_202510171600__participant_P324__trialN_11__trialT_5__fileType_cropped.png,1,,saveTime_2510171742__sessionTime_202510171600__participant_P324__trialN_11__trialT_5__fileType_cropped.png
P324,202510171600,2510171753,12,4,15 Hz,15.0,EXPERIMENTAL,LIGHT,True,,saveTime_2510171753__sessionTime_202510171600__participant_P324__trialN_12__trialT_4__fileType_cropped.png,1,,saveTime_2510171753__sessionTime_202510171600__participant_P324__trialN_12__trialT_4__fileType_cropped.png
P324,202510171600,2510171757,13,4,15 Hz,15.0,EXPERIMENTAL,LIGHT,True,,saveTime_2510171757__sessionTime_202510171600__participant_P324__trialN_13__trialT_4__fileType_cropped.png,1,,saveTime_2510171757__sessionTime_202510171600__participant_P324__trialN_13__trialT_4__fileType_cropped.png
P324,202510171600,2510171801,14,6,40 Hz,40.0,EXPERIMENTAL,LIGHT,True,,saveTime_2510171801__sessionTime_202510171600__participant_P324__trialN_14__trialT_6__fileType_cropped.png,1,,saveTime_2510171801__sessionTime_202510171600__participant_P324__trialN_14__trialT_6__fileType_cropped.png
P324,202510171600,2510171805,15,7,80 Hz,80.0,CONTROL,LIGHT,True,,saveTime_2510171805__sessionTime_202510171600__participant_P324__trialN_15__trialT_7__fileType_cropped.png,1,,saveTime_2510171805__sessionTime_202510171600__participant_P324__trialN_15__trialT_7__fileType_cropped.png
P324,202510171600,2510171808,16,3,10 Hz,10.0,EXPERIMENTAL,LIGHT,True,,saveTime_2510171808__sessionTime_202510171600__participant_P324__trialN_16__trialT_3__fileType_cropped.png,1,,saveTime_2510171808__sessionTime_202510171600__participant_P324__trialN_16__trialT_3__fileType_cropped.png
P324,202510171600,2510171811,17,A00,,,VALIDATION,IMAGE,True,,saveTime_2510171811__sessionTime_202510171600__participant_P324__trialN_17__trialT_A00__fileType_cropped.png,1,,saveTime_2510171811__sessionTime_202510171600__participant_P324__trialN_17__trialT_A00__fileType_cropped.png
P324,202510171600,2512021511,101,2,5 Hz,5.0,EXPERIMENTAL,LIGHT,True,,saveTime_2512021511__sessionTime_202510171600__participant_P324__trialN_101__trialT_2__fileType_cropped.png,1,,saveTime_2512021511__sessionTime_202510171600__participant_P324__trialN_101__trialT_2__fileType_cropped.png
P325,202510180920,2510181017,2,B03,,,VALIDATION,IMAGE,True,,saveTime_2510181017__sessionTime_202510180920__participant_P325__trialN_2__trialT_B03__fileType_cropped.png,1,,saveTime_2510181017__sessionTime_202510180920__participant_P325__trialN_2__trialT_B03__fileType_cropped.png
P325,202510180920,2510181021,3,1,2.5 Hz,2.5,EXPERIMENTAL,LIGHT,True,,saveTime_2510181021__sessionTime_202510180920__participant_P325__trialN_3__trialT_1__fileType_cropped.png,1,,saveTime_2510181021__sessionTime_202510180920__participant_P325__trialN_3__trialT_1__fileType_cropped.png
P325,202510180920,2510181025,4,1,2.5 Hz,2.5,EXPERIMENTAL,LIGHT,True,,saveTime_2510181025__sessionTime_202510180920__participant_P325__trialN_4__trialT_1__fileType_cropped.png,1,,saveTime_2510181025__sessionTime_202510180920__participant_P325__trialN_4__trialT_1__fileType_cropped.png
P325,202510180920,2510181029,5,2,5 Hz,5.0,EXPERIMENTAL,LIGHT,True,,saveTime_2510181029__sessionTime_202510180920__participant_P325__trialN_5__trialT_2__fileType_cropped.png,1,,saveTime_2510181029__sessionTime_202510180920__participant_P325__trialN_5__trialT_2__fileType_cropped.png
P325,202510180920,2510181043,6,3,10 Hz,10.0,EXPERIMENTAL,LIGHT,True,,saveTime_2510181043__sessionTime_202510180920__participant_P325__trialN_6__trialT_3__fileType_cropped.png,1,,saveTime_2510181043__sessionTime_202510180920__participant_P325__trialN_6__trialT_3__fileType_cropped.png
P325,202510180920,2510181047,7,4,15 Hz,15.0,EXPERIMENTAL,LIGHT,True,,saveTime_2510181047__sessionTime_202510180920__participant_P325__trialN_7__trialT_4__fileType_cropped.png,1,,saveTime_2510181047__sessionTime_202510180920__participant_P325__trialN_7__trialT_4__fileType_cropped.png
P325,202510180920,2510181050,8,3,10 Hz,10.0,EXPERIMENTAL,LIGHT,True,,saveTime_2510181050__sessionTime_202510180920__participant_P325__trialN_8__trialT_3__fileType_cropped.png,1,,saveTime_2510181050__sessionTime_202510180920__participant_P325__trialN_8__trialT_3__fileType_cropped.png
P325,202510180920,2510181055,9,6,40 Hz,40.0,EXPERIMENTAL,LIGHT,True,,saveTime_2510181055__sessionTime_202510180920__participant_P325__trialN_9__trialT_6__fileType_cropped.png,1,,saveTime_2510181055__sessionTime_202510180920__participant_P325__trialN_9__trialT_6__fileType_cropped.png
P325,202510180920,2510181058,10,C12,,,VALIDATION,IMAGE,True,,saveTime_2510181058__sessionTime_202510180920__participant_P325__trialN_10__trialT_C12__fileType_cropped.png,1,,saveTime_2510181058__sessionTime_202510180920__participant_P325__trialN_10__trialT_C12__fileType_cropped.png
P325,202510180920,2510181102,11,A11,,,VALIDATION,IMAGE,True,,saveTime_2510181102__sessionTime_202510180920__participant_P325__trialN_11__trialT_A11__fileType_cropped.png,1,,saveTime_2510181102__sessionTime_202510180920__participant_P325__trialN_11__trialT_A11__fileType_cropped.png
P325,202510180920,2510181112,12,7,80 Hz,80.0,CONTROL,LIGHT,True,,saveTime_2510181112__sessionTime_202510180920__participant_P325__trialN_12__trialT_7__fileType_cropped.png,1,,saveTime_2510181112__sessionTime_202510180920__participant_P325__trialN_12__trialT_7__fileType_cropped.png
P325,202510180920,2510181116,13,6,40 Hz,40.0,EXPERIMENTAL,LIGHT,True,,saveTime_2510181116__sessionTime_202510180920__participant_P325__trialN_13__trialT_6__fileType_cropped.png,1,,saveTime_2510181116__sessionTime_202510180920__participant_P325__trialN_13__trialT_6__fileType_cropped.png
P325,202510180920,2510181120,14,4,15 Hz,15.0,EXPERIMENTAL,LIGHT,True,,saveTime_2510181120__sessionTime_202510180920__participant_P325__trialN_14__trialT_4__fileType_cropped.png,1,,saveTime_2510181120__sessionTime_202510180920__participant_P325__trialN_14__trialT_4__fileType_cropped.png
P325,202510180920,2510181125,15,2,5 Hz,5.0,EXPERIMENTAL,LIGHT,True,,saveTime_2510181125__sessionTime_202510180920__participant_P325__trialN_15__trialT_2__fileType_cropped.png,1,,saveTime_2510181125__sessionTime_202510180920__participant_P325__trialN_15__trialT_2__fileType_cropped.png
P325,202510180920,2510181128,16,5,20 Hz,20.0,EXPERIMENTAL,LIGHT,True,,saveTime_2510181128__sessionTime_202510180920__participant_P325__trialN_16__trialT_5__fileType_cropped.png,1,,saveTime_2510181128__sessionTime_202510180920__participant_P325__trialN_16__trialT_5__fileType_cropped.png
P325,202510180920,2510181132,17,5,20 Hz,20.0,EXPERIMENTAL,LIGHT,True,,saveTime_2510181132__sessionTime_202510180920__participant_P325__trialN_17__trialT_5__fileType_cropped.png,1,,saveTime_2510181132__sessionTime_202510180920__participant_P325__trialN_17__trialT_5__fileType_cropped.png
P326,202510180920,2510181018,2,B13,,,VALIDATION,IMAGE,True,,saveTime_2510181018__sessionTime_202510180920__participant_P326__trialN_2__trialT_B13__fileType_cropped.png,1,,saveTime_2510181018__sessionTime_202510180920__participant_P326__trialN_2__trialT_B13__fileType_cropped.png
P326,202510180920,2510181022,3,1,2.5 Hz,2.5,EXPERIMENTAL,LIGHT,True,,saveTime_2510181022__sessionTime_202510180920__participant_P326__trialN_3__trialT_1__fileType_cropped.png,1,,saveTime_2510181022__sessionTime_202510180920__participant_P326__trialN_3__trialT_1__fileType_cropped.png
P326,202510180920,2510181025,4,1,2.5 Hz,2.5,EXPERIMENTAL,LIGHT,True,,saveTime_2510181025__sessionTime_202510180920__participant_P326__trialN_4__trialT_1__fileType_cropped.png,1,,saveTime_2510181025__sessionTime_202510180920__participant_P326__trialN_4__trialT_1__fileType_cropped.png
P326,202510180920,2510181032,5,2,5 Hz,5.0,EXPERIMENTAL,LIGHT,True,,saveTime_2510181032__sessionTime_202510180920__participant_P326__trialN_5__trialT_2__fileType_cropped.png,1,,saveTime_2510181032__sessionTime_202510180920__participant_P326__trialN_5__trialT_2__fileType_cropped.png
P326,202510180920,2510181043,6,3,10 Hz,10.0,EXPERIMENTAL,LIGHT,True,,saveTime_2510181043__sessionTime_202510180920__participant_P326__trialN_6__trialT_3__fileType_cropped.png,1,,saveTime_2510181043__sessionTime_202510180920__participant_P326__trialN_6__trialT_3__fileType_cropped.png
P326,202510180920,2510181047,7,4,15 Hz,15.0,EXPERIMENTAL,LIGHT,True,,saveTime_2510181047__sessionTime_202510180920__participant_P326__trialN_7__trialT_4__fileType_cropped.png,1,,saveTime_2510181047__sessionTime_202510180920__participant_P326__trialN_7__trialT_4__fileType_cropped.png
P326,202510180920,2510181051,8,3,10 Hz,10.0,EXPERIMENTAL,LIGHT,True,,saveTime_2510181051__sessionTime_202510180920__participant_P326__trialN_8__trialT_3__fileType_cropped.png,1,,saveTime_2510181051__sessionTime_202510180920__participant_P326__trialN_8__trialT_3__fileType_cropped.png
P326,202510180920,2510181055,9,6,40 Hz,40.0,EXPERIMENTAL,LIGHT,True,,saveTime_2510181055__sessionTime_202510180920__participant_P326__trialN_9__trialT_6__fileType_cropped.png,1,,saveTime_2510181055__sessionTime_202510180920__participant_P326__trialN_9__trialT_6__fileType_cropped.png
P326,202510180920,2510181059,10,C06,,,VALIDATION,IMAGE,True,,saveTime_2510181059__sessionTime_202510180920__participant_P326__trialN_10__trialT_C06__fileType_cropped.png,1,,saveTime_2510181059__sessionTime_202510180920__participant_P326__trialN_10__trialT_C06__fileType_cropped.png
P326,202510180920,2510181102,11,A08,,,VALIDATION,IMAGE,True,,saveTime_2510181102__sessionTime_202510180920__participant_P326__trialN_11__trialT_A08__fileType_cropped.png,1,,saveTime_2510181102__sessionTime_202510180920__participant_P326__trialN_11__trialT_A08__fileType_cropped.png
P326,202510180920,2510181112,12,7,80 Hz,80.0,CONTROL,LIGHT,True,,saveTime_2510181112__sessionTime_202510180920__participant_P326__trialN_12__trialT_7__fileType_cropped.png,1,,saveTime_2510181112__sessionTime_202510180920__participant_P326__trialN_12__trialT_7__fileType_cropped.png
P326,202510180920,2510181117,13,6,40 Hz,40.0,EXPERIMENTAL,LIGHT,True,,saveTime_2510181117__sessionTime_202510180920__participant_P326__trialN_13__trialT_6__fileType_cropped.png,1,,saveTime_2510181117__sessionTime_202510180920__participant_P326__trialN_13__trialT_6__fileType_cropped.png
P326,202510180920,2510181121,14,4,15 Hz,15.0,EXPERIMENTAL,LIGHT,True,,saveTime_2510181121__sessionTime_202510180920__participant_P326__trialN_14__trialT_4__fileType_cropped.png,1,,saveTime_2510181121__sessionTime_202510180920__participant_P326__trialN_14__trialT_4__fileType_cropped.png
P326,202510180920,2510181125,15,2,5 Hz,5.0,EXPERIMENTAL,LIGHT,True,,saveTime_2510181125__sessionTime_202510180920__participant_P326__trialN_15__trialT_2__fileType_cropped.png,1,,saveTime_2510181125__sessionTime_202510180920__participant_P326__trialN_15__trialT_2__fileType_cropped.png
P326,202510180920,2510181129,16,5,20 Hz,20.0,EXPERIMENTAL,LIGHT,True,,saveTime_2510181129__sessionTime_202510180920__participant_P326__trialN_16__trialT_5__fileType_cropped.png,1,,saveTime_2510181129__sessionTime_202510180920__participant_P326__trialN_16__trialT_5__fileType_cropped.png
P326,202510180920,2510181133,17,5,20 Hz,20.0,EXPERIMENTAL,LIGHT,True,,saveTime_2510181133__sessionTime_202510180920__participant_P326__trialN_17__trialT_5__fileType_cropped.png,1,,saveTime_2510181133__sessionTime_202510180920__participant_P326__trialN_17__trialT_5__fileType_cropped.png
P327,202510180920,2510181018,2,B11,,,VALIDATION,IMAGE,True,,saveTime_2510181018__sessionTime_202510180920__participant_P327__trialN_2__trialT_B11__fileType_cropped.png,1,,saveTime_2510181018__sessionTime_202510180920__participant_P327__trialN_2__trialT_B11__fileType_cropped.png
P327,202510180920,2510181021,3,1,2.5 Hz,2.5,EXPERIMENTAL,LIGHT,True,,saveTime_2510181021__sessionTime_202510180920__participant_P327__trialN_3__trialT_1__fileType_cropped.png,1,,saveTime_2510181021__sessionTime_202510180920__participant_P327__trialN_3__trialT_1__fileType_cropped.png
P327,202510180920,2510181026,4,1,2.5 Hz,2.5,EXPERIMENTAL,LIGHT,True,,saveTime_2510181026__sessionTime_202510180920__participant_P327__trialN_4__trialT_1__fileType_cropped.png,1,,saveTime_2510181026__sessionTime_202510180920__participant_P327__trialN_4__trialT_1__fileType_cropped.png
P327,202510180920,2510181030,5,2,5 Hz,5.0,EXPERIMENTAL,LIGHT,True,,saveTime_2510181030__sessionTime_202510180920__participant_P327__trialN_5__trialT_2__fileType_cropped.png,1,,saveTime_2510181030__sessionTime_202510180920__participant_P327__trialN_5__trialT_2__fileType_cropped.png
P327,202510180920,2510181043,6,3,10 Hz,10.0,EXPERIMENTAL,LIGHT,True,,saveTime_2510181043__sessionTime_202510180920__participant_P327__trialN_6__trialT_3__fileType_cropped.png,1,,saveTime_2510181043__sessionTime_202510180920__participant_P327__trialN_6__trialT_3__fileType_cropped.png
P327,202510180920,2510181047,7,4,15 Hz,15.0,EXPERIMENTAL,LIGHT,True,,saveTime_2510181047__sessionTime_202510180920__participant_P327__trialN_7__trialT_4__fileType_cropped.png,1,,saveTime_2510181047__sessionTime_202510180920__participant_P327__trialN_7__trialT_4__fileType_cropped.png
P327,202510180920,2510181050,8,3,10 Hz,10.0,EXPERIMENTAL,LIGHT,True,,saveTime_2510181050__sessionTime_202510180920__participant_P327__trialN_8__trialT_3__fileType_cropped.png,1,,saveTime_2510181050__sessionTime_202510180920__participant_P327__trialN_8__trialT_3__fileType_cropped.png
P327,202510180920,2510181055,9,6,40 Hz,40.0,EXPERIMENTAL,LIGHT,True,,saveTime_2510181055__sessionTime_202510180920__participant_P327__trialN_9__trialT_6__fileType_cropped.png,1,,saveTime_2510181055__sessionTime_202510180920__participant_P327__trialN_9__trialT_6__fileType_cropped.png
P327,202510180920,2510181058,10,C00,,,VALIDATION,IMAGE,True,,saveTime_2510181058__sessionTime_202510180920__participant_P327__trialN_10__trialT_C00__fileType_cropped.png,1,,saveTime_2510181058__sessionTime_202510180920__participant_P327__trialN_10__trialT_C00__fileType_cropped.png
P327,202510180920,2510181101,11,A03,,,VALIDATION,IMAGE,True,,saveTime_2510181101__sessionTime_202510180920__participant_P327__trialN_11__trialT_A03__fileType_cropped.png,1,,saveTime_2510181101__sessionTime_202510180920__participant_P327__trialN_11__trialT_A03__fileType_cropped.png
P327,202510180920,2510181110,12,7,80 Hz,80.0,CONTROL,LIGHT,True,,saveTime_2510181110__sessionTime_202510180920__participant_P327__trialN_12__trialT_7__fileType_cropped.png,1,,saveTime_2510181110__sessionTime_202510180920__participant_P327__trialN_12__trialT_7__fileType_cropped.png
P327,202510180920,2510181117,13,6,40 Hz,40.0,EXPERIMENTAL,LIGHT,True,,saveTime_2510181117__sessionTime_202510180920__participant_P327__trialN_13__trialT_6__fileType_cropped.png,1,,saveTime_2510181117__sessionTime_202510180920__participant_P327__trialN_13__trialT_6__fileType_cropped.png
P327,202510180920,2510181121,14,4,15 Hz,15.0,EXPERIMENTAL,LIGHT,True,,saveTime_2510181121__sessionTime_202510180920__participant_P327__trialN_14__trialT_4__fileType_cropped.png,1,,saveTime_2510181121__sessionTime_202510180920__participant_P327__trialN_14__trialT_4__fileType_cropped.png
P327,202510180920,2510181124,15,2,5 Hz,5.0,EXPERIMENTAL,LIGHT,True,,saveTime_2510181124__sessionTime_202510180920__participant_P327__trialN_15__trialT_2__fileType_cropped.png,1,,saveTime_2510181124__sessionTime_202510180920__participant_P327__trialN_15__trialT_2__fileType_cropped.png
P327,202510180920,2510181128,16,5,20 Hz,20.0,EXPERIMENTAL,LIGHT,True,,saveTime_2510181128__sessionTime_202510180920__participant_P327__trialN_16__trialT_5__fileType_cropped.png,1,,saveTime_2510181128__sessionTime_202510180920__participant_P327__trialN_16__trialT_5__fileType_cropped.png
P327,202510180920,2510181131,17,5,20 Hz,20.0,EXPERIMENTAL,LIGHT,True,,saveTime_2510181131__sessionTime_202510180920__participant_P327__trialN_17__trialT_5__fileType_cropped.png,1,,saveTime_2510181131__sessionTime_202510180920__participant_P327__trialN_17__trialT_5__fileType_cropped.png
P328,202510180920,2510181018,2,B05,,,VALIDATION,IMAGE,True,,saveTime_2510181018__sessionTime_202510180920__participant_P328__trialN_2__trialT_B05__fileType_cropped.png,1,,saveTime_2510181018__sessionTime_202510180920__participant_P328__trialN_2__trialT_B05__fileType_cropped.png
P328,202510180920,2510181022,3,1,2.5 Hz,2.5,EXPERIMENTAL,LIGHT,True,,saveTime_2510181022__sessionTime_202510180920__participant_P328__trialN_3__trialT_1__fileType_cropped.png,1,,saveTime_2510181022__sessionTime_202510180920__participant_P328__trialN_3__trialT_1__fileType_cropped.png
P328,202510180920,2510181026,4,1,2.5 Hz,2.5,EXPERIMENTAL,LIGHT,True,,saveTime_2510181026__sessionTime_202510180920__participant_P328__trialN_4__trialT_1__fileType_cropped.png,1,,saveTime_2510181026__sessionTime_202510180920__participant_P328__trialN_4__trialT_1__fileType_cropped.png
P328,202510180920,2510181032,5,2,5 Hz,5.0,EXPERIMENTAL,LIGHT,True,,saveTime_2510181032__sessionTime_202510180920__participant_P328__trialN_5__trialT_2__fileType_cropped.png,1,,saveTime_2510181032__sessionTime_202510180920__participant_P328__trialN_5__trialT_2__fileType_cropped.png
P328,202510180920,2510181044,6,3,10 Hz,10.0,EXPERIMENTAL,LIGHT,True,,saveTime_2510181044__sessionTime_202510180920__participant_P328__trialN_6__trialT_3__fileType_cropped.png,1,,saveTime_2510181044__sessionTime_202510180920__participant_P328__trialN_6__trialT_3__fileType_cropped.png
P328,202510180920,2510181048,7,4,15 Hz,15.0,EXPERIMENTAL,LIGHT,True,,saveTime_2510181048__sessionTime_202510180920__participant_P328__trialN_7__trialT_4__fileType_cropped.png,1,,saveTime_2510181048__sessionTime_202510180920__participant_P328__trialN_7__trialT_4__fileType_cropped.png
P328,202510180920,2510181051,8,3,10 Hz,10.0,EXPERIMENTAL,LIGHT,True,,saveTime_2510181051__sessionTime_202510180920__participant_P328__trialN_8__trialT_3__fileType_cropped.png,1,,saveTime_2510181051__sessionTime_202510180920__participant_P328__trialN_8__trialT_3__fileType_cropped.png
P328,202510180920,2510181055,9,6,40 Hz,40.0,EXPERIMENTAL,LIGHT,True,,saveTime_2510181055__sessionTime_202510180920__participant_P328__trialN_9__trialT_6__fileType_cropped.png,1,,saveTime_2510181055__sessionTime_202510180920__participant_P328__trialN_9__trialT_6__fileType_cropped.png
P328,202510180920,2510181059,10,C05,,,VALIDATION,IMAGE,True,,saveTime_2510181059__sessionTime_202510180920__participant_P328__trialN_10__trialT_C05__fileType_cropped.png,1,,saveTime_2510181059__sessionTime_202510180920__participant_P328__trialN_10__trialT_C05__fileType_cropped.png
P328,202510180920,2510181103,11,A07,,,VALIDATION,IMAGE,True,,saveTime_2510181103__sessionTime_202510180920__participant_P328__trialN_11__trialT_A07__fileType_cropped.png,1,,saveTime_2510181103__sessionTime_202510180920__participant_P328__trialN_11__trialT_A07__fileType_cropped.png
P328,202510180920,2510181113,12,7,80 Hz,80.0,CONTROL,LIGHT,True,,saveTime_2510181113__sessionTime_202510180920__participant_P328__trialN_12__trialT_7__fileType_cropped.png,1,,saveTime_2510181113__sessionTime_202510180920__participant_P328__trialN_12__trialT_7__fileType_cropped.png
P328,202510180920,2510181117,13,6,40 Hz,40.0,EXPERIMENTAL,LIGHT,True,,saveTime_2510181117__sessionTime_202510180920__participant_P328__trialN_13__trialT_6__fileType_cropped.png,1,,saveTime_2510181117__sessionTime_202510180920__participant_P328__trialN_13__trialT_6__fileType_cropped.png
P328,202510180920,2510181121,14,4,15 Hz,15.0,EXPERIMENTAL,LIGHT,True,,saveTime_2510181121__sessionTime_202510180920__participant_P328__trialN_14__trialT_4__fileType_cropped.png,1,,saveTime_2510181121__sessionTime_202510180920__participant_P328__trialN_14__trialT_4__fileType_cropped.png
P328,202510180920,2510181125,15,2,5 Hz,5.0,EXPERIMENTAL,LIGHT,True,,saveTime_2510181125__sessionTime_202510180920__participant_P328__trialN_15__trialT_2__fileType_cropped.png,1,,saveTime_2510181125__sessionTime_202510180920__participant_P328__trialN_15__trialT_2__fileType_cropped.png
P328,202510180920,2510181129,16,5,20 Hz,20.0,EXPERIMENTAL,LIGHT,True,,saveTime_2510181129__sessionTime_202510180920__participant_P328__trialN_16__trialT_5__fileType_cropped.png,1,,saveTime_2510181129__sessionTime_202510180920__participant_P328__trialN_16__trialT_5__fileType_cropped.png
P328,202510180920,2510181133,17,5,20 Hz,20.0,EXPERIMENTAL,LIGHT,True,,saveTime_2510181133__sessionTime_202510180920__participant_P328__trialN_17__trialT_5__fileType_cropped.png,1,,saveTime_2510181133__sessionTime_202510180920__participant_P328__trialN_17__trialT_5__fileType_cropped.png
P329,202510181240,2510181326,2,7,80 Hz,80.0,CONTROL,LIGHT,True,,saveTime_2510181326__sessionTime_202510181240__participant_P329__trialN_2__trialT_7__fileType_cropped.png,1,,saveTime_2510181326__sessionTime_202510181240__participant_P329__trialN_2__trialT_7__fileType_cropped.png
P329,202510181240,2510181331,3,1,2.5 Hz,2.5,EXPERIMENTAL,LIGHT,True,,saveTime_2510181331__sessionTime_202510181240__participant_P329__trialN_3__trialT_1__fileType_cropped.png,1,,saveTime_2510181331__sessionTime_202510181240__participant_P329__trialN_3__trialT_1__fileType_cropped.png
P329,202510181240,2510181335,4,6,40 Hz,40.0,EXPERIMENTAL,LIGHT,True,,saveTime_2510181335__sessionTime_202510181240__participant_P329__trialN_4__trialT_6__fileType_cropped.png,1,,saveTime_2510181335__sessionTime_202510181240__participant_P329__trialN_4__trialT_6__fileType_cropped.png
P329,202510181240,2510181338,5,5,20 Hz,20.0,EXPERIMENTAL,LIGHT,True,,saveTime_2510181338__sessionTime_202510181240__participant_P329__trialN_5__trialT_5__fileType_cropped.png,1,,saveTime_2510181338__sessionTime_202510181240__participant_P329__trialN_5__trialT_5__fileType_cropped.png
P329,202510181240,2510181352,6,A08,,,VALIDATION,IMAGE,True,,saveTime_2510181352__sessionTime_202510181240__participant_P329__trialN_6__trialT_A08__fileType_cropped.png,1,,saveTime_2510181352__sessionTime_202510181240__participant_P329__trialN_6__trialT_A08__fileType_cropped.png
P329,202510181240,2510181355,7,B03,,,VALIDATION,IMAGE,True,,saveTime_2510181355__sessionTime_202510181240__participant_P329__trialN_7__trialT_B03__fileType_cropped.png,1,,saveTime_2510181355__sessionTime_202510181240__participant_P329__trialN_7__trialT_B03__fileType_cropped.png
P329,202510181240,2510181359,8,1,2.5 Hz,2.5,EXPERIMENTAL,LIGHT,True,,saveTime_2510181359__sessionTime_202510181240__participant_P329__trialN_8__trialT_1__fileType_cropped.png,1,,saveTime_2510181359__sessionTime_202510181240__participant_P329__trialN_8__trialT_1__fileType_cropped.png
P329,202510181240,2510181403,9,4,15 Hz,15.0,EXPERIMENTAL,LIGHT,True,,saveTime_2510181403__sessionTime_202510181240__participant_P329__trialN_9__trialT_4__fileType_cropped.png,1,,saveTime_2510181403__sessionTime_202510181240__participant_P329__trialN_9__trialT_4__fileType_cropped.png
P329,202510181240,2510181406,10,2,5 Hz,5.0,EXPERIMENTAL,LIGHT,True,,saveTime_2510181406__sessionTime_202510181240__participant_P329__trialN_10__trialT_2__fileType_cropped.png,1,,saveTime_2510181406__sessionTime_202510181240__participant_P329__trialN_10__trialT_2__fileType_cropped.png
P329,202510181240,2510181409,11,6,40 Hz,40.0,EXPERIMENTAL,LIGHT,True,,saveTime_2510181409__sessionTime_202510181240__participant_P329__trialN_11__trialT_6__fileType_cropped.png,1,,saveTime_2510181409__sessionTime_202510181240__participant_P329__trialN_11__trialT_6__fileType_cropped.png
P329,202510181240,2510181421,12,3,10 Hz,10.0,EXPERIMENTAL,LIGHT,True,,saveTime_2510181421__sessionTime_202510181240__participant_P329__trialN_12__trialT_3__fileType_cropped.png,1,,saveTime_2510181421__sessionTime_202510181240__participant_P329__trialN_12__trialT_3__fileType_cropped.png
P329,202510181240,2510181424,13,3,10 Hz,10.0,EXPERIMENTAL,LIGHT,True,,saveTime_2510181424__sessionTime_202510181240__participant_P329__trialN_13__trialT_3__fileType_cropped.png,1,,saveTime_2510181424__sessionTime_202510181240__participant_P329__trialN_13__trialT_3__fileType_cropped.png
P329,202510181240,2510181427,14,C01,,,VALIDATION,IMAGE,True,,saveTime_2510181427__sessionTime_202510181240__participant_P329__trialN_14__trialT_C01__fileType_cropped.png,1,,saveTime_2510181427__sessionTime_202510181240__participant_P329__trialN_14__trialT_C01__fileType_cropped.png
P329,202510181240,2510181431,15,5,20 Hz,20.0,EXPERIMENTAL,LIGHT,True,,saveTime_2510181431__sessionTime_202510181240__participant_P329__trialN_15__trialT_5__fileType_cropped.png,1,,saveTime_2510181431__sessionTime_202510181240__participant_P329__trialN_15__trialT_5__fileType_cropped.png
P329,202510181240,2510181434,16,4,15 Hz,15.0,EXPERIMENTAL,LIGHT,True,,saveTime_2510181434__sessionTime_202510181240__participant_P329__trialN_16__trialT_4__fileType_cropped.png,1,,saveTime_2510181434__sessionTime_202510181240__participant_P329__trialN_16__trialT_4__fileType_cropped.png
P329,202510181240,2510181437,17,2,5 Hz,5.0,EXPERIMENTAL,LIGHT,True,,saveTime_2510181437__sessionTime_202510181240__participant_P329__trialN_17__trialT_2__fileType_cropped.png,1,,saveTime_2510181437__sessionTime_202510181240__participant_P329__trialN_17__trialT_2__fileType_cropped.png
P330,202510181240,2510181327,2,7,80 Hz,80.0,CONTROL,LIGHT,True,,saveTime_2510181327__sessionTime_202510181240__participant_P330__trialN_2__trialT_7__fileType_cropped.png,1,,saveTime_2510181327__sessionTime_202510181240__participant_P330__trialN_2__trialT_7__fileType_cropped.png
P330,202510181240,2510181331,3,1,2.5 Hz,2.5,EXPERIMENTAL,LIGHT,True,,saveTime_2510181331__sessionTime_202510181240__participant_P330__trialN_3__trialT_1__fileType_cropped.png,1,,saveTime_2510181331__sessionTime_202510181240__participant_P330__trialN_3__trialT_1__fileType_cropped.png
P330,202510181240,2510181335,4,6,40 Hz,40.0,EXPERIMENTAL,LIGHT,True,,saveTime_2510181335__sessionTime_202510181240__participant_P330__trialN_4__trialT_6__fileType_cropped.png,1,,saveTime_2510181335__sessionTime_202510181240__participant_P330__trialN_4__trialT_6__fileType_cropped.png
P330,202510181240,2510181338,5,5,20 Hz,20.0,EXPERIMENTAL,LIGHT,True,,saveTime_2510181338__sessionTime_202510181240__participant_P330__trialN_5__trialT_5__fileType_cropped.png,1,,saveTime_2510181338__sessionTime_202510181240__participant_P330__trialN_5__trialT_5__fileType_cropped.png
P330,202510181240,2510181352,6,A09,,,VALIDATION,IMAGE,True,,saveTime_2510181352__sessionTime_202510181240__participant_P330__trialN_6__trialT_A09__fileType_cropped.png,1,,saveTime_2510181352__sessionTime_202510181240__participant_P330__trialN_6__trialT_A09__fileType_cropped.png
P330,202510181240,2510181356,7,B11,,,VALIDATION,IMAGE,True,,saveTime_2510181356__sessionTime_202510181240__participant_P330__trialN_7__trialT_B11__fileType_cropped.png,1,,saveTime_2510181356__sessionTime_202510181240__participant_P330__trialN_7__trialT_B11__fileType_cropped.png
P330,202510181240,2510181359,8,1,2.5 Hz,2.5,EXPERIMENTAL,LIGHT,True,,saveTime_2510181359__sessionTime_202510181240__participant_P330__trialN_8__trialT_1__fileType_cropped.png,1,,saveTime_2510181359__sessionTime_202510181240__participant_P330__trialN_8__trialT_1__fileType_cropped.png
P330,202510181240,2510181403,9,4,15 Hz,15.0,EXPERIMENTAL,LIGHT,True,,saveTime_2510181403__sessionTime_202510181240__participant_P330__trialN_9__trialT_4__fileType_cropped.png,1,,saveTime_2510181403__sessionTime_202510181240__participant_P330__trialN_9__trialT_4__fileType_cropped.png
P330,202510181240,2510181406,10,2,5 Hz,5.0,EXPERIMENTAL,LIGHT,True,,saveTime_2510181406__sessionTime_202510181240__participant_P330__trialN_10__trialT_2__fileType_cropped.png,1,,saveTime_2510181406__sessionTime_202510181240__participant_P330__trialN_10__trialT_2__fileType_cropped.png
P330,202510181240,2510181409,11,6,40 Hz,40.0,EXPERIMENTAL,LIGHT,True,,saveTime_2510181409__sessionTime_202510181240__participant_P330__trialN_11__trialT_6__fileType_cropped.png,1,,saveTime_2510181409__sessionTime_202510181240__participant_P330__trialN_11__trialT_6__fileType_cropped.png
P330,202510181240,2510181421,12,3,10 Hz,10.0,EXPERIMENTAL,LIGHT,True,,saveTime_2510181421__sessionTime_202510181240__participant_P330__trialN_12__trialT_3__fileType_cropped.png,1,,saveTime_2510181421__sessionTime_202510181240__participant_P330__trialN_12__trialT_3__fileType_cropped.png
P330,202510181240,2510181424,13,3,10 Hz,10.0,EXPERIMENTAL,LIGHT,True,,saveTime_2510181424__sessionTime_202510181240__participant_P330__trialN_13__trialT_3__fileType_cropped.png,1,,saveTime_2510181424__sessionTime_202510181240__participant_P330__trialN_13__trialT_3__fileType_cropped.png
P330,202510181240,2510181428,14,C01,,,VALIDATION,IMAGE,True,,saveTime_2510181428__sessionTime_202510181240__participant_P330__trialN_14__trialT_C01__fileType_cropped.png,1,,saveTime_2510181428__sessionTime_202510181240__participant_P330__trialN_14__trialT_C01__fileType_cropped.png
P330,202510181240,2510181431,15,5,20 Hz,20.0,EXPERIMENTAL,LIGHT,True,,saveTime_2510181431__sessionTime_202510181240__participant_P330__trialN_15__trialT_5__fileType_cropped.png,1,,saveTime_2510181431__sessionTime_202510181240__participant_P330__trialN_15__trialT_5__fileType_cropped.png
P330,202510181240,2510181434,16,4,15 Hz,15.0,EXPERIMENTAL,LIGHT,True,,saveTime_2510181434__sessionTime_202510181240__participant_P330__trialN_16__trialT_4__fileType_cropped.png,1,,saveTime_2510181434__sessionTime_202510181240__participant_P330__trialN_16__trialT_4__fileType_cropped.png
P330,202510181240,2510181438,17,2,5 Hz,5.0,EXPERIMENTAL,LIGHT,True,,saveTime_2510181438__sessionTime_202510181240__participant_P330__trialN_17__trialT_2__fileType_cropped.png,1,,saveTime_2510181438__sessionTime_202510181240__participant_P330__trialN_17__trialT_2__fileType_cropped.png
P331,202510181240,2510181328,2,7,80 Hz,80.0,CONTROL,LIGHT,True,,saveTime_2510181328__sessionTime_202510181240__participant_P331__trialN_2__trialT_7__fileType_cropped.png,1,,saveTime_2510181328__sessionTime_202510181240__participant_P331__trialN_2__trialT_7__fileType_cropped.png
P331,202510181240,2510181332,3,1,2.5 Hz,2.5,EXPERIMENTAL,LIGHT,True,,saveTime_2510181332__sessionTime_202510181240__participant_P331__trialN_3__trialT_1__fileType_cropped.png,1,,saveTime_2510181332__sessionTime_202510181240__participant_P331__trialN_3__trialT_1__fileType_cropped.png
P331,202510181240,2510181335,4,6,40 Hz,40.0,EXPERIMENTAL,LIGHT,True,,saveTime_2510181335__sessionTime_202510181240__participant_P331__trialN_4__trialT_6__fileType_cropped.png,1,,saveTime_2510181335__sessionTime_202510181240__participant_P331__trialN_4__trialT_6__fileType_cropped.png
P331,202510181240,2510181338,5,5,20 Hz,20.0,EXPERIMENTAL,LIGHT,True,,saveTime_2510181338__sessionTime_202510181240__participant_P331__trialN_5__trialT_5__fileType_cropped.png,1,,saveTime_2510181338__sessionTime_202510181240__participant_P331__trialN_5__trialT_5__fileType_cropped.png
P331,202510181240,2510181352,6,A10,,,VALIDATION,IMAGE,True,,saveTime_2510181352__sessionTime_202510181240__participant_P331__trialN_6__trialT_A10__fileType_cropped.png,1,,saveTime_2510181352__sessionTime_202510181240__participant_P331__trialN_6__trialT_A10__fileType_cropped.png
P331,202510181240,2510181355,7,B06,,,VALIDATION,IMAGE,True,,saveTime_2510181355__sessionTime_202510181240__participant_P331__trialN_7__trialT_B06__fileType_cropped.png,1,,saveTime_2510181355__sessionTime_202510181240__participant_P331__trialN_7__trialT_B06__fileType_cropped.png
P331,202510181240,2510181359,8,1,2.5 Hz,2.5,EXPERIMENTAL,LIGHT,True,,saveTime_2510181359__sessionTime_202510181240__participant_P331__trialN_8__trialT_1__fileType_cropped.png,1,,saveTime_2510181359__sessionTime_202510181240__participant_P331__trialN_8__trialT_1__fileType_cropped.png
P331,202510181240,2510181402,9,4,15 Hz,15.0,EXPERIMENTAL,LIGHT,True,,saveTime_2510181402__sessionTime_202510181240__participant_P331__trialN_9__trialT_4__fileType_cropped.png,1,,saveTime_2510181402__sessionTime_202510181240__participant_P331__trialN_9__trialT_4__fileType_cropped.png
P331,202510181240,2510181406,10,2,5 Hz,5.0,EXPERIMENTAL,LIGHT,True,,saveTime_2510181406__sessionTime_202510181240__participant_P331__trialN_10__trialT_2__fileType_cropped.png,1,,saveTime_2510181406__sessionTime_202510181240__participant_P331__trialN_10__trialT_2__fileType_cropped.png
P331,202510181240,2510181408,11,6,40 Hz,40.0,EXPERIMENTAL,LIGHT,True,,saveTime_2510181408__sessionTime_202510181240__participant_P331__trialN_11__trialT_6__fileType_cropped.png,1,,saveTime_2510181408__sessionTime_202510181240__participant_P331__trialN_11__trialT_6__fileType_cropped.png
P331,202510181240,2510181420,12,3,10 Hz,10.0,EXPERIMENTAL,LIGHT,True,,saveTime_2510181420__sessionTime_202510181240__participant_P331__trialN_12__trialT_3__fileType_cropped.png,1,,saveTime_2510181420__sessionTime_202510181240__participant_P331__trialN_12__trialT_3__fileType_cropped.png
P331,202510181240,2510181424,13,3,10 Hz,10.0,EXPERIMENTAL,LIGHT,True,,saveTime_2510181424__sessionTime_202510181240__participant_P331__trialN_13__trialT_3__fileType_cropped.png,1,,saveTime_2510181424__sessionTime_202510181240__participant_P331__trialN_13__trialT_3__fileType_cropped.png
P331,202510181240,2510181428,14,C12,,,VALIDATION,IMAGE,True,,saveTime_2510181428__sessionTime_202510181240__participant_P331__trialN_14__trialT_C12__fileType_cropped.png,1,,saveTime_2510181428__sessionTime_202510181240__participant_P331__trialN_14__trialT_C12__fileType_cropped.png
P331,202510181240,2510181431,15,5,20 Hz,20.0,EXPERIMENTAL,LIGHT,True,,saveTime_2510181431__sessionTime_202510181240__participant_P331__trialN_15__trialT_5__fileType_cropped.png,1,,saveTime_2510181431__sessionTime_202510181240__participant_P331__trialN_15__trialT_5__fileType_cropped.png
P331,202510181240,2510181434,16,4,15 Hz,15.0,EXPERIMENTAL,LIGHT,True,,saveTime_2510181434__sessionTime_202510181240__participant_P331__trialN_16__trialT_4__fileType_cropped.png,1,,saveTime_2510181434__sessionTime_202510181240__participant_P331__trialN_16__trialT_4__fileType_cropped.png
P331,202510181240,2510181438,17,2,5 Hz,5.0,EXPERIMENTAL,LIGHT,True,,saveTime_2510181438__sessionTime_202510181240__participant_P331__trialN_17__trialT_2__fileType_cropped.png,1,,saveTime_2510181438__sessionTime_202510181240__participant_P331__trialN_17__trialT_2__fileType_cropped.png
P332,202510181420,2510181511,2,1,2.5 Hz,2.5,EXPERIMENTAL,LIGHT,True,,saveTime_2510181511__sessionTime_202510181420__participant_P332__trialN_2__trialT_1__fileType_cropped.png,1,,saveTime_2510181511__sessionTime_202510181420__participant_P332__trialN_2__trialT_1__fileType_cropped.png
P332,202510181420,2510181516,3,3,10 Hz,10.0,EXPERIMENTAL,LIGHT,True,,saveTime_2510181516__sessionTime_202510181420__participant_P332__trialN_3__trialT_3__fileType_cropped.png,1,,saveTime_2510181516__sessionTime_202510181420__participant_P332__trialN_3__trialT_3__fileType_cropped.png
P332,202510181420,2510181519,4,A10,,,VALIDATION,IMAGE,True,,saveTime_2510181519__sessionTime_202510181420__participant_P332__trialN_4__trialT_A10__fileType_cropped.png,1,,saveTime_2510181519__sessionTime_202510181420__participant_P332__trialN_4__trialT_A10__fileType_cropped.png
P332,202510181420,2510181524,5,5,20 Hz,20.0,EXPERIMENTAL,LIGHT,True,,saveTime_2510181524__sessionTime_202510181420__participant_P332__trialN_5__trialT_5__fileType_cropped.png,1,,saveTime_2510181524__sessionTime_202510181420__participant_P332__trialN_5__trialT_5__fileType_cropped.png
P332,202510181420,2510181534,6,1,2.5 Hz,2.5,EXPERIMENTAL,LIGHT,True,,saveTime_2510181534__sessionTime_202510181420__participant_P332__trialN_6__trialT_1__fileType_cropped.png,1,,saveTime_2510181534__sessionTime_202510181420__participant_P332__trialN_6__trialT_1__fileType_cropped.png
P332,202510181420,2510181538,7,3,10 Hz,10.0,EXPERIMENTAL,LIGHT,True,,saveTime_2510181538__sessionTime_202510181420__participant_P332__trialN_7__trialT_3__fileType_cropped.png,1,,saveTime_2510181538__sessionTime_202510181420__participant_P332__trialN_7__trialT_3__fileType_cropped.png
P332,202510181420,2510181542,8,6,40 Hz,40.0,EXPERIMENTAL,LIGHT,True,,saveTime_2510181542__sessionTime_202510181420__participant_P332__trialN_8__trialT_6__fileType_cropped.png,1,,saveTime_2510181542__sessionTime_202510181420__participant_P332__trialN_8__trialT_6__fileType_cropped.png
P332,202510181420,2510181545,9,2,5 Hz,5.0,EXPERIMENTAL,LIGHT,True,,saveTime_2510181545__sessionTime_202510181420__participant_P332__trialN_9__trialT_2__fileType_cropped.png,1,,saveTime_2510181545__sessionTime_202510181420__participant_P332__trialN_9__trialT_2__fileType_cropped.png
P332,202510181420,2510181549,10,B02,,,VALIDATION,IMAGE,True,,saveTime_2510181549__sessionTime_202510181420__participant_P332__trialN_10__trialT_B02__fileType_cropped.png,1,,saveTime_2510181549__sessionTime_202510181420__participant_P332__trialN_10__trialT_B02__fileType_cropped.png
P332,202510181420,2510181553,11,2,5 Hz,5.0,EXPERIMENTAL,LIGHT,True,,saveTime_2510181553__sessionTime_202510181420__participant_P332__trialN_11__trialT_2__fileType_cropped.png,1,,saveTime_2510181553__sessionTime_202510181420__participant_P332__trialN_11__trialT_2__fileType_cropped.png
P332,202510181420,2510181605,12,C04,,,VALIDATION,IMAGE,True,,saveTime_2510181605__sessionTime_202510181420__participant_P332__trialN_12__trialT_C04__fileType_cropped.png,1,,saveTime_2510181605__sessionTime_202510181420__participant_P332__trialN_12__trialT_C04__fileType_cropped.png
P332,202510181420,2510181609,13,7,80 Hz,80.0,CONTROL,LIGHT,True,,saveTime_2510181609__sessionTime_202510181420__participant_P332__trialN_13__trialT_7__fileType_cropped.png,1,,saveTime_2510181609__sessionTime_202510181420__participant_P332__trialN_13__trialT_7__fileType_cropped.png
P332,202510181420,2510181612,14,6,40 Hz,40.0,EXPERIMENTAL,LIGHT,True,,saveTime_2510181612__sessionTime_202510181420__participant_P332__trialN_14__trialT_6__fileType_cropped.png,1,,saveTime_2510181612__sessionTime_202510181420__participant_P332__trialN_14__trialT_6__fileType_cropped.png
P332,202510181420,2510181617,15,4,15 Hz,15.0,EXPERIMENTAL,LIGHT,True,,saveTime_2510181617__sessionTime_202510181420__participant_P332__trialN_15__trialT_4__fileType_cropped.png,1,,saveTime_2510181617__sessionTime_202510181420__participant_P332__trialN_15__trialT_4__fileType_cropped.png
P332,202510181420,2510181620,16,5,20 Hz,20.0,EXPERIMENTAL,LIGHT,True,,saveTime_2510181620__sessionTime_202510181420__participant_P332__trialN_16__trialT_5__fileType_cropped.png,1,,saveTime_2510181620__sessionTime_202510181420__participant_P332__trialN_16__trialT_5__fileType_cropped.png
P332,202510181420,2510181624,17,4,15 Hz,15.0,EXPERIMENTAL,LIGHT,True,,saveTime_2510181624__sessionTime_202510181420__participant_P332__trialN_17__trialT_4__fileType_cropped.png,1,,saveTime_2510181624__sessionTime_202510181420__participant_P332__trialN_17__trialT_4__fileType_cropped.png
P333,202510181420,2510181512,2,1,2.5 Hz,2.5,EXPERIMENTAL,LIGHT,True,,saveTime_2510181512__sessionTime_202510181420__participant_P333__trialN_2__trialT_1__fileType_cropped.png,1,,saveTime_2510181512__sessionTime_202510181420__participant_P333__trialN_2__trialT_1__fileType_cropped.png
P333,202510181420,2510181516,3,3,10 Hz,10.0,EXPERIMENTAL,LIGHT,True,,saveTime_2510181516__sessionTime_202510181420__participant_P333__trialN_3__trialT_3__fileType_cropped.png,1,,saveTime_2510181516__sessionTime_202510181420__participant_P333__trialN_3__trialT_3__fileType_cropped.png
P333,202510181420,2510181519,4,A04,,,VALIDATION,IMAGE,True,,saveTime_2510181519__sessionTime_202510181420__participant_P333__trialN_4__trialT_A04__fileType_cropped.png,1,,saveTime_2510181519__sessionTime_202510181420__participant_P333__trialN_4__trialT_A04__fileType_cropped.png
P333,202510181420,2510181524,5,5,20 Hz,20.0,EXPERIMENTAL,LIGHT,True,,saveTime_2510181524__sessionTime_202510181420__participant_P333__trialN_5__trialT_5__fileType_cropped.png,1,,saveTime_2510181524__sessionTime_202510181420__participant_P333__trialN_5__trialT_5__fileType_cropped.png
P333,202510181420,2510181534,6,1,2.5 Hz,2.5,EXPERIMENTAL,LIGHT,True,,saveTime_2510181534__sessionTime_202510181420__participant_P333__trialN_6__trialT_1__fileType_cropped.png,1,,saveTime_2510181534__sessionTime_202510181420__participant_P333__trialN_6__trialT_1__fileType_cropped.png
P333,202510181420,2510181538,7,3,10 Hz,10.0,EXPERIMENTAL,LIGHT,True,,saveTime_2510181538__sessionTime_202510181420__participant_P333__trialN_7__trialT_3__fileType_cropped.png,1,,saveTime_2510181538__sessionTime_202510181420__participant_P333__trialN_7__trialT_3__fileType_cropped.png
P333,202510181420,2510181542,8,6,40 Hz,40.0,EXPERIMENTAL,LIGHT,True,,saveTime_2510181542__sessionTime_202510181420__participant_P333__trialN_8__trialT_6__fileType_cropped.png,1,,saveTime_2510181542__sessionTime_202510181420__participant_P333__trialN_8__trialT_6__fileType_cropped.png
P333,202510181420,2510181545,9,2,5 Hz,5.0,EXPERIMENTAL,LIGHT,True,,saveTime_2510181545__sessionTime_202510181420__participant_P333__trialN_9__trialT_2__fileType_cropped.png,1,,saveTime_2510181545__sessionTime_202510181420__participant_P333__trialN_9__trialT_2__fileType_cropped.png
P333,202510181420,2510181549,10,B00,,,VALIDATION,IMAGE,True,,saveTime_2510181549__sessionTime_202510181420__participant_P333__trialN_10__trialT_B00__fileType_cropped.png,1,,saveTime_2510181549__sessionTime_202510181420__participant_P333__trialN_10__trialT_B00__fileType_cropped.png
P333,202510181420,2510181553,11,2,5 Hz,5.0,EXPERIMENTAL,LIGHT,True,,saveTime_2510181553__sessionTime_202510181420__participant_P333__trialN_11__trialT_2__fileType_cropped.png,1,,saveTime_2510181553__sessionTime_202510181420__participant_P333__trialN_11__trialT_2__fileType_cropped.png
P333,202510181420,2510181606,12,C06,,,VALIDATION,IMAGE,True,,saveTime_2510181606__sessionTime_202510181420__participant_P333__trialN_12__trialT_C06__fileType_cropped.png,1,,saveTime_2510181606__sessionTime_202510181420__participant_P333__trialN_12__trialT_C06__fileType_cropped.png
P333,202510181420,2510181608,13,7,80 Hz,80.0,CONTROL,LIGHT,True,,saveTime_2510181608__sessionTime_202510181420__participant_P333__trialN_13__trialT_7__fileType_cropped.png,1,,saveTime_2510181608__sessionTime_202510181420__participant_P333__trialN_13__trialT_7__fileType_cropped.png
P333,202510181420,2510181614,14,6,40 Hz,40.0,EXPERIMENTAL,LIGHT,True,,saveTime_2510181614__sessionTime_202510181420__participant_P333__trialN_14__trialT_6__fileType_cropped.png,1,,saveTime_2510181614__sessionTime_202510181420__participant_P333__trialN_14__trialT_6__fileType_cropped.png
P333,202510181420,2510181618,15,4,15 Hz,15.0,EXPERIMENTAL,LIGHT,True,,saveTime_2510181618__sessionTime_202510181420__participant_P333__trialN_15__trialT_4__fileType_cropped.png,1,,saveTime_2510181618__sessionTime_202510181420__participant_P333__trialN_15__trialT_4__fileType_cropped.png
P333,202510181420,2510181621,16,5,20 Hz,20.0,EXPERIMENTAL,LIGHT,True,,saveTime_2510181621__sessionTime_202510181420__participant_P333__trialN_16__trialT_5__fileType_cropped.png,1,,saveTime_2510181621__sessionTime_202510181420__participant_P333__trialN_16__trialT_5__fileType_cropped.png
P333,202510181420,2510181625,17,4,15 Hz,15.0,EXPERIMENTAL,LIGHT,True,,saveTime_2510181625__sessionTime_202510181420__participant_P333__trialN_17__trialT_4__fileType_cropped.png,1,,saveTime_2510181625__sessionTime_202510181420__participant_P333__trialN_17__trialT_4__fileType_cropped.png
P334,202510181420,2510181513,2,1,2.5 Hz,2.5,EXPERIMENTAL,LIGHT,True,,saveTime_2510181513__sessionTime_202510181420__participant_P334__trialN_2__trialT_1__fileType_cropped.png,1,,saveTime_2510181513__sessionTime_202510181420__participant_P334__trialN_2__trialT_1__fileType_cropped.png
P334,202510181420,2510181517,3,3,10 Hz,10.0,EXPERIMENTAL,LIGHT,True,,saveTime_2510181517__sessionTime_202510181420__participant_P334__trialN_3__trialT_3__fileType_cropped.png,1,,saveTime_2510181517__sessionTime_202510181420__participant_P334__trialN_3__trialT_3__fileType_cropped.png
P334,202510181420,2510181520,4,A10,,,VALIDATION,IMAGE,True,,saveTime_2510181520__sessionTime_202510181420__participant_P334__trialN_4__trialT_A10__fileType_cropped.png,1,,saveTime_2510181520__sessionTime_202510181420__participant_P334__trialN_4__trialT_A10__fileType_cropped.png
P334,202510181420,2510181524,5,5,20 Hz,20.0,EXPERIMENTAL,LIGHT,True,,saveTime_2510181524__sessionTime_202510181420__participant_P334__trialN_5__trialT_5__fileType_cropped.png,1,,saveTime_2510181524__sessionTime_202510181420__participant_P334__trialN_5__trialT_5__fileType_cropped.png
P334,202510181420,2510181534,6,1,2.5 Hz,2.5,EXPERIMENTAL,LIGHT,True,,saveTime_2510181534__sessionTime_202510181420__participant_P334__trialN_6__trialT_1__fileType_cropped.png,1,,saveTime_2510181534__sessionTime_202510181420__participant_P334__trialN_6__trialT_1__fileType_cropped.png
P334,202510181420,2510181538,7,3,10 Hz,10.0,EXPERIMENTAL,LIGHT,True,,saveTime_2510181538__sessionTime_202510181420__participant_P334__trialN_7__trialT_3__fileType_cropped.png,1,,saveTime_2510181538__sessionTime_202510181420__participant_P334__trialN_7__trialT_3__fileType_cropped.png
P334,202510181420,2510181542,8,6,40 Hz,40.0,EXPERIMENTAL,LIGHT,True,,saveTime_2510181542__sessionTime_202510181420__participant_P334__trialN_8__trialT_6__fileType_cropped.png,1,,saveTime_2510181542__sessionTime_202510181420__participant_P334__trialN_8__trialT_6__fileType_cropped.png
P334,202510181420,2510181546,9,2,5 Hz,5.0,EXPERIMENTAL,LIGHT,True,,saveTime_2510181546__sessionTime_202510181420__participant_P334__trialN_9__trialT_2__fileType_cropped.png,1,,saveTime_2510181546__sessionTime_202510181420__participant_P334__trialN_9__trialT_2__fileType_cropped.png
P334,202510181420,2510181550,10,B10,,,VALIDATION,IMAGE,True,,saveTime_2510181550__sessionTime_202510181420__participant_P334__trialN_10__trialT_B10__fileType_cropped.png,1,,saveTime_2510181550__sessionTime_202510181420__participant_P334__trialN_10__trialT_B10__fileType_cropped.png
P334,202510181420,2510181554,11,2,5 Hz,5.0,EXPERIMENTAL,LIGHT,True,,saveTime_2510181554__sessionTime_202510181420__participant_P334__trialN_11__trialT_2__fileType_cropped.png,1,,saveTime_2510181554__sessionTime_202510181420__participant_P334__trialN_11__trialT_2__fileType_cropped.png
P334,202510181420,2510181606,12,C12,,,VALIDATION,IMAGE,True,,saveTime_2510181606__sessionTime_202510181420__participant_P334__trialN_12__trialT_C12__fileType_cropped.png,1,,saveTime_2510181606__sessionTime_202510181420__participant_P334__trialN_12__trialT_C12__fileType_cropped.png
P334,202510181420,2510181610,13,7,80 Hz,80.0,CONTROL,LIGHT,True,,saveTime_2510181610__sessionTime_202510181420__participant_P334__trialN_13__trialT_7__fileType_cropped.png,1,,saveTime_2510181610__sessionTime_202510181420__participant_P334__trialN_13__trialT_7__fileType_cropped.png
P334,202510181420,2510181614,14,6,40 Hz,40.0,EXPERIMENTAL,LIGHT,True,,saveTime_2510181614__sessionTime_202510181420__participant_P334__trialN_14__trialT_6__fileType_cropped.png,1,,saveTime_2510181614__sessionTime_202510181420__participant_P334__trialN_14__trialT_6__fileType_cropped.png
P334,202510181420,2510181617,15,4,15 Hz,15.0,EXPERIMENTAL,LIGHT,True,,saveTime_2510181617__sessionTime_202510181420__participant_P334__trialN_15__trialT_4__fileType_cropped.png,1,,saveTime_2510181617__sessionTime_202510181420__participant_P334__trialN_15__trialT_4__fileType_cropped.png
P334,202510181420,2510181621,16,5,20 Hz,20.0,EXPERIMENTAL,LIGHT,True,,saveTime_2510181621__sessionTime_202510181420__participant_P334__trialN_16__trialT_5__fileType_cropped.png,1,,saveTime_2510181621__sessionTime_202510181420__participant_P334__trialN_16__trialT_5__fileType_cropped.png
P334,202510181420,2510181625,17,4,15 Hz,15.0,EXPERIMENTAL,LIGHT,True,,saveTime_2510181625__sessionTime_202510181420__participant_P334__trialN_17__trialT_4__fileType_cropped.png,1,,saveTime_2510181625__sessionTime_202510181420__participant_P334__trialN_17__trialT_4__fileType_cropped.png
P335,202510181600,2510181652,2,5,20 Hz,20.0,EXPERIMENTAL,LIGHT,True,,saveTime_2510181652__sessionTime_202510181600__participant_P335__trialN_2__trialT_5__fileType_cropped.png,1,,saveTime_2510181652__sessionTime_202510181600__participant_P335__trialN_2__trialT_5__fileType_cropped.png
P335,202510181600,2510181656,3,1,2.5 Hz,2.5,EXPERIMENTAL,LIGHT,True,,saveTime_2510181656__sessionTime_202510181600__participant_P335__trialN_3__trialT_1__fileType_cropped.png,1,,saveTime_2510181656__sessionTime_202510181600__participant_P335__trialN_3__trialT_1__fileType_cropped.png
P335,202510181600,2510181700,4,3,10 Hz,10.0,EXPERIMENTAL,LIGHT,True,,saveTime_2510181700__sessionTime_202510181600__participant_P335__trialN_4__trialT_3__fileType_cropped.png,1,,saveTime_2510181700__sessionTime_202510181600__participant_P335__trialN_4__trialT_3__fileType_cropped.png
P335,202510181600,2510181703,5,7,80 Hz,80.0,CONTROL,LIGHT,True,,saveTime_2510181703__sessionTime_202510181600__participant_P335__trialN_5__trialT_7__fileType_cropped.png,1,,saveTime_2510181703__sessionTime_202510181600__participant_P335__trialN_5__trialT_7__fileType_cropped.png
P335,202510181600,2510181715,6,1,2.5 Hz,2.5,EXPERIMENTAL,LIGHT,True,,saveTime_2510181715__sessionTime_202510181600__participant_P335__trialN_6__trialT_1__fileType_cropped.png,1,,saveTime_2510181715__sessionTime_202510181600__participant_P335__trialN_6__trialT_1__fileType_cropped.png
P335,202510181600,2510181719,7,C10,,,VALIDATION,IMAGE,True,,saveTime_2510181719__sessionTime_202510181600__participant_P335__trialN_7__trialT_C10__fileType_cropped.png,1,,saveTime_2510181719__sessionTime_202510181600__participant_P335__trialN_7__trialT_C10__fileType_cropped.png
P335,202510181600,2510181723,8,3,10 Hz,10.0,EXPERIMENTAL,LIGHT,True,,saveTime_2510181723__sessionTime_202510181600__participant_P335__trialN_8__trialT_3__fileType_cropped.png,1,,saveTime_2510181723__sessionTime_202510181600__participant_P335__trialN_8__trialT_3__fileType_cropped.png
P335,202510181600,2510181726,9,4,15 Hz,15.0,EXPERIMENTAL,LIGHT,True,,saveTime_2510181726__sessionTime_202510181600__participant_P335__trialN_9__trialT_4__fileType_cropped.png,1,,saveTime_2510181726__sessionTime_202510181600__participant_P335__trialN_9__trialT_4__fileType_cropped.png
P335,202510181600,2510181730,10,4,15 Hz,15.0,EXPERIMENTAL,LIGHT,True,,saveTime_2510181730__sessionTime_202510181600__participant_P335__trialN_10__trialT_4__fileType_cropped.png,1,,saveTime_2510181730__sessionTime_202510181600__participant_P335__trialN_10__trialT_4__fileType_cropped.png
P335,202510181600,2510181733,11,A00,,,VALIDATION,IMAGE,True,,saveTime_2510181733__sessionTime_202510181600__participant_P335__trialN_11__trialT_A00__fileType_cropped.png,1,,saveTime_2510181733__sessionTime_202510181600__participant_P335__trialN_11__trialT_A00__fileType_cropped.png
P335,202510181600,2510181744,12,6,40 Hz,40.0,EXPERIMENTAL,LIGHT,True,,saveTime_2510181744__sessionTime_202510181600__participant_P335__trialN_12__trialT_6__fileType_cropped.png,1,,saveTime_2510181744__sessionTime_202510181600__participant_P335__trialN_12__trialT_6__fileType_cropped.png
P335,202510181600,2510181748,13,2,5 Hz,5.0,EXPERIMENTAL,LIGHT,True,,saveTime_2510181748__sessionTime_202510181600__participant_P335__trialN_13__trialT_2__fileType_cropped.png,1,,saveTime_2510181748__sessionTime_202510181600__participant_P335__trialN_13__trialT_2__fileType_cropped.png
P335,202510181600,2510181752,14,2,5 Hz,5.0,EXPERIMENTAL,LIGHT,True,,saveTime_2510181752__sessionTime_202510181600__participant_P335__trialN_14__trialT_2__fileType_cropped.png,1,,saveTime_2510181752__sessionTime_202510181600__participant_P335__trialN_14__trialT_2__fileType_cropped.png
P335,202510181600,2510181756,15,B06,,,VALIDATION,IMAGE,True,,saveTime_2510181756__sessionTime_202510181600__participant_P335__trialN_15__trialT_B06__fileType_cropped.png,1,,saveTime_2510181756__sessionTime_202510181600__participant_P335__trialN_15__trialT_B06__fileType_cropped.png
P335,202510181600,2510181800,16,6,40 Hz,40.0,EXPERIMENTAL,LIGHT,True,,saveTime_2510181800__sessionTime_202510181600__participant_P335__trialN_16__trialT_6__fileType_cropped.png,1,,saveTime_2510181800__sessionTime_202510181600__participant_P335__trialN_16__trialT_6__fileType_cropped.png
P335,202510181600,2510181803,17,5,20 Hz,20.0,EXPERIMENTAL,LIGHT,True,,saveTime_2510181803__sessionTime_202510181600__participant_P335__trialN_17__trialT_5__fileType_cropped.png,1,,saveTime_2510181803__sessionTime_202510181600__participant_P335__trialN_17__trialT_5__fileType_cropped.png
P336,202510181600,2510181652,2,5,20 Hz,20.0,EXPERIMENTAL,LIGHT,True,,saveTime_2510181652__sessionTime_202510181600__participant_P336__trialN_2__trialT_5__fileType_cropped.png,1,,saveTime_2510181652__sessionTime_202510181600__participant_P336__trialN_2__trialT_5__fileType_cropped.png
P336,202510181600,2510181657,3,1,2.5 Hz,2.5,EXPERIMENTAL,LIGHT,True,,saveTime_2510181657__sessionTime_202510181600__participant_P336__trialN_3__trialT_1__fileType_cropped.png,1,,saveTime_2510181657__sessionTime_202510181600__participant_P336__trialN_3__trialT_1__fileType_cropped.png
P336,202510181600,2510181659,4,3,10 Hz,10.0,EXPERIMENTAL,LIGHT,True,,saveTime_2510181659__sessionTime_202510181600__participant_P336__trialN_4__trialT_3__fileType_cropped.png,1,,saveTime_2510181659__sessionTime_202510181600__participant_P336__trialN_4__trialT_3__fileType_cropped.png
P336,202510181600,2510181704,5,7,80 Hz,80.0,CONTROL,LIGHT,True,,saveTime_2510181704__sessionTime_202510181600__participant_P336__trialN_5__trialT_7__fileType_cropped.png,1,,saveTime_2510181704__sessionTime_202510181600__participant_P336__trialN_5__trialT_7__fileType_cropped.png
P336,202510181600,2510181715,6,1,2.5 Hz,2.5,EXPERIMENTAL,LIGHT,True,,saveTime_2510181715__sessionTime_202510181600__participant_P336__trialN_6__trialT_1__fileType_cropped.png,1,,saveTime_2510181715__sessionTime_202510181600__participant_P336__trialN_6__trialT_1__fileType_cropped.png
P336,202510181600,2510181719,7,C07,,,VALIDATION,IMAGE,True,,saveTime_2510181719__sessionTime_202510181600__participant_P336__trialN_7__trialT_C07__fileType_cropped.png,1,,saveTime_2510181719__sessionTime_202510181600__participant_P336__trialN_7__trialT_C07__fileType_cropped.png
P336,202510181600,2510181723,8,3,10 Hz,10.0,EXPERIMENTAL,LIGHT,True,,saveTime_2510181723__sessionTime_202510181600__participant_P336__trialN_8__trialT_3__fileType_cropped.png,1,,saveTime_2510181723__sessionTime_202510181600__participant_P336__trialN_8__trialT_3__fileType_cropped.png
P336,202510181600,2510181727,9,4,15 Hz,15.0,EXPERIMENTAL,LIGHT,True,,saveTime_2510181727__sessionTime_202510181600__participant_P336__trialN_9__trialT_4__fileType_cropped.png,1,,saveTime_2510181727__sessionTime_202510181600__participant_P336__trialN_9__trialT_4__fileType_cropped.png
P336,202510181600,2510181730,10,4,15 Hz,15.0,EXPERIMENTAL,LIGHT,True,,saveTime_2510181730__sessionTime_202510181600__participant_P336__trialN_10__trialT_4__fileType_cropped.png,1,,saveTime_2510181730__sessionTime_202510181600__participant_P336__trialN_10__trialT_4__fileType_cropped.png
P336,202510181600,2510181733,11,A12,,,VALIDATION,IMAGE,True,,saveTime_2510181733__sessionTime_202510181600__participant_P336__trialN_11__trialT_A12__fileType_cropped.png,1,,saveTime_2510181733__sessionTime_202510181600__participant_P336__trialN_11__trialT_A12__fileType_cropped.png
P336,202510181600,2510181745,12,6,40 Hz,40.0,EXPERIMENTAL,LIGHT,True,,saveTime_2510181745__sessionTime_202510181600__participant_P336__trialN_12__trialT_6__fileType_cropped.png,1,,saveTime_2510181745__sessionTime_202510181600__participant_P336__trialN_12__trialT_6__fileType_cropped.png
P336,202510181600,2510181748,13,2,5 Hz,5.0,EXPERIMENTAL,LIGHT,True,,saveTime_2510181748__sessionTime_202510181600__participant_P336__trialN_13__trialT_2__fileType_cropped.png,1,,saveTime_2510181748__sessionTime_202510181600__participant_P336__trialN_13__trialT_2__fileType_cropped.png
P336,202510181600,2510181752,14,2,5 Hz,5.0,EXPERIMENTAL,LIGHT,True,,saveTime_2510181752__sessionTime_202510181600__participant_P336__trialN_14__trialT_2__fileType_cropped.png,1,,saveTime_2510181752__sessionTime_202510181600__participant_P336__trialN_14__trialT_2__fileType_cropped.png
P336,202510181600,2510181800,15,6,40 Hz,40.0,EXPERIMENTAL,LIGHT,True,,saveTime_2510181800__sessionTime_202510181600__participant_P336__trialN_15__trialT_6__fileType_cropped.png,1,,saveTime_2510181800__sessionTime_202510181600__participant_P336__trialN_15__trialT_6__fileType_cropped.png
P336,202510181600,2510181803,16,5,20 Hz,20.0,EXPERIMENTAL,LIGHT,True,,saveTime_2510181803__sessionTime_202510181600__participant_P336__trialN_16__trialT_5__fileType_cropped.png,1,,saveTime_2510181803__sessionTime_202510181600__participant_P336__trialN_16__trialT_5__fileType_cropped.png
P336,202510181600,2510181807,17,B10,,,VALIDATION,IMAGE,True,,saveTime_2510181807__sessionTime_202510181600__participant_P336__trialN_17__trialT_B10__fileType_cropped.png,1,,saveTime_2510181807__sessionTime_202510181600__participant_P336__trialN_17__trialT_B10__fileType_cropped.png
P337,202510181600,2510181652,2,5,20 Hz,20.0,EXPERIMENTAL,LIGHT,True,,saveTime_2510181652__sessionTime_202510181600__participant_P337__trialN_2__trialT_5__fileType_cropped.png,1,,saveTime_2510181652__sessionTime_202510181600__participant_P337__trialN_2__trialT_5__fileType_cropped.png
P337,202510181600,2510181656,3,1,2.5 Hz,2.5,EXPERIMENTAL,LIGHT,True,,saveTime_2510181656__sessionTime_202510181600__participant_P337__trialN_3__trialT_1__fileType_cropped.png,1,,saveTime_2510181656__sessionTime_202510181600__participant_P337__trialN_3__trialT_1__fileType_cropped.png
P337,202510181600,2510181700,4,3,10 Hz,10.0,EXPERIMENTAL,LIGHT,True,,saveTime_2510181700__sessionTime_202510181600__participant_P337__trialN_4__trialT_3__fileType_cropped.png,1,,saveTime_2510181700__sessionTime_202510181600__participant_P337__trialN_4__trialT_3__fileType_cropped.png
P337,202510181600,2510181703,5,7,80 Hz,80.0,CONTROL,LIGHT,True,,saveTime_2510181703__sessionTime_202510181600__participant_P337__trialN_5__trialT_7__fileType_cropped.png,1,,saveTime_2510181703__sessionTime_202510181600__participant_P337__trialN_5__trialT_7__fileType_cropped.png
P337,202510181600,2510181715,6,1,2.5 Hz,2.5,EXPERIMENTAL,LIGHT,True,,saveTime_2510181715__sessionTime_202510181600__participant_P337__trialN_6__trialT_1__fileType_cropped.png,1,,saveTime_2510181715__sessionTime_202510181600__participant_P337__trialN_6__trialT_1__fileType_cropped.png
P337,202510181600,2510181720,7,C02,,,VALIDATION,IMAGE,True,,saveTime_2510181720__sessionTime_202510181600__participant_P337__trialN_7__trialT_C02__fileType_cropped.png,1,,saveTime_2510181720__sessionTime_202510181600__participant_P337__trialN_7__trialT_C02__fileType_cropped.png
P337,202510181600,2510181723,8,3,10 Hz,10.0,EXPERIMENTAL,LIGHT,True,,saveTime_2510181723__sessionTime_202510181600__participant_P337__trialN_8__trialT_3__fileType_cropped.png,1,,saveTime_2510181723__sessionTime_202510181600__participant_P337__trialN_8__trialT_3__fileType_cropped.png
P337,202510181600,2510181727,9,4,15 Hz,15.0,EXPERIMENTAL,LIGHT,True,,saveTime_2510181727__sessionTime_202510181600__participant_P337__trialN_9__trialT_4__fileType_cropped.png,1,,saveTime_2510181727__sessionTime_202510181600__participant_P337__trialN_9__trialT_4__fileType_cropped.png
P337,202510181600,2510181730,10,4,15 Hz,15.0,EXPERIMENTAL,LIGHT,True,,saveTime_2510181730__sessionTime_202510181600__participant_P337__trialN_10__trialT_4__fileType_cropped.png,1,,saveTime_2510181730__sessionTime_202510181600__participant_P337__trialN_10__trialT_4__fileType_cropped.png
P337,202510181600,2510181733,11,A00,,,VALIDATION,IMAGE,True,,saveTime_2510181733__sessionTime_202510181600__participant_P337__trialN_11__trialT_A00__fileType_cropped.png,1,,saveTime_2510181733__sessionTime_202510181600__participant_P337__trialN_11__trialT_A00__fileType_cropped.png
P337,202510181600,2510181745,12,6,40 Hz,40.0,EXPERIMENTAL,LIGHT,True,,saveTime_2510181745__sessionTime_202510181600__participant_P337__trialN_12__trialT_6__fileType_cropped.png,1,,saveTime_2510181745__sessionTime_202510181600__participant_P337__trialN_12__trialT_6__fileType_cropped.png
P337,202510181600,2510181749,13,2,5 Hz,5.0,EXPERIMENTAL,LIGHT,True,,saveTime_2510181749__sessionTime_202510181600__participant_P337__trialN_13__trialT_2__fileType_cropped.png,1,,saveTime_2510181749__sessionTime_202510181600__participant_P337__trialN_13__trialT_2__fileType_cropped.png
P337,202510181600,2510181753,14,2,5 Hz,5.0,EXPERIMENTAL,LIGHT,True,,saveTime_2510181753__sessionTime_202510181600__participant_P337__trialN_14__trialT_2__fileType_cropped.png,1,,saveTime_2510181753__sessionTime_202510181600__participant_P337__trialN_14__trialT_2__fileType_cropped.png
P337,202510181600,2510181756,15,B08,,,VALIDATION,IMAGE,True,,saveTime_2510181756__sessionTime_202510181600__participant_P337__trialN_15__trialT_B08__fileType_cropped.png,1,,saveTime_2510181756__sessionTime_202510181600__participant_P337__trialN_15__trialT_B08__fileType_cropped.png
P337,202510181600,2510181800,16,6,40 Hz,40.0,EXPERIMENTAL,LIGHT,True,,saveTime_2510181800__sessionTime_202510181600__participant_P337__trialN_16__trialT_6__fileType_cropped.png,1,,saveTime_2510181800__sessionTime_202510181600__participant_P337__trialN_16__trialT_6__fileType_cropped.png
P337,202510181600,2510181803,17,5,20 Hz,20.0,EXPERIMENTAL,LIGHT,True,,saveTime_2510181803__sessionTime_202510181600__participant_P337__trialN_17__trialT_5__fileType_cropped.png,1,,saveTime_2510181803__sessionTime_202510181600__participant_P337__trialN_17__trialT_5__fileType_cropped.png
P338,202510181600,2510181652,2,5,20 Hz,20.0,EXPERIMENTAL,LIGHT,True,,saveTime_2510181652__sessionTime_202510181600__participant_P338__trialN_2__trialT_5__fileType_cropped.png,1,,saveTime_2510181652__sessionTime_202510181600__participant_P338__trialN_2__trialT_5__fileType_cropped.png
P338,202510181600,2510181656,3,1,2.5 Hz,2.5,EXPERIMENTAL,LIGHT,True,,saveTime_2510181656__sessionTime_202510181600__participant_P338__trialN_3__trialT_1__fileType_cropped.png,1,,saveTime_2510181656__sessionTime_202510181600__participant_P338__trialN_3__trialT_1__fileType_cropped.png
P338,202510181600,2510181659,4,3,10 Hz,10.0,EXPERIMENTAL,LIGHT,True,,saveTime_2510181659__sessionTime_202510181600__participant_P338__trialN_4__trialT_3__fileType_cropped.png,1,,saveTime_2510181659__sessionTime_202510181600__participant_P338__trialN_4__trialT_3__fileType_cropped.png
P338,202510181600,2510181702,5,7,80 Hz,80.0,CONTROL,LIGHT,True,,saveTime_2510181702__sessionTime_202510181600__participant_P338__trialN_5__trialT_7__fileType_cropped.png,1,,saveTime_2510181702__sessionTime_202510181600__participant_P338__trialN_5__trialT_7__fileType_cropped.png
P338,202510181600,2510181715,6,1,2.5 Hz,2.5,EXPERIMENTAL,LIGHT,True,,saveTime_2510181715__sessionTime_202510181600__participant_P338__trialN_6__trialT_1__fileType_cropped.png,1,,saveTime_2510181715__sessionTime_202510181600__participant_P338__trialN_6__trialT_1__fileType_cropped.png
P338,202510181600,2510181718,7,C13,,,VALIDATION,IMAGE,True,,saveTime_2510181718__sessionTime_202510181600__participant_P338__trialN_7__trialT_C13__fileType_cropped.png,1,,saveTime_2510181718__sessionTime_202510181600__participant_P338__trialN_7__trialT_C13__fileType_cropped.png
P338,202510181600,2510181723,8,3,10 Hz,10.0,EXPERIMENTAL,LIGHT,True,,saveTime_2510181723__sessionTime_202510181600__participant_P338__trialN_8__trialT_3__fileType_cropped.png,1,,saveTime_2510181723__sessionTime_202510181600__participant_P338__trialN_8__trialT_3__fileType_cropped.png
P338,202510181600,2510181726,9,4,15 Hz,15.0,EXPERIMENTAL,LIGHT,True,,saveTime_2510181726__sessionTime_202510181600__participant_P338__trialN_9__trialT_4__fileType_cropped.png,1,,saveTime_2510181726__sessionTime_202510181600__participant_P338__trialN_9__trialT_4__fileType_cropped.png
P338,202510181600,2510181730,10,4,15 Hz,15.0,EXPERIMENTAL,LIGHT,True,,saveTime_2510181730__sessionTime_202510181600__participant_P338__trialN_10__trialT_4__fileType_cropped.png,1,,saveTime_2510181730__sessionTime_202510181600__participant_P338__trialN_10__trialT_4__fileType_cropped.png
P338,202510181600,2510181734,11,A12,,,VALIDATION,IMAGE,True,,saveTime_2510181734__sessionTime_202510181600__participant_P338__trialN_11__trialT_A12__fileType_cropped.png,1,,saveTime_2510181734__sessionTime_202510181600__participant_P338__trialN_11__trialT_A12__fileType_cropped.png
P338,202510181600,2510181743,12,6,40 Hz,40.0,EXPERIMENTAL,LIGHT,True,,saveTime_2510181743__sessionTime_202510181600__participant_P338__trialN_12__trialT_6__fileType_cropped.png,1,,saveTime_2510181743__sessionTime_202510181600__participant_P338__trialN_12__trialT_6__fileType_cropped.png
P338,202510181600,2510181748,13,2,5 Hz,5.0,EXPERIMENTAL,LIGHT,True,,saveTime_2510181748__sessionTime_202510181600__participant_P338__trialN_13__trialT_2__fileType_cropped.png,1,,saveTime_2510181748__sessionTime_202510181600__participant_P338__trialN_13__trialT_2__fileType_cropped.png
P338,202510181600,2510181753,14,2,5 Hz,5.0,EXPERIMENTAL,LIGHT,True,,saveTime_2510181753__sessionTime_202510181600__participant_P338__trialN_14__trialT_2__fileType_cropped.png,1,,saveTime_2510181753__sessionTime_202510181600__participant_P338__trialN_14__trialT_2__fileType_cropped.png
P338,202510181600,2510181755,15,B05,,,VALIDATION,IMAGE,True,,saveTime_2510181755__sessionTime_202510181600__participant_P338__trialN_15__trialT_B05__fileType_cropped.png,1,,saveTime_2510181755__sessionTime_202510181600__participant_P338__trialN_15__trialT_B05__fileType_cropped.png
P338,202510181600,2510181800,16,6,40 Hz,40.0,EXPERIMENTAL,LIGHT,True,,saveTime_2510181800__sessionTime_202510181600__participant_P338__trialN_16__trialT_6__fileType_cropped.png,1,,saveTime_2510181800__sessionTime_202510181600__participant_P338__trialN_16__trialT_6__fileType_cropped.png
P338,202510181600,2510181802,17,5,20 Hz,20.0,EXPERIMENTAL,LIGHT,True,,saveTime_2510181802__sessionTime_202510181600__participant_P338__trialN_17__trialT_5__fileType_cropped.png,1,,saveTime_2510181802__sessionTime_202510181600__participant_P338__trialN_17__trialT_5__fileType_cropped.png
P339,202510240920,2510241023,2,4,15 Hz,15.0,EXPERIMENTAL,LIGHT,True,,saveTime_2510241023__sessionTime_202510240920__participant_P339__trialN_2__trialT_4__fileType_cropped.png,1,,saveTime_2510241023__sessionTime_202510240920__participant_P339__trialN_2__trialT_4__fileType_cropped.png
P339,202510240920,2510241027,3,4,15 Hz,15.0,EXPERIMENTAL,LIGHT,True,,saveTime_2510241027__sessionTime_202510240920__participant_P339__trialN_3__trialT_4__fileType_cropped.png,1,,saveTime_2510241027__sessionTime_202510240920__participant_P339__trialN_3__trialT_4__fileType_cropped.png
P339,202510240920,2510241031,4,C02,,,VALIDATION,IMAGE,True,,saveTime_2510241031__sessionTime_202510240920__participant_P339__trialN_4__trialT_C02__fileType_cropped.png,1,,saveTime_2510241031__sessionTime_202510240920__participant_P339__trialN_4__trialT_C02__fileType_cropped.png
P339,202510240920,2510241035,5,B06,,,VALIDATION,IMAGE,True,,saveTime_2510241035__sessionTime_202510240920__participant_P339__trialN_5__trialT_B06__fileType_cropped.png,1,,saveTime_2510241035__sessionTime_202510240920__participant_P339__trialN_5__trialT_B06__fileType_cropped.png
P339,202510240920,2510241045,6,5,20 Hz,20.0,EXPERIMENTAL,LIGHT,True,,saveTime_2510241045__sessionTime_202510240920__participant_P339__trialN_6__trialT_5__fileType_cropped.png,1,,saveTime_2510241045__sessionTime_202510240920__participant_P339__trialN_6__trialT_5__fileType_cropped.png
P339,202510240920,2510241049,7,2,5 Hz,5.0,EXPERIMENTAL,LIGHT,True,,saveTime_2510241049__sessionTime_202510240920__participant_P339__trialN_7__trialT_2__fileType_cropped.png,1,,saveTime_2510241049__sessionTime_202510240920__participant_P339__trialN_7__trialT_2__fileType_cropped.png
P339,202510240920,2510241053,8,6,40 Hz,40.0,EXPERIMENTAL,LIGHT,True,,saveTime_2510241053__sessionTime_202510240920__participant_P339__trialN_8__trialT_6__fileType_cropped.png,1,,saveTime_2510241053__sessionTime_202510240920__participant_P339__trialN_8__trialT_6__fileType_cropped.png
P339,202510240920,2510241056,9,6,40 Hz,40.0,EXPERIMENTAL,LIGHT,True,,saveTime_2510241056__sessionTime_202510240920__participant_P339__trialN_9__trialT_6__fileType_cropped.png,1,,saveTime_2510241056__sessionTime_202510240920__participant_P339__trialN_9__trialT_6__fileType_cropped.png
P339,202510240920,2510241101,10,3,10 Hz,10.0,EXPERIMENTAL,LIGHT,True,,saveTime_2510241101__sessionTime_202510240920__participant_P339__trialN_10__trialT_3__fileType_cropped.png,1,,saveTime_2510241101__sessionTime_202510240920__participant_P339__trialN_10__trialT_3__fileType_cropped.png
P339,202510240920,2510241105,11,5,20 Hz,20.0,EXPERIMENTAL,LIGHT,True,,saveTime_2510241105__sessionTime_202510240920__participant_P339__trialN_11__trialT_5__fileType_cropped.png,1,,saveTime_2510241105__sessionTime_202510240920__participant_P339__trialN_11__trialT_5__fileType_cropped.png
P339,202510240920,2510241115,12,A04,,,VALIDATION,IMAGE,True,,saveTime_2510241115__sessionTime_202510240920__participant_P339__trialN_12__trialT_A04__fileType_cropped.png,1,,saveTime_2510241115__sessionTime_202510240920__participant_P339__trialN_12__trialT_A04__fileType_cropped.png
P339,202510240920,2510241118,13,3,10 Hz,10.0,EXPERIMENTAL,LIGHT,True,,saveTime_2510241118__sessionTime_202510240920__participant_P339__trialN_13__trialT_3__fileType_cropped.png,1,,saveTime_2510241118__sessionTime_202510240920__participant_P339__trialN_13__trialT_3__fileType_cropped.png
P339,202510240920,2510241122,14,1,2.5 Hz,2.5,EXPERIMENTAL,LIGHT,True,,saveTime_2510241122__sessionTime_202510240920__participant_P339__trialN_14__trialT_1__fileType_cropped.png,1,,saveTime_2510241122__sessionTime_202510240920__participant_P339__trialN_14__trialT_1__fileType_cropped.png
P339,202510240920,2510241125,15,7,80 Hz,80.0,CONTROL,LIGHT,True,,saveTime_2510241125__sessionTime_202510240920__participant_P339__trialN_15__trialT_7__fileType_cropped.png,1,,saveTime_2510241125__sessionTime_202510240920__participant_P339__trialN_15__trialT_7__fileType_cropped.png
P339,202510240920,2510241129,16,2,5 Hz,5.0,EXPERIMENTAL,LIGHT,True,,saveTime_2510241129__sessionTime_202510240920__participant_P339__trialN_16__trialT_2__fileType_cropped.png,1,,saveTime_2510241129__sessionTime_202510240920__participant_P339__trialN_16__trialT_2__fileType_cropped.png
P339,202510240920,2510241132,17,1,2.5 Hz,2.5,EXPERIMENTAL,LIGHT,True,,saveTime_2510241132__sessionTime_202510240920__participant_P339__trialN_17__trialT_1__fileType_cropped.png,1,,saveTime_2510241132__sessionTime_202510240920__participant_P339__trialN_17__trialT_1__fileType_cropped.png
P340,202510240920,2510241023,2,4,15 Hz,15.0,EXPERIMENTAL,LIGHT,True,,saveTime_2510241023__sessionTime_202510240920__participant_P340__trialN_2__trialT_4__fileType_cropped.png,1,,saveTime_2510241023__sessionTime_202510240920__participant_P340__trialN_2__trialT_4__fileType_cropped.png
P340,202510240920,2510241027,3,4,15 Hz,15.0,EXPERIMENTAL,LIGHT,True,,saveTime_2510241027__sessionTime_202510240920__participant_P340__trialN_3__trialT_4__fileType_cropped.png,1,,saveTime_2510241027__sessionTime_202510240920__participant_P340__trialN_3__trialT_4__fileType_cropped.png
P340,202510240920,2510241031,4,C00,,,VALIDATION,IMAGE,True,,saveTime_2510241031__sessionTime_202510240920__participant_P340__trialN_4__trialT_C00__fileType_cropped.png,1,,saveTime_2510241031__sessionTime_202510240920__participant_P340__trialN_4__trialT_C00__fileType_cropped.png
P340,202510240920,2510241034,5,B09,,,VALIDATION,IMAGE,True,,saveTime_2510241034__sessionTime_202510240920__participant_P340__trialN_5__trialT_B09__fileType_cropped.png,1,,saveTime_2510241034__sessionTime_202510240920__participant_P340__trialN_5__trialT_B09__fileType_cropped.png
P340,202510240920,2510241044,6,5,20 Hz,20.0,EXPERIMENTAL,LIGHT,True,,saveTime_2510241044__sessionTime_202510240920__participant_P340__trialN_6__trialT_5__fileType_cropped.png,1,,saveTime_2510241044__sessionTime_202510240920__participant_P340__trialN_6__trialT_5__fileType_cropped.png
P340,202510240920,2510241048,7,2,5 Hz,5.0,EXPERIMENTAL,LIGHT,True,,saveTime_2510241048__sessionTime_202510240920__participant_P340__trialN_7__trialT_2__fileType_cropped.png,1,,saveTime_2510241048__sessionTime_202510240920__participant_P340__trialN_7__trialT_2__fileType_cropped.png
P340,202510240920,2510241052,8,6,40 Hz,40.0,EXPERIMENTAL,LIGHT,True,,saveTime_2510241052__sessionTime_202510240920__participant_P340__trialN_8__trialT_6__fileType_cropped.png,1,,saveTime_2510241052__sessionTime_202510240920__participant_P340__trialN_8__trialT_6__fileType_cropped.png
P340,202510240920,2510241056,9,6,40 Hz,40.0,EXPERIMENTAL,LIGHT,True,,saveTime_2510241056__sessionTime_202510240920__participant_P340__trialN_9__trialT_6__fileType_cropped.png,1,,saveTime_2510241056__sessionTime_202510240920__participant_P340__trialN_9__trialT_6__fileType_cropped.png
P340,202510240920,2510241100,10,3,10 Hz,10.0,EXPERIMENTAL,LIGHT,True,,saveTime_2510241100__sessionTime_202510240920__participant_P340__trialN_10__trialT_3__fileType_cropped.png,1,,saveTime_2510241100__sessionTime_202510240920__participant_P340__trialN_10__trialT_3__fileType_cropped.png
P340,202510240920,2510241104,11,5,20 Hz,20.0,EXPERIMENTAL,LIGHT,True,,saveTime_2510241104__sessionTime_202510240920__participant_P340__trialN_11__trialT_5__fileType_cropped.png,1,,saveTime_2510241104__sessionTime_202510240920__participant_P340__trialN_11__trialT_5__fileType_cropped.png
P340,202510240920,2510241114,12,A08,,,VALIDATION,IMAGE,True,,saveTime_2510241114__sessionTime_202510240920__participant_P340__trialN_12__trialT_A08__fileType_cropped.png,1,,saveTime_2510241114__sessionTime_202510240920__participant_P340__trialN_12__trialT_A08__fileType_cropped.png
P340,202510240920,2510241117,13,3,10 Hz,10.0,EXPERIMENTAL,LIGHT,True,,saveTime_2510241117__sessionTime_202510240920__participant_P340__trialN_13__trialT_3__fileType_cropped.png,1,,saveTime_2510241117__sessionTime_202510240920__participant_P340__trialN_13__trialT_3__fileType_cropped.png
P340,202510240920,2510241122,14,1,2.5 Hz,2.5,EXPERIMENTAL,LIGHT,True,,saveTime_2510241122__sessionTime_202510240920__participant_P340__trialN_14__trialT_1__fileType_cropped.png,1,,saveTime_2510241122__sessionTime_202510240920__participant_P340__trialN_14__trialT_1__fileType_cropped.png
P340,202510240920,2510241125,15,7,80 Hz,80.0,CONTROL,LIGHT,True,,saveTime_2510241125__sessionTime_202510240920__participant_P340__trialN_15__trialT_7__fileType_cropped.png,1,,saveTime_2510241125__sessionTime_202510240920__participant_P340__trialN_15__trialT_7__fileType_cropped.png
P340,202510240920,2510241129,16,2,5 Hz,5.0,EXPERIMENTAL,LIGHT,True,,saveTime_2510241129__sessionTime_202510240920__participant_P340__trialN_16__trialT_2__fileType_cropped.png,1,,saveTime_2510241129__sessionTime_202510240920__participant_P340__trialN_16__trialT_2__fileType_cropped.png
P340,202510240920,2510241132,17,1,2.5 Hz,2.5,EXPERIMENTAL,LIGHT,True,,saveTime_2510241132__sessionTime_202510240920__participant_P340__trialN_17__trialT_1__fileType_cropped.png,1,,saveTime_2510241132__sessionTime_202510240920__participant_P340__trialN_17__trialT_1__fileType_cropped.png
P341,202510240920,2510241023,2,4,15 Hz,15.0,EXPERIMENTAL,LIGHT,True,,saveTime_2510241023__sessionTime_202510240920__participant_P341__trialN_2__trialT_4__fileType_cropped.png,1,,saveTime_2510241023__sessionTime_202510240920__participant_P341__trialN_2__trialT_4__fileType_cropped.png
P341,202510240920,2510241026,3,4,15 Hz,15.0,EXPERIMENTAL,LIGHT,True,,saveTime_2510241026__sessionTime_202510240920__participant_P341__trialN_3__trialT_4__fileType_cropped.png,1,,saveTime_2510241026__sessionTime_202510240920__participant_P341__trialN_3__trialT_4__fileType_cropped.png
P341,202510240920,2510241030,4,C06,,,VALIDATION,IMAGE,True,,saveTime_2510241030__sessionTime_202510240920__participant_P341__trialN_4__trialT_C06__fileType_cropped.png,1,,saveTime_2510241030__sessionTime_202510240920__participant_P341__trialN_4__trialT_C06__fileType_cropped.png
P341,202510240920,2510241034,5,B13,,,VALIDATION,IMAGE,True,,saveTime_2510241034__sessionTime_202510240920__participant_P341__trialN_5__trialT_B13__fileType_cropped.png,1,,saveTime_2510241034__sessionTime_202510240920__participant_P341__trialN_5__trialT_B13__fileType_cropped.png
P341,202510240920,2510241043,6,5,20 Hz,20.0,EXPERIMENTAL,LIGHT,True,,saveTime_2510241043__sessionTime_202510240920__participant_P341__trialN_6__trialT_5__fileType_cropped.png,1,,saveTime_2510241043__sessionTime_202510240920__participant_P341__trialN_6__trialT_5__fileType_cropped.png
P341,202510240920,2510241048,7,2,5 Hz,5.0,EXPERIMENTAL,LIGHT,True,,saveTime_2510241048__sessionTime_202510240920__participant_P341__trialN_7__trialT_2__fileType_cropped.png,1,,saveTime_2510241048__sessionTime_202510240920__participant_P341__trialN_7__trialT_2__fileType_cropped.png
P341,202510240920,2510241052,8,6,40 Hz,40.0,EXPERIMENTAL,LIGHT,True,,saveTime_2510241052__sessionTime_202510240920__participant_P341__trialN_8__trialT_6__fileType_cropped.png,1,,saveTime_2510241052__sessionTime_202510240920__participant_P341__trialN_8__trialT_6__fileType_cropped.png
P341,202510240920,2510241056,9,6,40 Hz,40.0,EXPERIMENTAL,LIGHT,True,,saveTime_2510241056__sessionTime_202510240920__participant_P341__trialN_9__trialT_6__fileType_cropped.png,1,,saveTime_2510241056__sessionTime_202510240920__participant_P341__trialN_9__trialT_6__fileType_cropped.png
P341,202510240920,2510241059,10,3,10 Hz,10.0,EXPERIMENTAL,LIGHT,True,,saveTime_2510241059__sessionTime_202510240920__participant_P341__trialN_10__trialT_3__fileType_cropped.png,1,,saveTime_2510241059__sessionTime_202510240920__participant_P341__trialN_10__trialT_3__fileType_cropped.png
P341,202510240920,2510241104,11,5,20 Hz,20.0,EXPERIMENTAL,LIGHT,True,,saveTime_2510241104__sessionTime_202510240920__participant_P341__trialN_11__trialT_5__fileType_cropped.png,1,,saveTime_2510241104__sessionTime_202510240920__participant_P341__trialN_11__trialT_5__fileType_cropped.png
P341,202510240920,2510241113,12,A08,,,VALIDATION,IMAGE,True,,saveTime_2510241113__sessionTime_202510240920__participant_P341__trialN_12__trialT_A08__fileType_cropped.png,1,,saveTime_2510241113__sessionTime_202510240920__participant_P341__trialN_12__trialT_A08__fileType_cropped.png
P341,202510240920,2510241117,13,3,10 Hz,10.0,EXPERIMENTAL,LIGHT,True,,saveTime_2510241117__sessionTime_202510240920__participant_P341__trialN_13__trialT_3__fileType_cropped.png,1,,saveTime_2510241117__sessionTime_202510240920__participant_P341__trialN_13__trialT_3__fileType_cropped.png
P341,202510240920,2510241121,14,1,2.5 Hz,2.5,EXPERIMENTAL,LIGHT,True,,saveTime_2510241121__sessionTime_202510240920__participant_P341__trialN_14__trialT_1__fileType_cropped.png,1,,saveTime_2510241121__sessionTime_202510240920__participant_P341__trialN_14__trialT_1__fileType_cropped.png
P341,202510240920,2510241124,15,7,80 Hz,80.0,CONTROL,LIGHT,True,,saveTime_2510241124__sessionTime_202510240920__participant_P341__trialN_15__trialT_7__fileType_cropped.png,1,,saveTime_2510241124__sessionTime_202510240920__participant_P341__trialN_15__trialT_7__fileType_cropped.png
P341,202510240920,2510241128,16,2,5 Hz,5.0,EXPERIMENTAL,LIGHT,True,,saveTime_2510241128__sessionTime_202510240920__participant_P341__trialN_16__trialT_2__fileType_cropped.png,1,,saveTime_2510241128__sessionTime_202510240920__participant_P341__trialN_16__trialT_2__fileType_cropped.png
P341,202510240920,2510241132,17,1,2.5 Hz,2.5,EXPERIMENTAL,LIGHT,True,,saveTime_2510241132__sessionTime_202510240920__participant_P341__trialN_17__trialT_1__fileType_cropped.png,1,,saveTime_2510241132__sessionTime_202510240920__participant_P341__trialN_17__trialT_1__fileType_cropped.png
P342,202510240920,2510241023,2,4,15 Hz,15.0,EXPERIMENTAL,LIGHT,True,,saveTime_2510241023__sessionTime_202510240920__participant_P342__trialN_2__trialT_4__fileType_cropped.png,1,,saveTime_2510241023__sessionTime_202510240920__participant_P342__trialN_2__trialT_4__fileType_cropped.png
P342,202510240920,2510241027,3,4,15 Hz,15.0,EXPERIMENTAL,LIGHT,True,,saveTime_2510241027__sessionTime_202510240920__participant_P342__trialN_3__trialT_4__fileType_cropped.png,1,,saveTime_2510241027__sessionTime_202510240920__participant_P342__trialN_3__trialT_4__fileType_cropped.png
P342,202510240920,2510241031,4,C08,,,VALIDATION,IMAGE,True,,saveTime_2510241031__sessionTime_202510240920__participant_P342__trialN_4__trialT_C08__fileType_cropped.png,1,,saveTime_2510241031__sessionTime_202510240920__participant_P342__trialN_4__trialT_C08__fileType_cropped.png
P342,202510240920,2510241035,5,B08,,,VALIDATION,IMAGE,True,,saveTime_2510241035__sessionTime_202510240920__participant_P342__trialN_5__trialT_B08__fileType_cropped.png,1,,saveTime_2510241035__sessionTime_202510240920__participant_P342__trialN_5__trialT_B08__fileType_cropped.png
P342,202510240920,2510241044,6,5,20 Hz,20.0,EXPERIMENTAL,LIGHT,True,,saveTime_2510241044__sessionTime_202510240920__participant_P342__trialN_6__trialT_5__fileType_cropped.png,1,,saveTime_2510241044__sessionTime_202510240920__participant_P342__trialN_6__trialT_5__fileType_cropped.png
P342,202510240920,2510241049,7,2,5 Hz,5.0,EXPERIMENTAL,LIGHT,True,,saveTime_2510241049__sessionTime_202510240920__participant_P342__trialN_7__trialT_2__fileType_cropped.png,1,,saveTime_2510241049__sessionTime_202510240920__participant_P342__trialN_7__trialT_2__fileType_cropped.png
P342,202510240920,2510241052,8,6,40 Hz,40.0,EXPERIMENTAL,LIGHT,True,,saveTime_2510241052__sessionTime_202510240920__participant_P342__trialN_8__trialT_6__fileType_cropped.png,1,,saveTime_2510241052__sessionTime_202510240920__participant_P342__trialN_8__trialT_6__fileType_cropped.png
P342,202510240920,2510241056,9,6,40 Hz,40.0,EXPERIMENTAL,LIGHT,True,,saveTime_2510241056__sessionTime_202510240920__participant_P342__trialN_9__trialT_6__fileType_cropped.png,1,,saveTime_2510241056__sessionTime_202510240920__participant_P342__trialN_9__trialT_6__fileType_cropped.png
P342,202510240920,2510241059,10,3,10 Hz,10.0,EXPERIMENTAL,LIGHT,True,,saveTime_2510241059__sessionTime_202510240920__participant_P342__trialN_10__trialT_3__fileType_cropped.png,1,,saveTime_2510241059__sessionTime_202510240920__participant_P342__trialN_10__trialT_3__fileType_cropped.png
P342,202510240920,2510241104,11,5,20 Hz,20.0,EXPERIMENTAL,LIGHT,True,,saveTime_2510241104__sessionTime_202510240920__participant_P342__trialN_11__trialT_5__fileType_cropped.png,1,,saveTime_2510241104__sessionTime_202510240920__participant_P342__trialN_11__trialT_5__fileType_cropped.png
P342,202510240920,2510241113,12,A10,,,VALIDATION,IMAGE,True,,saveTime_2510241113__sessionTime_202510240920__participant_P342__trialN_12__trialT_A10__fileType_cropped.png,1,,saveTime_2510241113__sessionTime_202510240920__participant_P342__trialN_12__trialT_A10__fileType_cropped.png
P342,202510240920,2510241118,13,3,10 Hz,10.0,EXPERIMENTAL,LIGHT,True,,saveTime_2510241118__sessionTime_202510240920__participant_P342__trialN_13__trialT_3__fileType_cropped.png,1,,saveTime_2510241118__sessionTime_202510240920__participant_P342__trialN_13__trialT_3__fileType_cropped.png
P342,202510240920,2510241122,14,1,2.5 Hz,2.5,EXPERIMENTAL,LIGHT,True,,saveTime_2510241122__sessionTime_202510240920__participant_P342__trialN_14__trialT_1__fileType_cropped.png,1,,saveTime_2510241122__sessionTime_202510240920__participant_P342__trialN_14__trialT_1__fileType_cropped.png
P342,202510240920,2510241124,15,7,80 Hz,80.0,CONTROL,LIGHT,True,,saveTime_2510241124__sessionTime_202510240920__participant_P342__trialN_15__trialT_7__fileType_cropped.png,1,,saveTime_2510241124__sessionTime_202510240920__participant_P342__trialN_15__trialT_7__fileType_cropped.png
P342,202510240920,2510241128,16,2,5 Hz,5.0,EXPERIMENTAL,LIGHT,True,,saveTime_2510241128__sessionTime_202510240920__participant_P342__trialN_16__trialT_2__fileType_cropped.png,1,,saveTime_2510241128__sessionTime_202510240920__participant_P342__trialN_16__trialT_2__fileType_cropped.png
P342,202510240920,2510241132,17,1,2.5 Hz,2.5,EXPERIMENTAL,LIGHT,True,,saveTime_2510241132__sessionTime_202510240920__participant_P342__trialN_17__trialT_1__fileType_cropped.png,1,,saveTime_2510241132__sessionTime_202510240920__participant_P342__trialN_17__trialT_1__fileType_cropped.png
P343,202510240920,2510241023,2,4,15 Hz,15.0,EXPERIMENTAL,LIGHT,True,,saveTime_2510241023__sessionTime_202510240920__participant_P343__trialN_2__trialT_4__fileType_cropped.png,1,,saveTime_2510241023__sessionTime_202510240920__participant_P343__trialN_2__trialT_4__fileType_cropped.png
P343,202510240920,2510241026,3,4,15 Hz,15.0,EXPERIMENTAL,LIGHT,True,,saveTime_2510241026__sessionTime_202510240920__participant_P343__trialN_3__trialT_4__fileType_cropped.png,1,,saveTime_2510241026__sessionTime_202510240920__participant_P343__trialN_3__trialT_4__fileType_cropped.png
P343,202510240920,2510241031,4,C14,,,VALIDATION,IMAGE,True,,saveTime_2510241031__sessionTime_202510240920__participant_P343__trialN_4__trialT_C14__fileType_cropped.png,1,,saveTime_2510241031__sessionTime_202510240920__participant_P343__trialN_4__trialT_C14__fileType_cropped.png
P343,202510240920,2510241034,5,B08,,,VALIDATION,IMAGE,True,,saveTime_2510241034__sessionTime_202510240920__participant_P343__trialN_5__trialT_B08__fileType_cropped.png,1,,saveTime_2510241034__sessionTime_202510240920__participant_P343__trialN_5__trialT_B08__fileType_cropped.png
P343,202510240920,2510241044,6,5,20 Hz,20.0,EXPERIMENTAL,LIGHT,True,,saveTime_2510241044__sessionTime_202510240920__participant_P343__trialN_6__trialT_5__fileType_cropped.png,1,,saveTime_2510241044__sessionTime_202510240920__participant_P343__trialN_6__trialT_5__fileType_cropped.png
P343,202510240920,2510241048,7,2,5 Hz,5.0,EXPERIMENTAL,LIGHT,True,,saveTime_2510241048__sessionTime_202510240920__participant_P343__trialN_7__trialT_2__fileType_cropped.png,1,,saveTime_2510241048__sessionTime_202510240920__participant_P343__trialN_7__trialT_2__fileType_cropped.png
P343,202510240920,2510241052,8,6,40 Hz,40.0,EXPERIMENTAL,LIGHT,True,,saveTime_2510241052__sessionTime_202510240920__participant_P343__trialN_8__trialT_6__fileType_cropped.png,1,,saveTime_2510241052__sessionTime_202510240920__participant_P343__trialN_8__trialT_6__fileType_cropped.png
P343,202510240920,2510241056,9,6,40 Hz,40.0,EXPERIMENTAL,LIGHT,True,,saveTime_2510241056__sessionTime_202510240920__participant_P343__trialN_9__trialT_6__fileType_cropped.png,1,,saveTime_2510241056__sessionTime_202510240920__participant_P343__trialN_9__trialT_6__fileType_cropped.png
P343,202510240920,2510241100,10,3,10 Hz,10.0,EXPERIMENTAL,LIGHT,True,,saveTime_2510241100__sessionTime_202510240920__participant_P343__trialN_10__trialT_3__fileType_cropped.png,1,,saveTime_2510241100__sessionTime_202510240920__participant_P343__trialN_10__trialT_3__fileType_cropped.png
P343,202510240920,2510241104,11,5,20 Hz,20.0,EXPERIMENTAL,LIGHT,True,,saveTime_2510241104__sessionTime_202510240920__participant_P343__trialN_11__trialT_5__fileType_cropped.png,1,,saveTime_2510241104__sessionTime_202510240920__participant_P343__trialN_11__trialT_5__fileType_cropped.png
P343,202510240920,2510241112,12,A14,,,VALIDATION,IMAGE,True,,saveTime_2510241112__sessionTime_202510240920__participant_P343__trialN_12__trialT_A14__fileType_cropped.png,1,,saveTime_2510241112__sessionTime_202510240920__participant_P343__trialN_12__trialT_A14__fileType_cropped.png
P343,202510240920,2510241117,13,3,10 Hz,10.0,EXPERIMENTAL,LIGHT,True,,saveTime_2510241117__sessionTime_202510240920__participant_P343__trialN_13__trialT_3__fileType_cropped.png,1,,saveTime_2510241117__sessionTime_202510240920__participant_P343__trialN_13__trialT_3__fileType_cropped.png
P343,202510240920,2510241121,14,1,2.5 Hz,2.5,EXPERIMENTAL,LIGHT,True,,saveTime_2510241121__sessionTime_202510240920__participant_P343__trialN_14__trialT_1__fileType_cropped.png,1,,saveTime_2510241121__sessionTime_202510240920__participant_P343__trialN_14__trialT_1__fileType_cropped.png
P343,202510240920,2510241125,15,7,80 Hz,80.0,CONTROL,LIGHT,True,,saveTime_2510241125__sessionTime_202510240920__participant_P343__trialN_15__trialT_7__fileType_cropped.png,1,,saveTime_2510241125__sessionTime_202510240920__participant_P343__trialN_15__trialT_7__fileType_cropped.png
P343,202510240920,2510241129,16,2,5 Hz,5.0,EXPERIMENTAL,LIGHT,True,,saveTime_2510241129__sessionTime_202510240920__participant_P343__trialN_16__trialT_2__fileType_cropped.png,1,,saveTime_2510241129__sessionTime_202510240920__participant_P343__trialN_16__trialT_2__fileType_cropped.png
P343,202510240920,2510241132,17,1,2.5 Hz,2.5,EXPERIMENTAL,LIGHT,True,,saveTime_2510241132__sessionTime_202510240920__participant_P343__trialN_17__trialT_1__fileType_cropped.png,1,,saveTime_2510241132__sessionTime_202510240920__participant_P343__trialN_17__trialT_1__fileType_cropped.png
P344,202510240920,2510241023,2,4,15 Hz,15.0,EXPERIMENTAL,LIGHT,True,,saveTime_2510241023__sessionTime_202510240920__participant_P344__trialN_2__trialT_4__fileType_cropped.png,1,,saveTime_2510241023__sessionTime_202510240920__participant_P344__trialN_2__trialT_4__fileType_cropped.png
P344,202510240920,2510241027,3,4,15 Hz,15.0,EXPERIMENTAL,LIGHT,True,,saveTime_2510241027__sessionTime_202510240920__participant_P344__trialN_3__trialT_4__fileType_cropped.png,1,,saveTime_2510241027__sessionTime_202510240920__participant_P344__trialN_3__trialT_4__fileType_cropped.png
P344,202510240920,2510241031,4,C09,,,VALIDATION,IMAGE,True,,saveTime_2510241031__sessionTime_202510240920__participant_P344__trialN_4__trialT_C09__fileType_cropped.png,1,,saveTime_2510241031__sessionTime_202510240920__participant_P344__trialN_4__trialT_C09__fileType_cropped.png
P344,202510240920,2510241034,5,B08,,,VALIDATION,IMAGE,True,,saveTime_2510241034__sessionTime_202510240920__participant_P344__trialN_5__trialT_B08__fileType_cropped.png,1,,saveTime_2510241034__sessionTime_202510240920__participant_P344__trialN_5__trialT_B08__fileType_cropped.png
P344,202510240920,2510241044,6,5,20 Hz,20.0,EXPERIMENTAL,LIGHT,True,,saveTime_2510241044__sessionTime_202510240920__participant_P344__trialN_6__trialT_5__fileType_cropped.png,1,,saveTime_2510241044__sessionTime_202510240920__participant_P344__trialN_6__trialT_5__fileType_cropped.png
P344,202510240920,2510241048,7,2,5 Hz,5.0,EXPERIMENTAL,LIGHT,True,,saveTime_2510241048__sessionTime_202510240920__participant_P344__trialN_7__trialT_2__fileType_cropped.png,1,,saveTime_2510241048__sessionTime_202510240920__participant_P344__trialN_7__trialT_2__fileType_cropped.png
P344,202510240920,2510241052,8,6,40 Hz,40.0,EXPERIMENTAL,LIGHT,True,,saveTime_2510241052__sessionTime_202510240920__participant_P344__trialN_8__trialT_6__fileType_cropped.png,1,,saveTime_2510241052__sessionTime_202510240920__participant_P344__trialN_8__trialT_6__fileType_cropped.png
P344,202510240920,2510241056,9,6,40 Hz,40.0,EXPERIMENTAL,LIGHT,True,,saveTime_2510241056__sessionTime_202510240920__participant_P344__trialN_9__trialT_6__fileType_cropped.png,1,,saveTime_2510241056__sessionTime_202510240920__participant_P344__trialN_9__trialT_6__fileType_cropped.png
P344,202510240920,2510241059,10,3,10 Hz,10.0,EXPERIMENTAL,LIGHT,True,,saveTime_2510241059__sessionTime_202510240920__participant_P344__trialN_10__trialT_3__fileType_cropped.png,1,,saveTime_2510241059__sessionTime_202510240920__participant_P344__trialN_10__trialT_3__fileType_cropped.png
P344,202510240920,2510241104,11,5,20 Hz,20.0,EXPERIMENTAL,LIGHT,True,,saveTime_2510241104__sessionTime_202510240920__participant_P344__trialN_11__trialT_5__fileType_cropped.png,1,,saveTime_2510241104__sessionTime_202510240920__participant_P344__trialN_11__trialT_5__fileType_cropped.png
P344,202510240920,2510241113,12,A05,,,VALIDATION,IMAGE,True,,saveTime_2510241113__sessionTime_202510240920__participant_P344__trialN_12__trialT_A05__fileType_cropped.png,1,,saveTime_2510241113__sessionTime_202510240920__participant_P344__trialN_12__trialT_A05__fileType_cropped.png
P344,202510240920,2510241118,13,3,10 Hz,10.0,EXPERIMENTAL,LIGHT,True,,saveTime_2510241118__sessionTime_202510240920__participant_P344__trialN_13__trialT_3__fileType_cropped.png,1,,saveTime_2510241118__sessionTime_202510240920__participant_P344__trialN_13__trialT_3__fileType_cropped.png
P344,202510240920,2510241122,14,1,2.5 Hz,2.5,EXPERIMENTAL,LIGHT,True,,saveTime_2510241122__sessionTime_202510240920__participant_P344__trialN_14__trialT_1__fileType_cropped.png,1,,saveTime_2510241122__sessionTime_202510240920__participant_P344__trialN_14__trialT_1__fileType_cropped.png
P344,202510240920,2510241125,15,7,80 Hz,80.0,CONTROL,LIGHT,True,,saveTime_2510241125__sessionTime_202510240920__participant_P344__trialN_15__trialT_7__fileType_cropped.png,1,,saveTime_2510241125__sessionTime_202510240920__participant_P344__trialN_15__trialT_7__fileType_cropped.png
P344,202510240920,2510241128,16,2,5 Hz,5.0,EXPERIMENTAL,LIGHT,True,,saveTime_2510241128__sessionTime_202510240920__participant_P344__trialN_16__trialT_2__fileType_cropped.png,1,,saveTime_2510241128__sessionTime_202510240920__participant_P344__trialN_16__trialT_2__fileType_cropped.png
P344,202510240920,2510241132,17,1,2.5 Hz,2.5,EXPERIMENTAL,LIGHT,True,,saveTime_2510241132__sessionTime_202510240920__participant_P344__trialN_17__trialT_1__fileType_cropped.png,1,,saveTime_2510241132__sessionTime_202510240920__participant_P344__trialN_17__trialT_1__fileType_cropped.png
P344453,202510261600,2510261653,2,6,40 Hz,40.0,EXPERIMENTAL,LIGHT,True,,saveTime_2510261653__sessionTime_202510261600__participant_P344453__trialN_2__trialT_6__fileType_cropped.png,1,,saveTime_2510261653__sessionTime_202510261600__participant_P344453__trialN_2__trialT_6__fileType_cropped.png
P344453,202510261600,2510261655,3,4,15 Hz,15.0,EXPERIMENTAL,LIGHT,True,,saveTime_2510261655__sessionTime_202510261600__participant_P344453__trialN_3__trialT_4__fileType_cropped.png,1,,saveTime_2510261655__sessionTime_202510261600__participant_P344453__trialN_3__trialT_4__fileType_cropped.png
P344453,202510261600,2510261659,4,1,2.5 Hz,2.5,EXPERIMENTAL,LIGHT,True,,saveTime_2510261659__sessionTime_202510261600__participant_P344453__trialN_4__trialT_1__fileType_cropped.png,1,,saveTime_2510261659__sessionTime_202510261600__participant_P344453__trialN_4__trialT_1__fileType_cropped.png
P344453,202510261600,2510261703,5,4,15 Hz,15.0,EXPERIMENTAL,LIGHT,True,,saveTime_2510261703__sessionTime_202510261600__participant_P344453__trialN_5__trialT_4__fileType_cropped.png,1,,saveTime_2510261703__sessionTime_202510261600__participant_P344453__trialN_5__trialT_4__fileType_cropped.png
P344453,202510261600,2510261717,6,B03,,,VALIDATION,IMAGE,True,,saveTime_2510261717__sessionTime_202510261600__participant_P344453__trialN_6__trialT_B03__fileType_cropped.png,1,,saveTime_2510261717__sessionTime_202510261600__participant_P344453__trialN_6__trialT_B03__fileType_cropped.png
P344453,202510261600,2510261720,7,5,20 Hz,20.0,EXPERIMENTAL,LIGHT,True,,saveTime_2510261720__sessionTime_202510261600__participant_P344453__trialN_7__trialT_5__fileType_cropped.png,1,,saveTime_2510261720__sessionTime_202510261600__participant_P344453__trialN_7__trialT_5__fileType_cropped.png
P344453,202510261600,2510261723,8,3,10 Hz,10.0,EXPERIMENTAL,LIGHT,True,,saveTime_2510261723__sessionTime_202510261600__participant_P344453__trialN_8__trialT_3__fileType_cropped.png,1,,saveTime_2510261723__sessionTime_202510261600__participant_P344453__trialN_8__trialT_3__fileType_cropped.png
P344453,202510261600,2510261728,9,5,20 Hz,20.0,EXPERIMENTAL,LIGHT,True,,saveTime_2510261728__sessionTime_202510261600__participant_P344453__trialN_9__trialT_5__fileType_cropped.png,1,,saveTime_2510261728__sessionTime_202510261600__participant_P344453__trialN_9__trialT_5__fileType_cropped.png
P344453,202510261600,2510261732,10,6,40 Hz,40.0,EXPERIMENTAL,LIGHT,True,,saveTime_2510261732__sessionTime_202510261600__participant_P344453__trialN_10__trialT_6__fileType_cropped.png,1,,saveTime_2510261732__sessionTime_202510261600__participant_P344453__trialN_10__trialT_6__fileType_cropped.png
P344453,202510261600,2510261736,11,3,10 Hz,10.0,EXPERIMENTAL,LIGHT,True,,saveTime_2510261736__sessionTime_202510261600__participant_P344453__trialN_11__trialT_3__fileType_cropped.png,1,,saveTime_2510261736__sessionTime_202510261600__participant_P344453__trialN_11__trialT_3__fileType_cropped.png
P344453,202510261600,2510261750,12,C13,,,VALIDATION,IMAGE,True,,saveTime_2510261750__sessionTime_202510261600__participant_P344453__trialN_12__trialT_C13__fileType_cropped.png,1,,saveTime_2510261750__sessionTime_202510261600__participant_P344453__trialN_12__trialT_C13__fileType_cropped.png
P344453,202510261600,2510261753,13,7,80 Hz,80.0,CONTROL,LIGHT,True,,saveTime_2510261753__sessionTime_202510261600__participant_P344453__trialN_13__trialT_7__fileType_cropped.png,1,,saveTime_2510261753__sessionTime_202510261600__participant_P344453__trialN_13__trialT_7__fileType_cropped.png
P344453,202510261600,2510261758,14,2,5 Hz,5.0,EXPERIMENTAL,LIGHT,True,,saveTime_2510261758__sessionTime_202510261600__participant_P344453__trialN_14__trialT_2__fileType_cropped.png,1,,saveTime_2510261758__sessionTime_202510261600__participant_P344453__trialN_14__trialT_2__fileType_cropped.png
P344453,202510261600,2510261801,15,A14,,,VALIDATION,IMAGE,True,,saveTime_2510261801__sessionTime_202510261600__participant_P344453__trialN_15__trialT_A14__fileType_cropped.png,1,,saveTime_2510261801__sessionTime_202510261600__participant_P344453__trialN_15__trialT_A14__fileType_cropped.png
P344453,202510261600,2510261805,16,2,5 Hz,5.0,EXPERIMENTAL,LIGHT,True,,saveTime_2510261805__sessionTime_202510261600__participant_P344453__trialN_16__trialT_2__fileType_cropped.png,1,,saveTime_2510261805__sessionTime_202510261600__participant_P344453__trialN_16__trialT_2__fileType_cropped.png
P344453,202510261600,2510261809,17,1,2.5 Hz,2.5,EXPERIMENTAL,LIGHT,True,,saveTime_2510261809__sessionTime_202510261600__participant_P344453__trialN_17__trialT_1__fileType_cropped.png,1,,saveTime_2510261809__sessionTime_202510261600__participant_P344453__trialN_17__trialT_1__fileType_cropped.png
P345,202510240920,2510241023,2,4,15 Hz,15.0,EXPERIMENTAL,LIGHT,True,,saveTime_2510241023__sessionTime_202510240920__participant_P345__trialN_2__trialT_4__fileType_cropped.png,1,,saveTime_2510241023__sessionTime_202510240920__participant_P345__trialN_2__trialT_4__fileType_cropped.png
P345,202510240920,2510241027,3,4,15 Hz,15.0,EXPERIMENTAL,LIGHT,True,,saveTime_2510241027__sessionTime_202510240920__participant_P345__trialN_3__trialT_4__fileType_cropped.png,1,,saveTime_2510241027__sessionTime_202510240920__participant_P345__trialN_3__trialT_4__fileType_cropped.png
P345,202510240920,2510241030,4,C00,,,VALIDATION,IMAGE,True,,saveTime_2510241030__sessionTime_202510240920__participant_P345__trialN_4__trialT_C00__fileType_cropped.png,1,,saveTime_2510241030__sessionTime_202510240920__participant_P345__trialN_4__trialT_C00__fileType_cropped.png
P345,202510240920,2510241034,5,B07,,,VALIDATION,IMAGE,True,,saveTime_2510241034__sessionTime_202510240920__participant_P345__trialN_5__trialT_B07__fileType_cropped.png,1,,saveTime_2510241034__sessionTime_202510240920__participant_P345__trialN_5__trialT_B07__fileType_cropped.png
P345,202510240920,2510241044,6,5,20 Hz,20.0,EXPERIMENTAL,LIGHT,True,,saveTime_2510241044__sessionTime_202510240920__participant_P345__trialN_6__trialT_5__fileType_cropped.png,1,,saveTime_2510241044__sessionTime_202510240920__participant_P345__trialN_6__trialT_5__fileType_cropped.png
P345,202510240920,2510241049,7,2,5 Hz,5.0,EXPERIMENTAL,LIGHT,True,,saveTime_2510241049__sessionTime_202510240920__participant_P345__trialN_7__trialT_2__fileType_cropped.png,1,,saveTime_2510241049__sessionTime_202510240920__participant_P345__trialN_7__trialT_2__fileType_cropped.png
P345,202510240920,2510241053,8,6,40 Hz,40.0,EXPERIMENTAL,LIGHT,True,,saveTime_2510241053__sessionTime_202510240920__participant_P345__trialN_8__trialT_6__fileType_cropped.png,1,,saveTime_2510241053__sessionTime_202510240920__participant_P345__trialN_8__trialT_6__fileType_cropped.png
P345,202510240920,2510241056,9,6,40 Hz,40.0,EXPERIMENTAL,LIGHT,True,,saveTime_2510241056__sessionTime_202510240920__participant_P345__trialN_9__trialT_6__fileType_cropped.png,1,,saveTime_2510241056__sessionTime_202510240920__participant_P345__trialN_9__trialT_6__fileType_cropped.png
P345,202510240920,2510241101,10,3,10 Hz,10.0,EXPERIMENTAL,LIGHT,True,,saveTime_2510241101__sessionTime_202510240920__participant_P345__trialN_10__trialT_3__fileType_cropped.png,1,,saveTime_2510241101__sessionTime_202510240920__participant_P345__trialN_10__trialT_3__fileType_cropped.png
P345,202510240920,2510241105,11,5,20 Hz,20.0,EXPERIMENTAL,LIGHT,True,,saveTime_2510241105__sessionTime_202510240920__participant_P345__trialN_11__trialT_5__fileType_cropped.png,1,,saveTime_2510241105__sessionTime_202510240920__participant_P345__trialN_11__trialT_5__fileType_cropped.png
P345,202510240920,2510241113,12,A06,,,VALIDATION,IMAGE,True,,saveTime_2510241113__sessionTime_202510240920__participant_P345__trialN_12__trialT_A06__fileType_cropped.png,1,,saveTime_2510241113__sessionTime_202510240920__participant_P345__trialN_12__trialT_A06__fileType_cropped.png
P345,202510240920,2510241118,13,3,10 Hz,10.0,EXPERIMENTAL,LIGHT,True,,saveTime_2510241118__sessionTime_202510240920__participant_P345__trialN_13__trialT_3__fileType_cropped.png,1,,saveTime_2510241118__sessionTime_202510240920__participant_P345__trialN_13__trialT_3__fileType_cropped.png
P345,202510240920,2510241121,14,1,2.5 Hz,2.5,EXPERIMENTAL,LIGHT,True,,saveTime_2510241121__sessionTime_202510240920__participant_P345__trialN_14__trialT_1__fileType_cropped.png,1,,saveTime_2510241121__sessionTime_202510240920__participant_P345__trialN_14__trialT_1__fileType_cropped.png
P345,202510240920,2510241125,15,7,80 Hz,80.0,CONTROL,LIGHT,True,,saveTime_2510241125__sessionTime_202510240920__participant_P345__trialN_15__trialT_7__fileType_cropped.png,1,,saveTime_2510241125__sessionTime_202510240920__participant_P345__trialN_15__trialT_7__fileType_cropped.png
P345,202510240920,2510241129,16,2,5 Hz,5.0,EXPERIMENTAL,LIGHT,True,,saveTime_2510241129__sessionTime_202510240920__participant_P345__trialN_16__trialT_2__fileType_cropped.png,1,,saveTime_2510241129__sessionTime_202510240920__participant_P345__trialN_16__trialT_2__fileType_cropped.png
P345,202510240920,2510241133,17,1,2.5 Hz,2.5,EXPERIMENTAL,LIGHT,True,,saveTime_2510241133__sessionTime_202510240920__participant_P345__trialN_17__trialT_1__fileType_cropped.png,1,,saveTime_2510241133__sessionTime_202510240920__participant_P345__trialN_17__trialT_1__fileType_cropped.png
P346,202510241110,2510241158,2,6,40 Hz,40.0,EXPERIMENTAL,LIGHT,True,,saveTime_2510241158__sessionTime_202510241110__participant_P346__trialN_2__trialT_6__fileType_cropped.png,1,,saveTime_2510241158__sessionTime_202510241110__participant_P346__trialN_2__trialT_6__fileType_cropped.png
P346,202510241110,2510241203,3,2,5 Hz,5.0,EXPERIMENTAL,LIGHT,True,,saveTime_2510241203__sessionTime_202510241110__participant_P346__trialN_3__trialT_2__fileType_cropped.png,1,,saveTime_2510241203__sessionTime_202510241110__participant_P346__trialN_3__trialT_2__fileType_cropped.png
P346,202510241110,2510241207,4,5,20 Hz,20.0,EXPERIMENTAL,LIGHT,True,,saveTime_2510241207__sessionTime_202510241110__participant_P346__trialN_4__trialT_5__fileType_cropped.png,1,,saveTime_2510241207__sessionTime_202510241110__participant_P346__trialN_4__trialT_5__fileType_cropped.png
P346,202510241110,2510241211,5,3,10 Hz,10.0,EXPERIMENTAL,LIGHT,True,,saveTime_2510241211__sessionTime_202510241110__participant_P346__trialN_5__trialT_3__fileType_cropped.png,1,,saveTime_2510241211__sessionTime_202510241110__participant_P346__trialN_5__trialT_3__fileType_cropped.png
P346,202510241110,2510241222,6,1,2.5 Hz,2.5,EXPERIMENTAL,LIGHT,True,,saveTime_2510241222__sessionTime_202510241110__participant_P346__trialN_6__trialT_1__fileType_cropped.png,1,,saveTime_2510241222__sessionTime_202510241110__participant_P346__trialN_6__trialT_1__fileType_cropped.png
P346,202510241110,2510241224,7,1,2.5 Hz,2.5,EXPERIMENTAL,LIGHT,True,,saveTime_2510241224__sessionTime_202510241110__participant_P346__trialN_7__trialT_1__fileType_cropped.png,1,,saveTime_2510241224__sessionTime_202510241110__participant_P346__trialN_7__trialT_1__fileType_cropped.png
P346,202510241110,2510241229,8,2,5 Hz,5.0,EXPERIMENTAL,LIGHT,True,,saveTime_2510241229__sessionTime_202510241110__participant_P346__trialN_8__trialT_2__fileType_cropped.png,1,,saveTime_2510241229__sessionTime_202510241110__participant_P346__trialN_8__trialT_2__fileType_cropped.png
P346,202510241110,2510241234,9,5,20 Hz,20.0,EXPERIMENTAL,LIGHT,True,,saveTime_2510241234__sessionTime_202510241110__participant_P346__trialN_9__trialT_5__fileType_cropped.png,1,,saveTime_2510241234__sessionTime_202510241110__participant_P346__trialN_9__trialT_5__fileType_cropped.png
P346,202510241110,2510241237,10,6,40 Hz,40.0,EXPERIMENTAL,LIGHT,True,,saveTime_2510241237__sessionTime_202510241110__participant_P346__trialN_10__trialT_6__fileType_cropped.png,1,,saveTime_2510241237__sessionTime_202510241110__participant_P346__trialN_10__trialT_6__fileType_cropped.png
P346,202510241110,2510241241,11,7,80 Hz,80.0,CONTROL,LIGHT,True,,saveTime_2510241241__sessionTime_202510241110__participant_P346__trialN_11__trialT_7__fileType_cropped.png,1,,saveTime_2510241241__sessionTime_202510241110__participant_P346__trialN_11__trialT_7__fileType_cropped.png
P346,202510241110,2510241252,12,A03,,,VALIDATION,IMAGE,True,,saveTime_2510241252__sessionTime_202510241110__participant_P346__trialN_12__trialT_A03__fileType_cropped.png,1,,saveTime_2510241252__sessionTime_202510241110__participant_P346__trialN_12__trialT_A03__fileType_cropped.png
P346,202510241110,2510241256,13,B02,,,VALIDATION,IMAGE,True,,saveTime_2510241256__sessionTime_202510241110__participant_P346__trialN_13__trialT_B02__fileType_cropped.png,1,,saveTime_2510241256__sessionTime_202510241110__participant_P346__trialN_13__trialT_B02__fileType_cropped.png
P346,202510241110,2510241300,14,4,15 Hz,15.0,EXPERIMENTAL,LIGHT,True,,saveTime_2510241300__sessionTime_202510241110__participant_P346__trialN_14__trialT_4__fileType_cropped.png,1,,saveTime_2510241300__sessionTime_202510241110__participant_P346__trialN_14__trialT_4__fileType_cropped.png
P346,202510241110,2510241305,15,4,15 Hz,15.0,EXPERIMENTAL,LIGHT,True,,saveTime_2510241305__sessionTime_202510241110__participant_P346__trialN_15__trialT_4__fileType_cropped.png,1,,saveTime_2510241305__sessionTime_202510241110__participant_P346__trialN_15__trialT_4__fileType_cropped.png
P346,202510241110,2510241308,16,C11,,,VALIDATION,IMAGE,True,,saveTime_2510241308__sessionTime_202510241110__participant_P346__trialN_16__trialT_C11__fileType_cropped.png,1,,saveTime_2510241308__sessionTime_202510241110__participant_P346__trialN_16__trialT_C11__fileType_cropped.png
P346,202510241110,2510241311,17,3,10 Hz,10.0,EXPERIMENTAL,LIGHT,True,,saveTime_2510241311__sessionTime_202510241110__participant_P346__trialN_17__trialT_3__fileType_cropped.png,1,,saveTime_2510241311__sessionTime_202510241110__participant_P346__trialN_17__trialT_3__fileType_cropped.png
P347,202510241110,2510241159,2,6,40 Hz,40.0,EXPERIMENTAL,LIGHT,True,,saveTime_2510241159__sessionTime_202510241110__participant_P347__trialN_2__trialT_6__fileType_cropped.png,1,,saveTime_2510241159__sessionTime_202510241110__participant_P347__trialN_2__trialT_6__fileType_cropped.png
P347,202510241110,2510241203,3,2,5 Hz,5.0,EXPERIMENTAL,LIGHT,True,,saveTime_2510241203__sessionTime_202510241110__participant_P347__trialN_3__trialT_2__fileType_cropped.png,1,,saveTime_2510241203__sessionTime_202510241110__participant_P347__trialN_3__trialT_2__fileType_cropped.png
P347,202510241110,2510241207,4,5,20 Hz,20.0,EXPERIMENTAL,LIGHT,True,,saveTime_2510241207__sessionTime_202510241110__participant_P347__trialN_4__trialT_5__fileType_cropped.png,1,,saveTime_2510241207__sessionTime_202510241110__participant_P347__trialN_4__trialT_5__fileType_cropped.png
P347,202510241110,2510241211,5,3,10 Hz,10.0,EXPERIMENTAL,LIGHT,True,,saveTime_2510241211__sessionTime_202510241110__participant_P347__trialN_5__trialT_3__fileType_cropped.png,1,,saveTime_2510241211__sessionTime_202510241110__participant_P347__trialN_5__trialT_3__fileType_cropped.png
P347,202510241110,2510241221,6,1,2.5 Hz,2.5,EXPERIMENTAL,LIGHT,True,,saveTime_2510241221__sessionTime_202510241110__participant_P347__trialN_6__trialT_1__fileType_cropped.png,1,,saveTime_2510241221__sessionTime_202510241110__participant_P347__trialN_6__trialT_1__fileType_cropped.png
P347,202510241110,2510241225,7,1,2.5 Hz,2.5,EXPERIMENTAL,LIGHT,True,,saveTime_2510241225__sessionTime_202510241110__participant_P347__trialN_7__trialT_1__fileType_cropped.png,1,,saveTime_2510241225__sessionTime_202510241110__participant_P347__trialN_7__trialT_1__fileType_cropped.png
P347,202510241110,2510241230,8,2,5 Hz,5.0,EXPERIMENTAL,LIGHT,True,,saveTime_2510241230__sessionTime_202510241110__participant_P347__trialN_8__trialT_2__fileType_cropped.png,1,,saveTime_2510241230__sessionTime_202510241110__participant_P347__trialN_8__trialT_2__fileType_cropped.png
P347,202510241110,2510241234,9,5,20 Hz,20.0,EXPERIMENTAL,LIGHT,True,,saveTime_2510241234__sessionTime_202510241110__participant_P347__trialN_9__trialT_5__fileType_cropped.png,1,,saveTime_2510241234__sessionTime_202510241110__participant_P347__trialN_9__trialT_5__fileType_cropped.png
P347,202510241110,2510241237,10,6,40 Hz,40.0,EXPERIMENTAL,LIGHT,True,,saveTime_2510241237__sessionTime_202510241110__participant_P347__trialN_10__trialT_6__fileType_cropped.png,1,,saveTime_2510241237__sessionTime_202510241110__participant_P347__trialN_10__trialT_6__fileType_cropped.png
P347,202510241110,2510241241,11,7,80 Hz,80.0,CONTROL,LIGHT,True,,saveTime_2510241241__sessionTime_202510241110__participant_P347__trialN_11__trialT_7__fileType_cropped.png,1,,saveTime_2510241241__sessionTime_202510241110__participant_P347__trialN_11__trialT_7__fileType_cropped.png
P347,202510241110,2510241252,12,A00,,,VALIDATION,IMAGE,True,,saveTime_2510241252__sessionTime_202510241110__participant_P347__trialN_12__trialT_A00__fileType_cropped.png,1,,saveTime_2510241252__sessionTime_202510241110__participant_P347__trialN_12__trialT_A00__fileType_cropped.png
P347,202510241110,2510241256,13,B02,,,VALIDATION,IMAGE,True,,saveTime_2510241256__sessionTime_202510241110__participant_P347__trialN_13__trialT_B02__fileType_cropped.png,1,,saveTime_2510241256__sessionTime_202510241110__participant_P347__trialN_13__trialT_B02__fileType_cropped.png
P347,202510241110,2510241300,14,4,15 Hz,15.0,EXPERIMENTAL,LIGHT,True,,saveTime_2510241300__sessionTime_202510241110__participant_P347__trialN_14__trialT_4__fileType_cropped.png,1,,saveTime_2510241300__sessionTime_202510241110__participant_P347__trialN_14__trialT_4__fileType_cropped.png
P347,202510241110,2510241304,15,4,15 Hz,15.0,EXPERIMENTAL,LIGHT,True,,saveTime_2510241304__sessionTime_202510241110__participant_P347__trialN_15__trialT_4__fileType_cropped.png,1,,saveTime_2510241304__sessionTime_202510241110__participant_P347__trialN_15__trialT_4__fileType_cropped.png
P347,202510241110,2510241308,16,C05,,,VALIDATION,IMAGE,True,,saveTime_2510241308__sessionTime_202510241110__participant_P347__trialN_16__trialT_C05__fileType_cropped.png,1,,saveTime_2510241308__sessionTime_202510241110__participant_P347__trialN_16__trialT_C05__fileType_cropped.png
P347,202510241110,2510241312,17,3,10 Hz,10.0,EXPERIMENTAL,LIGHT,True,,saveTime_2510241312__sessionTime_202510241110__participant_P347__trialN_17__trialT_3__fileType_cropped.png,1,,saveTime_2510241312__sessionTime_202510241110__participant_P347__trialN_17__trialT_3__fileType_cropped.png
P348,202510241110,2510241159,2,6,40 Hz,40.0,EXPERIMENTAL,LIGHT,True,,saveTime_2510241159__sessionTime_202510241110__participant_P348__trialN_2__trialT_6__fileType_cropped.png,1,,saveTime_2510241159__sessionTime_202510241110__participant_P348__trialN_2__trialT_6__fileType_cropped.png
P348,202510241110,2510241203,3,2,5 Hz,5.0,EXPERIMENTAL,LIGHT,True,,saveTime_2510241203__sessionTime_202510241110__participant_P348__trialN_3__trialT_2__fileType_cropped.png,1,,saveTime_2510241203__sessionTime_202510241110__participant_P348__trialN_3__trialT_2__fileType_cropped.png
P348,202510241110,2510241207,4,5,20 Hz,20.0,EXPERIMENTAL,LIGHT,True,,saveTime_2510241207__sessionTime_202510241110__participant_P348__trialN_4__trialT_5__fileType_cropped.png,1,,saveTime_2510241207__sessionTime_202510241110__participant_P348__trialN_4__trialT_5__fileType_cropped.png
P348,202510241110,2510241211,5,3,10 Hz,10.0,EXPERIMENTAL,LIGHT,True,,saveTime_2510241211__sessionTime_202510241110__participant_P348__trialN_5__trialT_3__fileType_cropped.png,1,,saveTime_2510241211__sessionTime_202510241110__participant_P348__trialN_5__trialT_3__fileType_cropped.png
P348,202510241110,2510241222,6,1,2.5 Hz,2.5,EXPERIMENTAL,LIGHT,True,,saveTime_2510241222__sessionTime_202510241110__participant_P348__trialN_6__trialT_1__fileType_cropped.png,1,,saveTime_2510241222__sessionTime_202510241110__participant_P348__trialN_6__trialT_1__fileType_cropped.png
P348,202510241110,2510241225,7,1,2.5 Hz,2.5,EXPERIMENTAL,LIGHT,True,,saveTime_2510241225__sessionTime_202510241110__participant_P348__trialN_7__trialT_1__fileType_cropped.png,1,,saveTime_2510241225__sessionTime_202510241110__participant_P348__trialN_7__trialT_1__fileType_cropped.png
P348,202510241110,2510241230,8,2,5 Hz,5.0,EXPERIMENTAL,LIGHT,True,,saveTime_2510241230__sessionTime_202510241110__participant_P348__trialN_8__trialT_2__fileType_cropped.png,1,,saveTime_2510241230__sessionTime_202510241110__participant_P348__trialN_8__trialT_2__fileType_cropped.png
P348,202510241110,2510241233,9,5,20 Hz,20.0,EXPERIMENTAL,LIGHT,True,,saveTime_2510241233__sessionTime_202510241110__participant_P348__trialN_9__trialT_5__fileType_cropped.png,1,,saveTime_2510241233__sessionTime_202510241110__participant_P348__trialN_9__trialT_5__fileType_cropped.png
P348,202510241110,2510241237,10,6,40 Hz,40.0,EXPERIMENTAL,LIGHT,True,,saveTime_2510241237__sessionTime_202510241110__participant_P348__trialN_10__trialT_6__fileType_cropped.png,1,,saveTime_2510241237__sessionTime_202510241110__participant_P348__trialN_10__trialT_6__fileType_cropped.png
P348,202510241110,2510241241,11,7,80 Hz,80.0,CONTROL,LIGHT,True,,saveTime_2510241241__sessionTime_202510241110__participant_P348__trialN_11__trialT_7__fileType_cropped.png,1,,saveTime_2510241241__sessionTime_202510241110__participant_P348__trialN_11__trialT_7__fileType_cropped.png
P348,202510241110,2510241252,12,A01,,,VALIDATION,IMAGE,True,,saveTime_2510241252__sessionTime_202510241110__participant_P348__trialN_12__trialT_A01__fileType_cropped.png,1,,saveTime_2510241252__sessionTime_202510241110__participant_P348__trialN_12__trialT_A01__fileType_cropped.png
P348,202510241110,2510241256,13,B01,,,VALIDATION,IMAGE,True,,saveTime_2510241256__sessionTime_202510241110__participant_P348__trialN_13__trialT_B01__fileType_cropped.png,1,,saveTime_2510241256__sessionTime_202510241110__participant_P348__trialN_13__trialT_B01__fileType_cropped.png
P348,202510241110,2510241300,14,4,15 Hz,15.0,EXPERIMENTAL,LIGHT,True,,saveTime_2510241300__sessionTime_202510241110__participant_P348__trialN_14__trialT_4__fileType_cropped.png,1,,saveTime_2510241300__sessionTime_202510241110__participant_P348__trialN_14__trialT_4__fileType_cropped.png
P348,202510241110,2510241304,15,4,15 Hz,15.0,EXPERIMENTAL,LIGHT,True,,saveTime_2510241304__sessionTime_202510241110__participant_P348__trialN_15__trialT_4__fileType_cropped.png,1,,saveTime_2510241304__sessionTime_202510241110__participant_P348__trialN_15__trialT_4__fileType_cropped.png
P348,202510241110,2510241308,16,C14,,,VALIDATION,IMAGE,True,,saveTime_2510241308__sessionTime_202510241110__participant_P348__trialN_16__trialT_C14__fileType_cropped.png,1,,saveTime_2510241308__sessionTime_202510241110__participant_P348__trialN_16__trialT_C14__fileType_cropped.png
P348,202510241110,2510241312,17,3,10 Hz,10.0,EXPERIMENTAL,LIGHT,True,,saveTime_2510241312__sessionTime_202510241110__participant_P348__trialN_17__trialT_3__fileType_cropped.png,1,,saveTime_2510241312__sessionTime_202510241110__participant_P348__trialN_17__trialT_3__fileType_cropped.png
P349,202510241110,2510241159,2,6,40 Hz,40.0,EXPERIMENTAL,LIGHT,True,,saveTime_2510241159__sessionTime_202510241110__participant_P349__trialN_2__trialT_6__fileType_cropped.png,1,,saveTime_2510241159__sessionTime_202510241110__participant_P349__trialN_2__trialT_6__fileType_cropped.png
P349,202510241110,2510241203,3,2,5 Hz,5.0,EXPERIMENTAL,LIGHT,True,,saveTime_2510241203__sessionTime_202510241110__participant_P349__trialN_3__trialT_2__fileType_cropped.png,1,,saveTime_2510241203__sessionTime_202510241110__participant_P349__trialN_3__trialT_2__fileType_cropped.png
P349,202510241110,2510241207,4,5,20 Hz,20.0,EXPERIMENTAL,LIGHT,True,,saveTime_2510241207__sessionTime_202510241110__participant_P349__trialN_4__trialT_5__fileType_cropped.png,1,,saveTime_2510241207__sessionTime_202510241110__participant_P349__trialN_4__trialT_5__fileType_cropped.png
P349,202510241110,2510241211,5,3,10 Hz,10.0,EXPERIMENTAL,LIGHT,True,,saveTime_2510241211__sessionTime_202510241110__participant_P349__trialN_5__trialT_3__fileType_cropped.png,1,,saveTime_2510241211__sessionTime_202510241110__participant_P349__trialN_5__trialT_3__fileType_cropped.png
P349,202510241110,2510241222,6,1,2.5 Hz,2.5,EXPERIMENTAL,LIGHT,True,,saveTime_2510241222__sessionTime_202510241110__participant_P349__trialN_6__trialT_1__fileType_cropped.png,1,,saveTime_2510241222__sessionTime_202510241110__participant_P349__trialN_6__trialT_1__fileType_cropped.png
P349,202510241110,2510241224,7,1,2.5 Hz,2.5,EXPERIMENTAL,LIGHT,True,,saveTime_2510241224__sessionTime_202510241110__participant_P349__trialN_7__trialT_1__fileType_cropped.png,1,,saveTime_2510241224__sessionTime_202510241110__participant_P349__trialN_7__trialT_1__fileType_cropped.png
P349,202510241110,2510241230,8,2,5 Hz,5.0,EXPERIMENTAL,LIGHT,True,,saveTime_2510241230__sessionTime_202510241110__participant_P349__trialN_8__trialT_2__fileType_cropped.png,1,,saveTime_2510241230__sessionTime_202510241110__participant_P349__trialN_8__trialT_2__fileType_cropped.png
P349,202510241110,2510241233,9,5,20 Hz,20.0,EXPERIMENTAL,LIGHT,True,,saveTime_2510241233__sessionTime_202510241110__participant_P349__trialN_9__trialT_5__fileType_cropped.png,1,,saveTime_2510241233__sessionTime_202510241110__participant_P349__trialN_9__trialT_5__fileType_cropped.png
P349,202510241110,2510241237,10,6,40 Hz,40.0,EXPERIMENTAL,LIGHT,True,,saveTime_2510241237__sessionTime_202510241110__participant_P349__trialN_10__trialT_6__fileType_cropped.png,1,,saveTime_2510241237__sessionTime_202510241110__participant_P349__trialN_10__trialT_6__fileType_cropped.png
P349,202510241110,2510241241,11,7,80 Hz,80.0,CONTROL,LIGHT,True,,saveTime_2510241241__sessionTime_202510241110__participant_P349__trialN_11__trialT_7__fileType_cropped.png,1,,saveTime_2510241241__sessionTime_202510241110__participant_P349__trialN_11__trialT_7__fileType_cropped.png
P349,202510241110,2510241251,12,A13,,,VALIDATION,IMAGE,True,,saveTime_2510241251__sessionTime_202510241110__participant_P349__trialN_12__trialT_A13__fileType_cropped.png,1,,saveTime_2510241251__sessionTime_202510241110__participant_P349__trialN_12__trialT_A13__fileType_cropped.png
P349,202510241110,2510241257,13,B09,,,VALIDATION,IMAGE,True,,saveTime_2510241257__sessionTime_202510241110__participant_P349__trialN_13__trialT_B09__fileType_cropped.png,1,,saveTime_2510241257__sessionTime_202510241110__participant_P349__trialN_13__trialT_B09__fileType_cropped.png
P349,202510241110,2510241300,14,4,15 Hz,15.0,EXPERIMENTAL,LIGHT,True,,saveTime_2510241300__sessionTime_202510241110__participant_P349__trialN_14__trialT_4__fileType_cropped.png,1,,saveTime_2510241300__sessionTime_202510241110__participant_P349__trialN_14__trialT_4__fileType_cropped.png
P349,202510241110,2510241304,15,4,15 Hz,15.0,EXPERIMENTAL,LIGHT,True,,saveTime_2510241304__sessionTime_202510241110__participant_P349__trialN_15__trialT_4__fileType_cropped.png,1,,saveTime_2510241304__sessionTime_202510241110__participant_P349__trialN_15__trialT_4__fileType_cropped.png
P349,202510241110,2510241308,16,C07,,,VALIDATION,IMAGE,True,,saveTime_2510241308__sessionTime_202510241110__participant_P349__trialN_16__trialT_C07__fileType_cropped.png,1,,saveTime_2510241308__sessionTime_202510241110__participant_P349__trialN_16__trialT_C07__fileType_cropped.png
P349,202510241110,2510241312,17,3,10 Hz,10.0,EXPERIMENTAL,LIGHT,True,,saveTime_2510241312__sessionTime_202510241110__participant_P349__trialN_17__trialT_3__fileType_cropped.png,1,,saveTime_2510241312__sessionTime_202510241110__participant_P349__trialN_17__trialT_3__fileType_cropped.png
P350,202510241110,2510241159,2,6,40 Hz,40.0,EXPERIMENTAL,LIGHT,True,,saveTime_2510241159__sessionTime_202510241110__participant_P350__trialN_2__trialT_6__fileType_cropped.png,1,,saveTime_2510241159__sessionTime_202510241110__participant_P350__trialN_2__trialT_6__fileType_cropped.png
P350,202510241110,2510241203,3,2,5 Hz,5.0,EXPERIMENTAL,LIGHT,True,,saveTime_2510241203__sessionTime_202510241110__participant_P350__trialN_3__trialT_2__fileType_cropped.png,1,,saveTime_2510241203__sessionTime_202510241110__participant_P350__trialN_3__trialT_2__fileType_cropped.png
P350,202510241110,2510241206,4,5,20 Hz,20.0,EXPERIMENTAL,LIGHT,True,,saveTime_2510241206__sessionTime_202510241110__participant_P350__trialN_4__trialT_5__fileType_cropped.png,1,,saveTime_2510241206__sessionTime_202510241110__participant_P350__trialN_4__trialT_5__fileType_cropped.png
P350,202510241110,2510241210,5,3,10 Hz,10.0,EXPERIMENTAL,LIGHT,True,,saveTime_2510241210__sessionTime_202510241110__participant_P350__trialN_5__trialT_3__fileType_cropped.png,1,,saveTime_2510241210__sessionTime_202510241110__participant_P350__trialN_5__trialT_3__fileType_cropped.png
P350,202510241110,2510241221,6,1,2.5 Hz,2.5,EXPERIMENTAL,LIGHT,True,,saveTime_2510241221__sessionTime_202510241110__participant_P350__trialN_6__trialT_1__fileType_cropped.png,1,,saveTime_2510241221__sessionTime_202510241110__participant_P350__trialN_6__trialT_1__fileType_cropped.png
P350,202510241110,2510241224,7,1,2.5 Hz,2.5,EXPERIMENTAL,LIGHT,True,,saveTime_2510241224__sessionTime_202510241110__participant_P350__trialN_7__trialT_1__fileType_cropped.png,1,,saveTime_2510241224__sessionTime_202510241110__participant_P350__trialN_7__trialT_1__fileType_cropped.png
P350,202510241110,2510241229,8,2,5 Hz,5.0,EXPERIMENTAL,LIGHT,True,,saveTime_2510241229__sessionTime_202510241110__participant_P350__trialN_8__trialT_2__fileType_cropped.png,1,,saveTime_2510241229__sessionTime_202510241110__participant_P350__trialN_8__trialT_2__fileType_cropped.png
P350,202510241110,2510241233,9,5,20 Hz,20.0,EXPERIMENTAL,LIGHT,True,,saveTime_2510241233__sessionTime_202510241110__participant_P350__trialN_9__trialT_5__fileType_cropped.png,1,,saveTime_2510241233__sessionTime_202510241110__participant_P350__trialN_9__trialT_5__fileType_cropped.png
P350,202510241110,2510241236,10,6,40 Hz,40.0,EXPERIMENTAL,LIGHT,True,,saveTime_2510241236__sessionTime_202510241110__participant_P350__trialN_10__trialT_6__fileType_cropped.png,1,,saveTime_2510241236__sessionTime_202510241110__participant_P350__trialN_10__trialT_6__fileType_cropped.png
P350,202510241110,2510241240,11,7,80 Hz,80.0,CONTROL,LIGHT,True,,saveTime_2510241240__sessionTime_202510241110__participant_P350__trialN_11__trialT_7__fileType_cropped.png,1,,saveTime_2510241240__sessionTime_202510241110__participant_P350__trialN_11__trialT_7__fileType_cropped.png
P350,202510241110,2510241252,12,A12,,,VALIDATION,IMAGE,True,,saveTime_2510241252__sessionTime_202510241110__participant_P350__trialN_12__trialT_A12__fileType_cropped.png,1,,saveTime_2510241252__sessionTime_202510241110__participant_P350__trialN_12__trialT_A12__fileType_cropped.png
P350,202510241110,2510241256,13,B09,,,VALIDATION,IMAGE,True,,saveTime_2510241256__sessionTime_202510241110__participant_P350__trialN_13__trialT_B09__fileType_cropped.png,1,,saveTime_2510241256__sessionTime_202510241110__participant_P350__trialN_13__trialT_B09__fileType_cropped.png
P350,202510241110,2510241259,14,4,15 Hz,15.0,EXPERIMENTAL,LIGHT,True,,saveTime_2510241259__sessionTime_202510241110__participant_P350__trialN_14__trialT_4__fileType_cropped.png,1,,saveTime_2510241259__sessionTime_202510241110__participant_P350__trialN_14__trialT_4__fileType_cropped.png
P350,202510241110,2510241303,15,4,15 Hz,15.0,EXPERIMENTAL,LIGHT,True,,saveTime_2510241303__sessionTime_202510241110__participant_P350__trialN_15__trialT_4__fileType_cropped.png,1,,saveTime_2510241303__sessionTime_202510241110__participant_P350__trialN_15__trialT_4__fileType_cropped.png
P350,202510241110,2510241307,16,C00,,,VALIDATION,IMAGE,True,,saveTime_2510241307__sessionTime_202510241110__participant_P350__trialN_16__trialT_C00__fileType_cropped.png,1,,saveTime_2510241307__sessionTime_202510241110__participant_P350__trialN_16__trialT_C00__fileType_cropped.png
P350,202510241110,2510241312,17,3,10 Hz,10.0,EXPERIMENTAL,LIGHT,True,,saveTime_2510241312__sessionTime_202510241110__participant_P350__trialN_17__trialT_3__fileType_cropped.png,1,,saveTime_2510241312__sessionTime_202510241110__participant_P350__trialN_17__trialT_3__fileType_cropped.png
P351,202510241110,2510241200,2,6,40 Hz,40.0,EXPERIMENTAL,LIGHT,True,,saveTime_2510241200__sessionTime_202510241110__participant_P351__trialN_2__trialT_6__fileType_cropped.png,1,,saveTime_2510241200__sessionTime_202510241110__participant_P351__trialN_2__trialT_6__fileType_cropped.png
P351,202510241110,2510241202,3,2,5 Hz,5.0,EXPERIMENTAL,LIGHT,True,,saveTime_2510241202__sessionTime_202510241110__participant_P351__trialN_3__trialT_2__fileType_cropped.png,1,,saveTime_2510241202__sessionTime_202510241110__participant_P351__trialN_3__trialT_2__fileType_cropped.png
P351,202510241110,2510241207,4,5,20 Hz,20.0,EXPERIMENTAL,LIGHT,True,,saveTime_2510241207__sessionTime_202510241110__participant_P351__trialN_4__trialT_5__fileType_cropped.png,1,,saveTime_2510241207__sessionTime_202510241110__participant_P351__trialN_4__trialT_5__fileType_cropped.png
P351,202510241110,2510241212,5,3,10 Hz,10.0,EXPERIMENTAL,LIGHT,True,,saveTime_2510241212__sessionTime_202510241110__participant_P351__trialN_5__trialT_3__fileType_cropped.png,1,,saveTime_2510241212__sessionTime_202510241110__participant_P351__trialN_5__trialT_3__fileType_cropped.png
P351,202510241110,2510241220,6,1,2.5 Hz,2.5,EXPERIMENTAL,LIGHT,True,,saveTime_2510241220__sessionTime_202510241110__participant_P351__trialN_6__trialT_1__fileType_cropped.png,1,,saveTime_2510241220__sessionTime_202510241110__participant_P351__trialN_6__trialT_1__fileType_cropped.png
P351,202510241110,2510241224,7,1,2.5 Hz,2.5,EXPERIMENTAL,LIGHT,True,,saveTime_2510241224__sessionTime_202510241110__participant_P351__trialN_7__trialT_1__fileType_cropped.png,1,,saveTime_2510241224__sessionTime_202510241110__participant_P351__trialN_7__trialT_1__fileType_cropped.png
P351,202510241110,2510241229,8,2,5 Hz,5.0,EXPERIMENTAL,LIGHT,True,,saveTime_2510241229__sessionTime_202510241110__participant_P351__trialN_8__trialT_2__fileType_cropped.png,1,,saveTime_2510241229__sessionTime_202510241110__participant_P351__trialN_8__trialT_2__fileType_cropped.png
P351,202510241110,2510241234,9,5,20 Hz,20.0,EXPERIMENTAL,LIGHT,True,,saveTime_2510241234__sessionTime_202510241110__participant_P351__trialN_9__trialT_5__fileType_cropped.png,1,,saveTime_2510241234__sessionTime_202510241110__participant_P351__trialN_9__trialT_5__fileType_cropped.png
P351,202510241110,2510241238,10,6,40 Hz,40.0,EXPERIMENTAL,LIGHT,True,,saveTime_2510241238__sessionTime_202510241110__participant_P351__trialN_10__trialT_6__fileType_cropped.png,1,,saveTime_2510241238__sessionTime_202510241110__participant_P351__trialN_10__trialT_6__fileType_cropped.png
P351,202510241110,2510241239,11,7,80 Hz,80.0,CONTROL,LIGHT,True,,saveTime_2510241239__sessionTime_202510241110__participant_P351__trialN_11__trialT_7__fileType_cropped.png,1,,saveTime_2510241239__sessionTime_202510241110__participant_P351__trialN_11__trialT_7__fileType_cropped.png
P351,202510241110,2510241254,12,A14,,,VALIDATION,IMAGE,True,,saveTime_2510241254__sessionTime_202510241110__participant_P351__trialN_12__trialT_A14__fileType_cropped.png,1,,saveTime_2510241254__sessionTime_202510241110__participant_P351__trialN_12__trialT_A14__fileType_cropped.png
P351,202510241110,2510241255,13,B10,,,VALIDATION,IMAGE,True,,saveTime_2510241255__sessionTime_202510241110__participant_P351__trialN_13__trialT_B10__fileType_cropped.png,1,,saveTime_2510241255__sessionTime_202510241110__participant_P351__trialN_13__trialT_B10__fileType_cropped.png
P351,202510241110,2510241300,14,4,15 Hz,15.0,EXPERIMENTAL,LIGHT,True,,saveTime_2510241300__sessionTime_202510241110__participant_P351__trialN_14__trialT_4__fileType_cropped.png,1,,saveTime_2510241300__sessionTime_202510241110__participant_P351__trialN_14__trialT_4__fileType_cropped.png
P351,202510241110,2510241303,15,4,15 Hz,15.0,EXPERIMENTAL,LIGHT,True,,saveTime_2510241303__sessionTime_202510241110__participant_P351__trialN_15__trialT_4__fileType_cropped.png,1,,saveTime_2510241303__sessionTime_202510241110__participant_P351__trialN_15__trialT_4__fileType_cropped.png
P351,202510241110,2510241307,16,C09,,,VALIDATION,IMAGE,True,,saveTime_2510241307__sessionTime_202510241110__participant_P351__trialN_16__trialT_C09__fileType_cropped.png,1,,saveTime_2510241307__sessionTime_202510241110__participant_P351__trialN_16__trialT_C09__fileType_cropped.png
P351,202510241110,2510241312,17,3,10 Hz,10.0,EXPERIMENTAL,LIGHT,True,,saveTime_2510241312__sessionTime_202510241110__participant_P351__trialN_17__trialT_3__fileType_cropped.png,1,,saveTime_2510241312__sessionTime_202510241110__participant_P351__trialN_17__trialT_3__fileType_cropped.png
P352,202510241300,2510241350,2,4,15 Hz,15.0,EXPERIMENTAL,LIGHT,True,,saveTime_2510241350__sessionTime_202510241300__participant_P352__trialN_2__trialT_4__fileType_cropped.png,1,,saveTime_2510241350__sessionTime_202510241300__participant_P352__trialN_2__trialT_4__fileType_cropped.png
P352,202510241300,2510241353,3,5,20 Hz,20.0,EXPERIMENTAL,LIGHT,True,,saveTime_2510241353__sessionTime_202510241300__participant_P352__trialN_3__trialT_5__fileType_cropped.png,1,,saveTime_2510241353__sessionTime_202510241300__participant_P352__trialN_3__trialT_5__fileType_cropped.png
P352,202510241300,2510241357,4,4,15 Hz,15.0,EXPERIMENTAL,LIGHT,True,,saveTime_2510241357__sessionTime_202510241300__participant_P352__trialN_4__trialT_4__fileType_cropped.png,1,,saveTime_2510241357__sessionTime_202510241300__participant_P352__trialN_4__trialT_4__fileType_cropped.png
P352,202510241300,2510241400,5,3,10 Hz,10.0,EXPERIMENTAL,LIGHT,True,,saveTime_2510241400__sessionTime_202510241300__participant_P352__trialN_5__trialT_3__fileType_cropped.png,1,,saveTime_2510241400__sessionTime_202510241300__participant_P352__trialN_5__trialT_3__fileType_cropped.png
P352,202510241300,2510241411,6,6,40 Hz,40.0,EXPERIMENTAL,LIGHT,True,,saveTime_2510241411__sessionTime_202510241300__participant_P352__trialN_6__trialT_6__fileType_cropped.png,1,,saveTime_2510241411__sessionTime_202510241300__participant_P352__trialN_6__trialT_6__fileType_cropped.png
P352,202510241300,2510241416,7,1,2.5 Hz,2.5,EXPERIMENTAL,LIGHT,True,,saveTime_2510241416__sessionTime_202510241300__participant_P352__trialN_7__trialT_1__fileType_cropped.png,1,,saveTime_2510241416__sessionTime_202510241300__participant_P352__trialN_7__trialT_1__fileType_cropped.png
P352,202510241300,2510241419,8,1,2.5 Hz,2.5,EXPERIMENTAL,LIGHT,True,,saveTime_2510241419__sessionTime_202510241300__participant_P352__trialN_8__trialT_1__fileType_cropped.png,1,,saveTime_2510241419__sessionTime_202510241300__participant_P352__trialN_8__trialT_1__fileType_cropped.png
P352,202510241300,2510241422,9,6,40 Hz,40.0,EXPERIMENTAL,LIGHT,True,,saveTime_2510241422__sessionTime_202510241300__participant_P352__trialN_9__trialT_6__fileType_cropped.png,1,,saveTime_2510241422__sessionTime_202510241300__participant_P352__trialN_9__trialT_6__fileType_cropped.png
P352,202510241300,2510241440,10,3,10 Hz,10.0,EXPERIMENTAL,LIGHT,True,,saveTime_2510241440__sessionTime_202510241300__participant_P352__trialN_10__trialT_3__fileType_cropped.png,1,,saveTime_2510241440__sessionTime_202510241300__participant_P352__trialN_10__trialT_3__fileType_cropped.png
P352,202510241300,2510241445,11,5,20 Hz,20.0,EXPERIMENTAL,LIGHT,True,,saveTime_2510241445__sessionTime_202510241300__participant_P352__trialN_11__trialT_5__fileType_cropped.png,1,,saveTime_2510241445__sessionTime_202510241300__participant_P352__trialN_11__trialT_5__fileType_cropped.png
P352,202510241300,2510241448,12,7,80 Hz,80.0,CONTROL,LIGHT,True,,saveTime_2510241448__sessionTime_202510241300__participant_P352__trialN_12__trialT_7__fileType_cropped.png,1,,saveTime_2510241448__sessionTime_202510241300__participant_P352__trialN_12__trialT_7__fileType_cropped.png
P352,202510241300,2510241453,13,2,5 Hz,5.0,EXPERIMENTAL,LIGHT,True,,saveTime_2510241453__sessionTime_202510241300__participant_P352__trialN_13__trialT_2__fileType_cropped.png,1,,saveTime_2510241453__sessionTime_202510241300__participant_P352__trialN_13__trialT_2__fileType_cropped.png
P352,202510241300,2510241459,14,C07,,,VALIDATION,IMAGE,True,,saveTime_2510241459__sessionTime_202510241300__participant_P352__trialN_14__trialT_C07__fileType_cropped.png,1,,saveTime_2510241459__sessionTime_202510241300__participant_P352__trialN_14__trialT_C07__fileType_cropped.png
P352,202510241300,2510241502,15,B10,,,VALIDATION,IMAGE,True,,saveTime_2510241502__sessionTime_202510241300__participant_P352__trialN_15__trialT_B10__fileType_cropped.png,1,,saveTime_2510241502__sessionTime_202510241300__participant_P352__trialN_15__trialT_B10__fileType_cropped.png
P352,202510241300,2510241505,16,A06,,,VALIDATION,IMAGE,True,,saveTime_2510241505__sessionTime_202510241300__participant_P352__trialN_16__trialT_A06__fileType_cropped.png,1,,saveTime_2510241505__sessionTime_202510241300__participant_P352__trialN_16__trialT_A06__fileType_cropped.png
P352,202510241300,2510241510,17,2,5 Hz,5.0,EXPERIMENTAL,LIGHT,True,,saveTime_2510241510__sessionTime_202510241300__participant_P352__trialN_17__trialT_2__fileType_cropped.png,1,,saveTime_2510241510__sessionTime_202510241300__participant_P352__trialN_17__trialT_2__fileType_cropped.png
P353,202510241300,2510241350,2,4,15 Hz,15.0,EXPERIMENTAL,LIGHT,True,,saveTime_2510241350__sessionTime_202510241300__participant_P353__trialN_2__trialT_4__fileType_cropped.png,1,,saveTime_2510241350__sessionTime_202510241300__participant_P353__trialN_2__trialT_4__fileType_cropped.png
P353,202510241300,2510241354,3,5,20 Hz,20.0,EXPERIMENTAL,LIGHT,True,,saveTime_2510241354__sessionTime_202510241300__participant_P353__trialN_3__trialT_5__fileType_cropped.png,1,,saveTime_2510241354__sessionTime_202510241300__participant_P353__trialN_3__trialT_5__fileType_cropped.png
P353,202510241300,2510241358,4,4,15 Hz,15.0,EXPERIMENTAL,LIGHT,True,,saveTime_2510241358__sessionTime_202510241300__participant_P353__trialN_4__trialT_4__fileType_cropped.png,1,,saveTime_2510241358__sessionTime_202510241300__participant_P353__trialN_4__trialT_4__fileType_cropped.png
P353,202510241300,2510241402,5,3,10 Hz,10.0,EXPERIMENTAL,LIGHT,True,,saveTime_2510241402__sessionTime_202510241300__participant_P353__trialN_5__trialT_3__fileType_cropped.png,1,,saveTime_2510241402__sessionTime_202510241300__participant_P353__trialN_5__trialT_3__fileType_cropped.png
P353,202510241300,2510241412,6,6,40 Hz,40.0,EXPERIMENTAL,LIGHT,True,,saveTime_2510241412__sessionTime_202510241300__participant_P353__trialN_6__trialT_6__fileType_cropped.png,1,,saveTime_2510241412__sessionTime_202510241300__participant_P353__trialN_6__trialT_6__fileType_cropped.png
P353,202510241300,2510241416,7,1,2.5 Hz,2.5,EXPERIMENTAL,LIGHT,True,,saveTime_2510241416__sessionTime_202510241300__participant_P353__trialN_7__trialT_1__fileType_cropped.png,1,,saveTime_2510241416__sessionTime_202510241300__participant_P353__trialN_7__trialT_1__fileType_cropped.png
P353,202510241300,2510241420,8,1,2.5 Hz,2.5,EXPERIMENTAL,LIGHT,True,,saveTime_2510241420__sessionTime_202510241300__participant_P353__trialN_8__trialT_1__fileType_cropped.png,1,,saveTime_2510241420__sessionTime_202510241300__participant_P353__trialN_8__trialT_1__fileType_cropped.png
P353,202510241300,2510241430,9,6,40 Hz,40.0,EXPERIMENTAL,LIGHT,True,,saveTime_2510241430__sessionTime_202510241300__participant_P353__trialN_9__trialT_6__fileType_cropped.png,1,,saveTime_2510241430__sessionTime_202510241300__participant_P353__trialN_9__trialT_6__fileType_cropped.png
P353,202510241300,2510241442,10,3,10 Hz,10.0,EXPERIMENTAL,LIGHT,True,,saveTime_2510241442__sessionTime_202510241300__participant_P353__trialN_10__trialT_3__fileType_cropped.png,1,,saveTime_2510241442__sessionTime_202510241300__participant_P353__trialN_10__trialT_3__fileType_cropped.png
P353,202510241300,2510241446,11,5,20 Hz,20.0,EXPERIMENTAL,LIGHT,True,,saveTime_2510241446__sessionTime_202510241300__participant_P353__trialN_11__trialT_5__fileType_cropped.png,1,,saveTime_2510241446__sessionTime_202510241300__participant_P353__trialN_11__trialT_5__fileType_cropped.png
P353,202510241300,2510241450,12,7,80 Hz,80.0,CONTROL,LIGHT,True,,saveTime_2510241450__sessionTime_202510241300__participant_P353__trialN_12__trialT_7__fileType_cropped.png,1,,saveTime_2510241450__sessionTime_202510241300__participant_P353__trialN_12__trialT_7__fileType_cropped.png
P353,202510241300,2510241455,13,2,5 Hz,5.0,EXPERIMENTAL,LIGHT,True,,saveTime_2510241455__sessionTime_202510241300__participant_P353__trialN_13__trialT_2__fileType_cropped.png,1,,saveTime_2510241455__sessionTime_202510241300__participant_P353__trialN_13__trialT_2__fileType_cropped.png
P353,202510241300,2510241459,14,C11,,,VALIDATION,IMAGE,True,,saveTime_2510241459__sessionTime_202510241300__participant_P353__trialN_14__trialT_C11__fileType_cropped.png,1,,saveTime_2510241459__sessionTime_202510241300__participant_P353__trialN_14__trialT_C11__fileType_cropped.png
P353,202510241300,2510241502,15,B05,,,VALIDATION,IMAGE,True,,saveTime_2510241502__sessionTime_202510241300__participant_P353__trialN_15__trialT_B05__fileType_cropped.png,1,,saveTime_2510241502__sessionTime_202510241300__participant_P353__trialN_15__trialT_B05__fileType_cropped.png
P353,202510241300,2510241507,16,A09,,,VALIDATION,IMAGE,True,,saveTime_2510241507__sessionTime_202510241300__participant_P353__trialN_16__trialT_A09__fileType_cropped.png,1,,saveTime_2510241507__sessionTime_202510241300__participant_P353__trialN_16__trialT_A09__fileType_cropped.png
P353,202510241300,2510241510,17,2,5 Hz,5.0,EXPERIMENTAL,LIGHT,True,,saveTime_2510241510__sessionTime_202510241300__participant_P353__trialN_17__trialT_2__fileType_cropped.png,1,,saveTime_2510241510__sessionTime_202510241300__participant_P353__trialN_17__trialT_2__fileType_cropped.png
P354,202510241300,2510241350,2,4,15 Hz,15.0,EXPERIMENTAL,LIGHT,True,,saveTime_2510241350__sessionTime_202510241300__participant_P354__trialN_2__trialT_4__fileType_cropped.png,1,,saveTime_2510241350__sessionTime_202510241300__participant_P354__trialN_2__trialT_4__fileType_cropped.png
P354,202510241300,2510241354,3,5,20 Hz,20.0,EXPERIMENTAL,LIGHT,True,,saveTime_2510241354__sessionTime_202510241300__participant_P354__trialN_3__trialT_5__fileType_cropped.png,1,,saveTime_2510241354__sessionTime_202510241300__participant_P354__trialN_3__trialT_5__fileType_cropped.png
P354,202510241300,2510241358,4,4,15 Hz,15.0,EXPERIMENTAL,LIGHT,True,,saveTime_2510241358__sessionTime_202510241300__participant_P354__trialN_4__trialT_4__fileType_cropped.png,1,,saveTime_2510241358__sessionTime_202510241300__participant_P354__trialN_4__trialT_4__fileType_cropped.png
P354,202510241300,2510241402,5,3,10 Hz,10.0,EXPERIMENTAL,LIGHT,True,,saveTime_2510241402__sessionTime_202510241300__participant_P354__trialN_5__trialT_3__fileType_cropped.png,1,,saveTime_2510241402__sessionTime_202510241300__participant_P354__trialN_5__trialT_3__fileType_cropped.png
P354,202510241300,2510241412,6,6,40 Hz,40.0,EXPERIMENTAL,LIGHT,True,,saveTime_2510241412__sessionTime_202510241300__participant_P354__trialN_6__trialT_6__fileType_cropped.png,1,,saveTime_2510241412__sessionTime_202510241300__participant_P354__trialN_6__trialT_6__fileType_cropped.png
P354,202510241300,2510241416,7,1,2.5 Hz,2.5,EXPERIMENTAL,LIGHT,True,,saveTime_2510241416__sessionTime_202510241300__participant_P354__trialN_7__trialT_1__fileType_cropped.png,1,,saveTime_2510241416__sessionTime_202510241300__participant_P354__trialN_7__trialT_1__fileType_cropped.png
P354,202510241300,2510241420,8,1,2.5 Hz,2.5,EXPERIMENTAL,LIGHT,True,,saveTime_2510241420__sessionTime_202510241300__participant_P354__trialN_8__trialT_1__fileType_cropped.png,1,,saveTime_2510241420__sessionTime_202510241300__participant_P354__trialN_8__trialT_1__fileType_cropped.png
P354,202510241300,2510241424,9,6,40 Hz,40.0,EXPERIMENTAL,LIGHT,True,,saveTime_2510241424__sessionTime_202510241300__participant_P354__trialN_9__trialT_6__fileType_cropped.png,1,,saveTime_2510241424__sessionTime_202510241300__participant_P354__trialN_9__trialT_6__fileType_cropped.png
P354,202510241300,2510241442,10,3,10 Hz,10.0,EXPERIMENTAL,LIGHT,True,,saveTime_2510241442__sessionTime_202510241300__participant_P354__trialN_10__trialT_3__fileType_cropped.png,1,,saveTime_2510241442__sessionTime_202510241300__participant_P354__trialN_10__trialT_3__fileType_cropped.png
P354,202510241300,2510241446,11,5,20 Hz,20.0,EXPERIMENTAL,LIGHT,True,,saveTime_2510241446__sessionTime_202510241300__participant_P354__trialN_11__trialT_5__fileType_cropped.png,1,,saveTime_2510241446__sessionTime_202510241300__participant_P354__trialN_11__trialT_5__fileType_cropped.png
P354,202510241300,2510241450,12,7,80 Hz,80.0,CONTROL,LIGHT,True,,saveTime_2510241450__sessionTime_202510241300__participant_P354__trialN_12__trialT_7__fileType_cropped.png,1,,saveTime_2510241450__sessionTime_202510241300__participant_P354__trialN_12__trialT_7__fileType_cropped.png
P354,202510241300,2510241455,13,2,5 Hz,5.0,EXPERIMENTAL,LIGHT,True,,saveTime_2510241455__sessionTime_202510241300__participant_P354__trialN_13__trialT_2__fileType_cropped.png,1,,saveTime_2510241455__sessionTime_202510241300__participant_P354__trialN_13__trialT_2__fileType_cropped.png
P354,202510241300,2510241459,14,C06,,,VALIDATION,IMAGE,True,,saveTime_2510241459__sessionTime_202510241300__participant_P354__trialN_14__trialT_C06__fileType_cropped.png,1,,saveTime_2510241459__sessionTime_202510241300__participant_P354__trialN_14__trialT_C06__fileType_cropped.png
P354,202510241300,2510241502,15,B12,,,VALIDATION,IMAGE,True,,saveTime_2510241502__sessionTime_202510241300__participant_P354__trialN_15__trialT_B12__fileType_cropped.png,1,,saveTime_2510241502__sessionTime_202510241300__participant_P354__trialN_15__trialT_B12__fileType_cropped.png
P354,202510241300,2510241506,16,A10,,,VALIDATION,IMAGE,True,,saveTime_2510241506__sessionTime_202510241300__participant_P354__trialN_16__trialT_A10__fileType_cropped.png,1,,saveTime_2510241506__sessionTime_202510241300__participant_P354__trialN_16__trialT_A10__fileType_cropped.png
P354,202510241300,2510241510,17,2,5 Hz,5.0,EXPERIMENTAL,LIGHT,True,,saveTime_2510241510__sessionTime_202510241300__participant_P354__trialN_17__trialT_2__fileType_cropped.png,1,,saveTime_2510241510__sessionTime_202510241300__participant_P354__trialN_17__trialT_2__fileType_cropped.png
P355,202510241300,2510241350,2,4,15 Hz,15.0,EXPERIMENTAL,LIGHT,True,,saveTime_2510241350__sessionTime_202510241300__participant_P355__trialN_2__trialT_4__fileType_cropped.png,1,,saveTime_2510241350__sessionTime_202510241300__participant_P355__trialN_2__trialT_4__fileType_cropped.png
P355,202510241300,2510241354,3,5,20 Hz,20.0,EXPERIMENTAL,LIGHT,True,,saveTime_2510241354__sessionTime_202510241300__participant_P355__trialN_3__trialT_5__fileType_cropped.png,1,,saveTime_2510241354__sessionTime_202510241300__participant_P355__trialN_3__trialT_5__fileType_cropped.png
P355,202510241300,2510241358,4,4,15 Hz,15.0,EXPERIMENTAL,LIGHT,True,,saveTime_2510241358__sessionTime_202510241300__participant_P355__trialN_4__trialT_4__fileType_cropped.png,1,,saveTime_2510241358__sessionTime_202510241300__participant_P355__trialN_4__trialT_4__fileType_cropped.png
P355,202510241300,2510241402,5,3,10 Hz,10.0,EXPERIMENTAL,LIGHT,True,,saveTime_2510241402__sessionTime_202510241300__participant_P355__trialN_5__trialT_3__fileType_cropped.png,1,,saveTime_2510241402__sessionTime_202510241300__participant_P355__trialN_5__trialT_3__fileType_cropped.png
P355,202510241300,2510241413,6,6,40 Hz,40.0,EXPERIMENTAL,LIGHT,True,,saveTime_2510241413__sessionTime_202510241300__participant_P355__trialN_6__trialT_6__fileType_cropped.png,1,,saveTime_2510241413__sessionTime_202510241300__participant_P355__trialN_6__trialT_6__fileType_cropped.png
P355,202510241300,2510241417,7,1,2.5 Hz,2.5,EXPERIMENTAL,LIGHT,True,,saveTime_2510241417__sessionTime_202510241300__participant_P355__trialN_7__trialT_1__fileType_cropped.png,1,,saveTime_2510241417__sessionTime_202510241300__participant_P355__trialN_7__trialT_1__fileType_cropped.png
P355,202510241300,2510241419,8,1,2.5 Hz,2.5,EXPERIMENTAL,LIGHT,True,,saveTime_2510241419__sessionTime_202510241300__participant_P355__trialN_8__trialT_1__fileType_cropped.png,1,,saveTime_2510241419__sessionTime_202510241300__participant_P355__trialN_8__trialT_1__fileType_cropped.png
P355,202510241300,2510241423,9,6,40 Hz,40.0,EXPERIMENTAL,LIGHT,True,,saveTime_2510241423__sessionTime_202510241300__participant_P355__trialN_9__trialT_6__fileType_cropped.png,1,,saveTime_2510241423__sessionTime_202510241300__participant_P355__trialN_9__trialT_6__fileType_cropped.png
P355,202510241300,2510241442,10,3,10 Hz,10.0,EXPERIMENTAL,LIGHT,True,,saveTime_2510241442__sessionTime_202510241300__participant_P355__trialN_10__trialT_3__fileType_cropped.png,1,,saveTime_2510241442__sessionTime_202510241300__participant_P355__trialN_10__trialT_3__fileType_cropped.png
P355,202510241300,2510241444,11,5,20 Hz,20.0,EXPERIMENTAL,LIGHT,True,,saveTime_2510241444__sessionTime_202510241300__participant_P355__trialN_11__trialT_5__fileType_cropped.png,1,,saveTime_2510241444__sessionTime_202510241300__participant_P355__trialN_11__trialT_5__fileType_cropped.png
P355,202510241300,2510241450,12,7,80 Hz,80.0,CONTROL,LIGHT,True,,saveTime_2510241450__sessionTime_202510241300__participant_P355__trialN_12__trialT_7__fileType_cropped.png,1,,saveTime_2510241450__sessionTime_202510241300__participant_P355__trialN_12__trialT_7__fileType_cropped.png
P355,202510241300,2510241454,13,2,5 Hz,5.0,EXPERIMENTAL,LIGHT,True,,saveTime_2510241454__sessionTime_202510241300__participant_P355__trialN_13__trialT_2__fileType_cropped.png,1,,saveTime_2510241454__sessionTime_202510241300__participant_P355__trialN_13__trialT_2__fileType_cropped.png
P355,202510241300,2510241459,14,C01,,,VALIDATION,IMAGE,True,,saveTime_2510241459__sessionTime_202510241300__participant_P355__trialN_14__trialT_C01__fileType_cropped.png,1,,saveTime_2510241459__sessionTime_202510241300__participant_P355__trialN_14__trialT_C01__fileType_cropped.png
P355,202510241300,2510241502,15,B06,,,VALIDATION,IMAGE,True,,saveTime_2510241502__sessionTime_202510241300__participant_P355__trialN_15__trialT_B06__fileType_cropped.png,1,,saveTime_2510241502__sessionTime_202510241300__participant_P355__trialN_15__trialT_B06__fileType_cropped.png
P355,202510241300,2510241506,16,A11,,,VALIDATION,IMAGE,True,,saveTime_2510241506__sessionTime_202510241300__participant_P355__trialN_16__trialT_A11__fileType_cropped.png,1,,saveTime_2510241506__sessionTime_202510241300__participant_P355__trialN_16__trialT_A11__fileType_cropped.png
P355,202510241300,2510241511,17,2,5 Hz,5.0,EXPERIMENTAL,LIGHT,True,,saveTime_2510241511__sessionTime_202510241300__participant_P355__trialN_17__trialT_2__fileType_cropped.png,1,,saveTime_2510241511__sessionTime_202510241300__participant_P355__trialN_17__trialT_2__fileType_cropped.png
P356,202510241300,2510241351,2,4,15 Hz,15.0,EXPERIMENTAL,LIGHT,True,,saveTime_2510241351__sessionTime_202510241300__participant_P356__trialN_2__trialT_4__fileType_cropped.png,1,,saveTime_2510241351__sessionTime_202510241300__participant_P356__trialN_2__trialT_4__fileType_cropped.png
P356,202510241300,2510241355,3,5,20 Hz,20.0,EXPERIMENTAL,LIGHT,True,,saveTime_2510241355__sessionTime_202510241300__participant_P356__trialN_3__trialT_5__fileType_cropped.png,1,,saveTime_2510241355__sessionTime_202510241300__participant_P356__trialN_3__trialT_5__fileType_cropped.png
P356,202510241300,2510241358,4,4,15 Hz,15.0,EXPERIMENTAL,LIGHT,True,,saveTime_2510241358__sessionTime_202510241300__participant_P356__trialN_4__trialT_4__fileType_cropped.png,1,,saveTime_2510241358__sessionTime_202510241300__participant_P356__trialN_4__trialT_4__fileType_cropped.png
P356,202510241300,2510241402,5,3,10 Hz,10.0,EXPERIMENTAL,LIGHT,True,,saveTime_2510241402__sessionTime_202510241300__participant_P356__trialN_5__trialT_3__fileType_cropped.png,1,,saveTime_2510241402__sessionTime_202510241300__participant_P356__trialN_5__trialT_3__fileType_cropped.png
P356,202510241300,2510241413,6,6,40 Hz,40.0,EXPERIMENTAL,LIGHT,True,,saveTime_2510241413__sessionTime_202510241300__participant_P356__trialN_6__trialT_6__fileType_cropped.png,1,,saveTime_2510241413__sessionTime_202510241300__participant_P356__trialN_6__trialT_6__fileType_cropped.png
P356,202510241300,2510241416,7,1,2.5 Hz,2.5,EXPERIMENTAL,LIGHT,True,,saveTime_2510241416__sessionTime_202510241300__participant_P356__trialN_7__trialT_1__fileType_cropped.png,1,,saveTime_2510241416__sessionTime_202510241300__participant_P356__trialN_7__trialT_1__fileType_cropped.png
P356,202510241300,2510241420,8,1,2.5 Hz,2.5,EXPERIMENTAL,LIGHT,True,,saveTime_2510241420__sessionTime_202510241300__participant_P356__trialN_8__trialT_1__fileType_cropped.png,1,,saveTime_2510241420__sessionTime_202510241300__participant_P356__trialN_8__trialT_1__fileType_cropped.png
P356,202510241300,2510241424,9,6,40 Hz,40.0,EXPERIMENTAL,LIGHT,True,,saveTime_2510241424__sessionTime_202510241300__participant_P356__trialN_9__trialT_6__fileType_cropped.png,1,,saveTime_2510241424__sessionTime_202510241300__participant_P356__trialN_9__trialT_6__fileType_cropped.png
P356,202510241300,2510241442,10,3,10 Hz,10.0,EXPERIMENTAL,LIGHT,True,,saveTime_2510241442__sessionTime_202510241300__participant_P356__trialN_10__trialT_3__fileType_cropped.png,1,,saveTime_2510241442__sessionTime_202510241300__participant_P356__trialN_10__trialT_3__fileType_cropped.png
P356,202510241300,2510241446,11,5,20 Hz,20.0,EXPERIMENTAL,LIGHT,True,,saveTime_2510241446__sessionTime_202510241300__participant_P356__trialN_11__trialT_5__fileType_cropped.png,1,,saveTime_2510241446__sessionTime_202510241300__participant_P356__trialN_11__trialT_5__fileType_cropped.png
P356,202510241300,2510241450,12,7,80 Hz,80.0,CONTROL,LIGHT,True,,saveTime_2510241450__sessionTime_202510241300__participant_P356__trialN_12__trialT_7__fileType_cropped.png,1,,saveTime_2510241450__sessionTime_202510241300__participant_P356__trialN_12__trialT_7__fileType_cropped.png
P356,202510241300,2510241455,13,2,5 Hz,5.0,EXPERIMENTAL,LIGHT,True,,saveTime_2510241455__sessionTime_202510241300__participant_P356__trialN_13__trialT_2__fileType_cropped.png,1,,saveTime_2510241455__sessionTime_202510241300__participant_P356__trialN_13__trialT_2__fileType_cropped.png
P356,202510241300,2510241459,14,C03,,,VALIDATION,IMAGE,True,,saveTime_2510241459__sessionTime_202510241300__participant_P356__trialN_14__trialT_C03__fileType_cropped.png,1,,saveTime_2510241459__sessionTime_202510241300__participant_P356__trialN_14__trialT_C03__fileType_cropped.png
P356,202510241300,2510241503,15,B13,,,VALIDATION,IMAGE,True,,saveTime_2510241503__sessionTime_202510241300__participant_P356__trialN_15__trialT_B13__fileType_cropped.png,1,,saveTime_2510241503__sessionTime_202510241300__participant_P356__trialN_15__trialT_B13__fileType_cropped.png
P356,202510241300,2510241505,16,A13,,,VALIDATION,IMAGE,True,,saveTime_2510241505__sessionTime_202510241300__participant_P356__trialN_16__trialT_A13__fileType_cropped.png,1,,saveTime_2510241505__sessionTime_202510241300__participant_P356__trialN_16__trialT_A13__fileType_cropped.png
P356,202510241300,2510241510,17,2,5 Hz,5.0,EXPERIMENTAL,LIGHT,True,,saveTime_2510241510__sessionTime_202510241300__participant_P356__trialN_17__trialT_2__fileType_cropped.png,1,,saveTime_2510241510__sessionTime_202510241300__participant_P356__trialN_17__trialT_2__fileType_cropped.png
P357,202510241300,2510241351,2,4,15 Hz,15.0,EXPERIMENTAL,LIGHT,True,,saveTime_2510241351__sessionTime_202510241300__participant_P357__trialN_2__trialT_4__fileType_cropped.png,1,,saveTime_2510241351__sessionTime_202510241300__participant_P357__trialN_2__trialT_4__fileType_cropped.png
P357,202510241300,2510241355,3,5,20 Hz,20.0,EXPERIMENTAL,LIGHT,True,,saveTime_2510241355__sessionTime_202510241300__participant_P357__trialN_3__trialT_5__fileType_cropped.png,1,,saveTime_2510241355__sessionTime_202510241300__participant_P357__trialN_3__trialT_5__fileType_cropped.png
P357,202510241300,2510241359,4,4,15 Hz,15.0,EXPERIMENTAL,LIGHT,True,,saveTime_2510241359__sessionTime_202510241300__participant_P357__trialN_4__trialT_4__fileType_cropped.png,1,,saveTime_2510241359__sessionTime_202510241300__participant_P357__trialN_4__trialT_4__fileType_cropped.png
P357,202510241300,2510241402,5,3,10 Hz,10.0,EXPERIMENTAL,LIGHT,True,,saveTime_2510241402__sessionTime_202510241300__participant_P357__trialN_5__trialT_3__fileType_cropped.png,1,,saveTime_2510241402__sessionTime_202510241300__participant_P357__trialN_5__trialT_3__fileType_cropped.png
P357,202510241300,2510241413,6,6,40 Hz,40.0,EXPERIMENTAL,LIGHT,True,,saveTime_2510241413__sessionTime_202510241300__participant_P357__trialN_6__trialT_6__fileType_cropped.png,1,,saveTime_2510241413__sessionTime_202510241300__participant_P357__trialN_6__trialT_6__fileType_cropped.png
P357,202510241300,2510241416,7,1,2.5 Hz,2.5,EXPERIMENTAL,LIGHT,True,,saveTime_2510241416__sessionTime_202510241300__participant_P357__trialN_7__trialT_1__fileType_cropped.png,1,,saveTime_2510241416__sessionTime_202510241300__participant_P357__trialN_7__trialT_1__fileType_cropped.png
P357,202510241300,2510241421,8,1,2.5 Hz,2.5,EXPERIMENTAL,LIGHT,True,,saveTime_2510241421__sessionTime_202510241300__participant_P357__trialN_8__trialT_1__fileType_cropped.png,1,,saveTime_2510241421__sessionTime_202510241300__participant_P357__trialN_8__trialT_1__fileType_cropped.png
P357,202510241300,2510241424,9,6,40 Hz,40.0,EXPERIMENTAL,LIGHT,True,,saveTime_2510241424__sessionTime_202510241300__participant_P357__trialN_9__trialT_6__fileType_cropped.png,1,,saveTime_2510241424__sessionTime_202510241300__participant_P357__trialN_9__trialT_6__fileType_cropped.png
P357,202510241300,2510241443,10,3,10 Hz,10.0,EXPERIMENTAL,LIGHT,True,,saveTime_2510241443__sessionTime_202510241300__participant_P357__trialN_10__trialT_3__fileType_cropped.png,1,,saveTime_2510241443__sessionTime_202510241300__participant_P357__trialN_10__trialT_3__fileType_cropped.png
P357,202510241300,2510241446,11,5,20 Hz,20.0,EXPERIMENTAL,LIGHT,True,,saveTime_2510241446__sessionTime_202510241300__participant_P357__trialN_11__trialT_5__fileType_cropped.png,1,,saveTime_2510241446__sessionTime_202510241300__participant_P357__trialN_11__trialT_5__fileType_cropped.png
P357,202510241300,2510241450,12,7,80 Hz,80.0,CONTROL,LIGHT,True,,saveTime_2510241450__sessionTime_202510241300__participant_P357__trialN_12__trialT_7__fileType_cropped.png,1,,saveTime_2510241450__sessionTime_202510241300__participant_P357__trialN_12__trialT_7__fileType_cropped.png
P357,202510241300,2510241455,13,2,5 Hz,5.0,EXPERIMENTAL,LIGHT,True,,saveTime_2510241455__sessionTime_202510241300__participant_P357__trialN_13__trialT_2__fileType_cropped.png,1,,saveTime_2510241455__sessionTime_202510241300__participant_P357__trialN_13__trialT_2__fileType_cropped.png
P357,202510241300,2510241459,14,C11,,,VALIDATION,IMAGE,True,,saveTime_2510241459__sessionTime_202510241300__participant_P357__trialN_14__trialT_C11__fileType_cropped.png,1,,saveTime_2510241459__sessionTime_202510241300__participant_P357__trialN_14__trialT_C11__fileType_cropped.png
P357,202510241300,2510241501,15,B10,,,VALIDATION,IMAGE,True,,saveTime_2510241501__sessionTime_202510241300__participant_P357__trialN_15__trialT_B10__fileType_cropped.png,1,,saveTime_2510241501__sessionTime_202510241300__participant_P357__trialN_15__trialT_B10__fileType_cropped.png
P357,202510241300,2510241504,16,A13,,,VALIDATION,IMAGE,True,,saveTime_2510241504__sessionTime_202510241300__participant_P357__trialN_16__trialT_A13__fileType_cropped.png,1,,saveTime_2510241504__sessionTime_202510241300__participant_P357__trialN_16__trialT_A13__fileType_cropped.png
P357,202510241300,2510241510,17,2,5 Hz,5.0,EXPERIMENTAL,LIGHT,True,,saveTime_2510241510__sessionTime_202510241300__participant_P357__trialN_17__trialT_2__fileType_cropped.png,1,,saveTime_2510241510__sessionTime_202510241300__participant_P357__trialN_17__trialT_2__fileType_cropped.png
P358,202510241300,2510241351,2,4,15 Hz,15.0,EXPERIMENTAL,LIGHT,True,,saveTime_2510241351__sessionTime_202510241300__participant_P358__trialN_2__trialT_4__fileType_cropped.png,1,,saveTime_2510241351__sessionTime_202510241300__participant_P358__trialN_2__trialT_4__fileType_cropped.png
P358,202510241300,2510241355,3,5,20 Hz,20.0,EXPERIMENTAL,LIGHT,True,,saveTime_2510241355__sessionTime_202510241300__participant_P358__trialN_3__trialT_5__fileType_cropped.png,1,,saveTime_2510241355__sessionTime_202510241300__participant_P358__trialN_3__trialT_5__fileType_cropped.png
P358,202510241300,2510241359,4,4,15 Hz,15.0,EXPERIMENTAL,LIGHT,True,,saveTime_2510241359__sessionTime_202510241300__participant_P358__trialN_4__trialT_4__fileType_cropped.png,1,,saveTime_2510241359__sessionTime_202510241300__participant_P358__trialN_4__trialT_4__fileType_cropped.png
P358,202510241300,2510241403,5,3,10 Hz,10.0,EXPERIMENTAL,LIGHT,True,,saveTime_2510241403__sessionTime_202510241300__participant_P358__trialN_5__trialT_3__fileType_cropped.png,1,,saveTime_2510241403__sessionTime_202510241300__participant_P358__trialN_5__trialT_3__fileType_cropped.png
P358,202510241300,2510241413,6,6,40 Hz,40.0,EXPERIMENTAL,LIGHT,True,,saveTime_2510241413__sessionTime_202510241300__participant_P358__trialN_6__trialT_6__fileType_cropped.png,1,,saveTime_2510241413__sessionTime_202510241300__participant_P358__trialN_6__trialT_6__fileType_cropped.png
P358,202510241300,2510241417,7,1,2.5 Hz,2.5,EXPERIMENTAL,LIGHT,True,,saveTime_2510241417__sessionTime_202510241300__participant_P358__trialN_7__trialT_1__fileType_cropped.png,1,,saveTime_2510241417__sessionTime_202510241300__participant_P358__trialN_7__trialT_1__fileType_cropped.png
P358,202510241300,2510241430,8,1,2.5 Hz,2.5,EXPERIMENTAL,LIGHT,False,manual,saveTime_2510241430__sessionTime_202510241300__participant_P358__trialN_8__trialT_1__fileType_cropped.png,1,,saveTime_2510241430__sessionTime_202510241300__participant_P358__trialN_8__trialT_1__fileType_cropped.png
P358,202510241300,2510241430,9,6,40 Hz,40.0,EXPERIMENTAL,LIGHT,True,,saveTime_2510241430__sessionTime_202510241300__participant_P358__trialN_9__trialT_6__fileType_cropped.png,1,,saveTime_2510241430__sessionTime_202510241300__participant_P358__trialN_9__trialT_6__fileType_cropped.png
P358,202510241300,2510241443,10,3,10 Hz,10.0,EXPERIMENTAL,LIGHT,True,,saveTime_2510241443__sessionTime_202510241300__participant_P358__trialN_10__trialT_3__fileType_cropped.png,1,,saveTime_2510241443__sessionTime_202510241300__participant_P358__trialN_10__trialT_3__fileType_cropped.png
P358,202510241300,2510241446,11,5,20 Hz,20.0,EXPERIMENTAL,LIGHT,True,,saveTime_2510241446__sessionTime_202510241300__participant_P358__trialN_11__trialT_5__fileType_cropped.png,1,,saveTime_2510241446__sessionTime_202510241300__participant_P358__trialN_11__trialT_5__fileType_cropped.png
P358,202510241300,2510241451,12,7,80 Hz,80.0,CONTROL,LIGHT,True,,saveTime_2510241451__sessionTime_202510241300__participant_P358__trialN_12__trialT_7__fileType_cropped.png,1,,saveTime_2510241451__sessionTime_202510241300__participant_P358__trialN_12__trialT_7__fileType_cropped.png
P358,202510241300,2510241455,13,2,5 Hz,5.0,EXPERIMENTAL,LIGHT,True,,saveTime_2510241455__sessionTime_202510241300__participant_P358__trialN_13__trialT_2__fileType_cropped.png,1,,saveTime_2510241455__sessionTime_202510241300__participant_P358__trialN_13__trialT_2__fileType_cropped.png
P358,202510241300,2510241459,14,C04,,,VALIDATION,IMAGE,True,,saveTime_2510241459__sessionTime_202510241300__participant_P358__trialN_14__trialT_C04__fileType_cropped.png,1,,saveTime_2510241459__sessionTime_202510241300__participant_P358__trialN_14__trialT_C04__fileType_cropped.png
P358,202510241300,2510241503,15,B05,,,VALIDATION,IMAGE,True,,saveTime_2510241503__sessionTime_202510241300__participant_P358__trialN_15__trialT_B05__fileType_cropped.png,1,,saveTime_2510241503__sessionTime_202510241300__participant_P358__trialN_15__trialT_B05__fileType_cropped.png
P358,202510241300,2510241507,16,A00,,,VALIDATION,IMAGE,True,,saveTime_2510241507__sessionTime_202510241300__participant_P358__trialN_16__trialT_A00__fileType_cropped.png,1,,saveTime_2510241507__sessionTime_202510241300__participant_P358__trialN_16__trialT_A00__fileType_cropped.png
P358,202510241300,2510241511,17,2,5 Hz,5.0,EXPERIMENTAL,LIGHT,True,,saveTime_2510241511__sessionTime_202510241300__participant_P358__trialN_17__trialT_2__fileType_cropped.png,1,,saveTime_2510241511__sessionTime_202510241300__participant_P358__trialN_17__trialT_2__fileType_cropped.png
P359,202510241500,2510241550,2,C00,,,VALIDATION,IMAGE,True,,saveTime_2510241550__sessionTime_202510241500__participant_P359__trialN_2__trialT_C00__fileType_cropped.png,1,,saveTime_2510241550__sessionTime_202510241500__participant_P359__trialN_2__trialT_C00__fileType_cropped.png
P359,202510241500,2510241554,3,4,15 Hz,15.0,EXPERIMENTAL,LIGHT,True,,saveTime_2510241554__sessionTime_202510241500__participant_P359__trialN_3__trialT_4__fileType_cropped.png,1,,saveTime_2510241554__sessionTime_202510241500__participant_P359__trialN_3__trialT_4__fileType_cropped.png
P359,202510241500,2510241558,4,7,80 Hz,80.0,CONTROL,LIGHT,True,,saveTime_2510241558__sessionTime_202510241500__participant_P359__trialN_4__trialT_7__fileType_cropped.png,1,,saveTime_2510241558__sessionTime_202510241500__participant_P359__trialN_4__trialT_7__fileType_cropped.png
P359,202510241500,2510241602,5,B07,,,VALIDATION,IMAGE,True,,saveTime_2510241602__sessionTime_202510241500__participant_P359__trialN_5__trialT_B07__fileType_cropped.png,1,,saveTime_2510241602__sessionTime_202510241500__participant_P359__trialN_5__trialT_B07__fileType_cropped.png
P359,202510241500,2510241616,6,5,20 Hz,20.0,EXPERIMENTAL,LIGHT,True,,saveTime_2510241616__sessionTime_202510241500__participant_P359__trialN_6__trialT_5__fileType_cropped.png,1,,saveTime_2510241616__sessionTime_202510241500__participant_P359__trialN_6__trialT_5__fileType_cropped.png
P359,202510241500,2510241620,7,3,10 Hz,10.0,EXPERIMENTAL,LIGHT,True,,saveTime_2510241620__sessionTime_202510241500__participant_P359__trialN_7__trialT_3__fileType_cropped.png,1,,saveTime_2510241620__sessionTime_202510241500__participant_P359__trialN_7__trialT_3__fileType_cropped.png
P359,202510241500,2510241624,8,1,2.5 Hz,2.5,EXPERIMENTAL,LIGHT,True,,saveTime_2510241624__sessionTime_202510241500__participant_P359__trialN_8__trialT_1__fileType_cropped.png,1,,saveTime_2510241624__sessionTime_202510241500__participant_P359__trialN_8__trialT_1__fileType_cropped.png
P359,202510241500,2510241628,9,1,2.5 Hz,2.5,EXPERIMENTAL,LIGHT,True,,saveTime_2510241628__sessionTime_202510241500__participant_P359__trialN_9__trialT_1__fileType_cropped.png,1,,saveTime_2510241628__sessionTime_202510241500__participant_P359__trialN_9__trialT_1__fileType_cropped.png
P359,202510241500,2510241632,10,3,10 Hz,10.0,EXPERIMENTAL,LIGHT,True,,saveTime_2510241632__sessionTime_202510241500__participant_P359__trialN_10__trialT_3__fileType_cropped.png,1,,saveTime_2510241632__sessionTime_202510241500__participant_P359__trialN_10__trialT_3__fileType_cropped.png
P359,202510241500,2510241636,11,2,5 Hz,5.0,EXPERIMENTAL,LIGHT,True,,saveTime_2510241636__sessionTime_202510241500__participant_P359__trialN_11__trialT_2__fileType_cropped.png,1,,saveTime_2510241636__sessionTime_202510241500__participant_P359__trialN_11__trialT_2__fileType_cropped.png
P359,202510241500,2510241649,12,2,5 Hz,5.0,EXPERIMENTAL,LIGHT,True,,saveTime_2510241649__sessionTime_202510241500__participant_P359__trialN_12__trialT_2__fileType_cropped.png,1,,saveTime_2510241649__sessionTime_202510241500__participant_P359__trialN_12__trialT_2__fileType_cropped.png
P359,202510241500,2510241653,13,6,40 Hz,40.0,EXPERIMENTAL,LIGHT,True,,saveTime_2510241653__sessionTime_202510241500__participant_P359__trialN_13__trialT_6__fileType_cropped.png,1,,saveTime_2510241653__sessionTime_202510241500__participant_P359__trialN_13__trialT_6__fileType_cropped.png
P359,202510241500,2510241657,14,4,15 Hz,15.0,EXPERIMENTAL,LIGHT,True,,saveTime_2510241657__sessionTime_202510241500__participant_P359__trialN_14__trialT_4__fileType_cropped.png,1,,saveTime_2510241657__sessionTime_202510241500__participant_P359__trialN_14__trialT_4__fileType_cropped.png
P359,202510241500,2510241701,15,A14,,,VALIDATION,IMAGE,True,,saveTime_2510241701__sessionTime_202510241500__participant_P359__trialN_15__trialT_A14__fileType_cropped.png,1,,saveTime_2510241701__sessionTime_202510241500__participant_P359__trialN_15__trialT_A14__fileType_cropped.png
P359,202510241500,2510241704,16,6,40 Hz,40.0,EXPERIMENTAL,LIGHT,True,,saveTime_2510241704__sessionTime_202510241500__participant_P359__trialN_16__trialT_6__fileType_cropped.png,1,,saveTime_2510241704__sessionTime_202510241500__participant_P359__trialN_16__trialT_6__fileType_cropped.png
P359,202510241500,2510241709,17,5,20 Hz,20.0,EXPERIMENTAL,LIGHT,True,,saveTime_2510241709__sessionTime_202510241500__participant_P359__trialN_17__trialT_5__fileType_cropped.png,1,,saveTime_2510241709__sessionTime_202510241500__participant_P359__trialN_17__trialT_5__fileType_cropped.png
P360,202510241500,2510241550,2,C04,,,VALIDATION,IMAGE,True,,saveTime_2510241550__sessionTime_202510241500__participant_P360__trialN_2__trialT_C04__fileType_cropped.png,1,,saveTime_2510241550__sessionTime_202510241500__participant_P360__trialN_2__trialT_C04__fileType_cropped.png
P360,202510241500,2510241554,3,4,15 Hz,15.0,EXPERIMENTAL,LIGHT,True,,saveTime_2510241554__sessionTime_202510241500__participant_P360__trialN_3__trialT_4__fileType_cropped.png,1,,saveTime_2510241554__sessionTime_202510241500__participant_P360__trialN_3__trialT_4__fileType_cropped.png
P360,202510241500,2510241557,4,7,80 Hz,80.0,CONTROL,LIGHT,True,,saveTime_2510241557__sessionTime_202510241500__participant_P360__trialN_4__trialT_7__fileType_cropped.png,1,,saveTime_2510241557__sessionTime_202510241500__participant_P360__trialN_4__trialT_7__fileType_cropped.png
P360,202510241500,2510241602,5,B06,,,VALIDATION,IMAGE,True,,saveTime_2510241602__sessionTime_202510241500__participant_P360__trialN_5__trialT_B06__fileType_cropped.png,1,,saveTime_2510241602__sessionTime_202510241500__participant_P360__trialN_5__trialT_B06__fileType_cropped.png
P360,202510241500,2510241615,6,5,20 Hz,20.0,EXPERIMENTAL,LIGHT,True,,saveTime_2510241615__sessionTime_202510241500__participant_P360__trialN_6__trialT_5__fileType_cropped.png,1,,saveTime_2510241615__sessionTime_202510241500__participant_P360__trialN_6__trialT_5__fileType_cropped.png
P360,202510241500,2510241619,7,3,10 Hz,10.0,EXPERIMENTAL,LIGHT,True,,saveTime_2510241619__sessionTime_202510241500__participant_P360__trialN_7__trialT_3__fileType_cropped.png,1,,saveTime_2510241619__sessionTime_202510241500__participant_P360__trialN_7__trialT_3__fileType_cropped.png
P360,202510241500,2510241624,8,1,2.5 Hz,2.5,EXPERIMENTAL,LIGHT,True,,saveTime_2510241624__sessionTime_202510241500__participant_P360__trialN_8__trialT_1__fileType_cropped.png,1,,saveTime_2510241624__sessionTime_202510241500__participant_P360__trialN_8__trialT_1__fileType_cropped.png
P360,202510241500,2510241628,9,1,2.5 Hz,2.5,EXPERIMENTAL,LIGHT,True,,saveTime_2510241628__sessionTime_202510241500__participant_P360__trialN_9__trialT_1__fileType_cropped.png,1,,saveTime_2510241628__sessionTime_202510241500__participant_P360__trialN_9__trialT_1__fileType_cropped.png
P360,202510241500,2510241632,10,3,10 Hz,10.0,EXPERIMENTAL,LIGHT,True,,saveTime_2510241632__sessionTime_202510241500__participant_P360__trialN_10__trialT_3__fileType_cropped.png,1,,saveTime_2510241632__sessionTime_202510241500__participant_P360__trialN_10__trialT_3__fileType_cropped.png
P360,202510241500,2510241636,11,2,5 Hz,5.0,EXPERIMENTAL,LIGHT,True,,saveTime_2510241636__sessionTime_202510241500__participant_P360__trialN_11__trialT_2__fileType_cropped.png,1,,saveTime_2510241636__sessionTime_202510241500__participant_P360__trialN_11__trialT_2__fileType_cropped.png
P360,202510241500,2510241649,12,2,5 Hz,5.0,EXPERIMENTAL,LIGHT,True,,saveTime_2510241649__sessionTime_202510241500__participant_P360__trialN_12__trialT_2__fileType_cropped.png,1,,saveTime_2510241649__sessionTime_202510241500__participant_P360__trialN_12__trialT_2__fileType_cropped.png
P360,202510241500,2510241653,13,6,40 Hz,40.0,EXPERIMENTAL,LIGHT,True,,saveTime_2510241653__sessionTime_202510241500__participant_P360__trialN_13__trialT_6__fileType_cropped.png,1,,saveTime_2510241653__sessionTime_202510241500__participant_P360__trialN_13__trialT_6__fileType_cropped.png
P360,202510241500,2510241656,14,4,15 Hz,15.0,EXPERIMENTAL,LIGHT,True,,saveTime_2510241656__sessionTime_202510241500__participant_P360__trialN_14__trialT_4__fileType_cropped.png,1,,saveTime_2510241656__sessionTime_202510241500__participant_P360__trialN_14__trialT_4__fileType_cropped.png
P360,202510241500,2510241700,15,A02,,,VALIDATION,IMAGE,True,,saveTime_2510241700__sessionTime_202510241500__participant_P360__trialN_15__trialT_A02__fileType_cropped.png,1,,saveTime_2510241700__sessionTime_202510241500__participant_P360__trialN_15__trialT_A02__fileType_cropped.png
P360,202510241500,2510241704,16,6,40 Hz,40.0,EXPERIMENTAL,LIGHT,True,,saveTime_2510241704__sessionTime_202510241500__participant_P360__trialN_16__trialT_6__fileType_cropped.png,1,,saveTime_2510241704__sessionTime_202510241500__participant_P360__trialN_16__trialT_6__fileType_cropped.png
P360,202510241500,2510241708,17,5,20 Hz,20.0,EXPERIMENTAL,LIGHT,True,,saveTime_2510241708__sessionTime_202510241500__participant_P360__trialN_17__trialT_5__fileType_cropped.png,1,,saveTime_2510241708__sessionTime_202510241500__participant_P360__trialN_17__trialT_5__fileType_cropped.png
P361,202510241500,2510241550,2,C03,,,VALIDATION,IMAGE,True,,saveTime_2510241550__sessionTime_202510241500__participant_P361__trialN_2__trialT_C03__fileType_cropped.png,1,,saveTime_2510241550__sessionTime_202510241500__participant_P361__trialN_2__trialT_C03__fileType_cropped.png
P361,202510241500,2510241554,3,4,15 Hz,15.0,EXPERIMENTAL,LIGHT,True,,saveTime_2510241554__sessionTime_202510241500__participant_P361__trialN_3__trialT_4__fileType_cropped.png,1,,saveTime_2510241554__sessionTime_202510241500__participant_P361__trialN_3__trialT_4__fileType_cropped.png
P361,202510241500,2510241557,4,7,80 Hz,80.0,CONTROL,LIGHT,True,,saveTime_2510241557__sessionTime_202510241500__participant_P361__trialN_4__trialT_7__fileType_cropped.png,1,,saveTime_2510241557__sessionTime_202510241500__participant_P361__trialN_4__trialT_7__fileType_cropped.png
P361,202510241500,2510241601,5,B01,,,VALIDATION,IMAGE,True,,saveTime_2510241601__sessionTime_202510241500__participant_P361__trialN_5__trialT_B01__fileType_cropped.png,1,,saveTime_2510241601__sessionTime_202510241500__participant_P361__trialN_5__trialT_B01__fileType_cropped.png
P361,202510241500,2510241616,6,5,20 Hz,20.0,EXPERIMENTAL,LIGHT,True,,saveTime_2510241616__sessionTime_202510241500__participant_P361__trialN_6__trialT_5__fileType_cropped.png,1,,saveTime_2510241616__sessionTime_202510241500__participant_P361__trialN_6__trialT_5__fileType_cropped.png
P361,202510241500,2510241620,7,3,10 Hz,10.0,EXPERIMENTAL,LIGHT,True,,saveTime_2510241620__sessionTime_202510241500__participant_P361__trialN_7__trialT_3__fileType_cropped.png,1,,saveTime_2510241620__sessionTime_202510241500__participant_P361__trialN_7__trialT_3__fileType_cropped.png
P361,202510241500,2510241624,8,1,2.5 Hz,2.5,EXPERIMENTAL,LIGHT,True,,saveTime_2510241624__sessionTime_202510241500__participant_P361__trialN_8__trialT_1__fileType_cropped.png,1,,saveTime_2510241624__sessionTime_202510241500__participant_P361__trialN_8__trialT_1__fileType_cropped.png
P361,202510241500,2510241628,9,1,2.5 Hz,2.5,EXPERIMENTAL,LIGHT,True,,saveTime_2510241628__sessionTime_202510241500__participant_P361__trialN_9__trialT_1__fileType_cropped.png,1,,saveTime_2510241628__sessionTime_202510241500__participant_P361__trialN_9__trialT_1__fileType_cropped.png
P361,202510241500,2510241633,10,3,10 Hz,10.0,EXPERIMENTAL,LIGHT,True,,saveTime_2510241633__sessionTime_202510241500__participant_P361__trialN_10__trialT_3__fileType_cropped.png,1,,saveTime_2510241633__sessionTime_202510241500__participant_P361__trialN_10__trialT_3__fileType_cropped.png
P361,202510241500,2510241636,11,2,5 Hz,5.0,EXPERIMENTAL,LIGHT,True,,saveTime_2510241636__sessionTime_202510241500__participant_P361__trialN_11__trialT_2__fileType_cropped.png,1,,saveTime_2510241636__sessionTime_202510241500__participant_P361__trialN_11__trialT_2__fileType_cropped.png
P361,202510241500,2510241649,12,2,5 Hz,5.0,EXPERIMENTAL,LIGHT,True,,saveTime_2510241649__sessionTime_202510241500__participant_P361__trialN_12__trialT_2__fileType_cropped.png,1,,saveTime_2510241649__sessionTime_202510241500__participant_P361__trialN_12__trialT_2__fileType_cropped.png
P361,202510241500,2510241653,13,6,40 Hz,40.0,EXPERIMENTAL,LIGHT,True,,saveTime_2510241653__sessionTime_202510241500__participant_P361__trialN_13__trialT_6__fileType_cropped.png,1,,saveTime_2510241653__sessionTime_202510241500__participant_P361__trialN_13__trialT_6__fileType_cropped.png
P361,202510241500,2510241657,14,4,15 Hz,15.0,EXPERIMENTAL,LIGHT,True,,saveTime_2510241657__sessionTime_202510241500__participant_P361__trialN_14__trialT_4__fileType_cropped.png,1,,saveTime_2510241657__sessionTime_202510241500__participant_P361__trialN_14__trialT_4__fileType_cropped.png
P361,202510241500,2510241701,15,A12,,,VALIDATION,IMAGE,True,,saveTime_2510241701__sessionTime_202510241500__participant_P361__trialN_15__trialT_A12__fileType_cropped.png,1,,saveTime_2510241701__sessionTime_202510241500__participant_P361__trialN_15__trialT_A12__fileType_cropped.png
P361,202510241500,2510241705,16,6,40 Hz,40.0,EXPERIMENTAL,LIGHT,True,,saveTime_2510241705__sessionTime_202510241500__participant_P361__trialN_16__trialT_6__fileType_cropped.png,1,,saveTime_2510241705__sessionTime_202510241500__participant_P361__trialN_16__trialT_6__fileType_cropped.png
P361,202510241500,2510241709,17,5,20 Hz,20.0,EXPERIMENTAL,LIGHT,True,,saveTime_2510241709__sessionTime_202510241500__participant_P361__trialN_17__trialT_5__fileType_cropped.png,1,,saveTime_2510241709__sessionTime_202510241500__participant_P361__trialN_17__trialT_5__fileType_cropped.png
P362,202510241500,2510241550,2,C07,,,VALIDATION,IMAGE,True,,saveTime_2510241550__sessionTime_202510241500__participant_P362__trialN_2__trialT_C07__fileType_cropped.png,1,,saveTime_2510241550__sessionTime_202510241500__participant_P362__trialN_2__trialT_C07__fileType_cropped.png
P362,202510241500,2510241554,3,4,15 Hz,15.0,EXPERIMENTAL,LIGHT,True,,saveTime_2510241554__sessionTime_202510241500__participant_P362__trialN_3__trialT_4__fileType_cropped.png,1,,saveTime_2510241554__sessionTime_202510241500__participant_P362__trialN_3__trialT_4__fileType_cropped.png
P362,202510241500,2510241557,4,7,80 Hz,80.0,CONTROL,LIGHT,True,,saveTime_2510241557__sessionTime_202510241500__participant_P362__trialN_4__trialT_7__fileType_cropped.png,1,,saveTime_2510241557__sessionTime_202510241500__participant_P362__trialN_4__trialT_7__fileType_cropped.png
P362,202510241500,2510241601,5,B01,,,VALIDATION,IMAGE,True,,saveTime_2510241601__sessionTime_202510241500__participant_P362__trialN_5__trialT_B01__fileType_cropped.png,1,,saveTime_2510241601__sessionTime_202510241500__participant_P362__trialN_5__trialT_B01__fileType_cropped.png
P362,202510241500,2510241616,6,5,20 Hz,20.0,EXPERIMENTAL,LIGHT,True,,saveTime_2510241616__sessionTime_202510241500__participant_P362__trialN_6__trialT_5__fileType_cropped.png,1,,saveTime_2510241616__sessionTime_202510241500__participant_P362__trialN_6__trialT_5__fileType_cropped.png
P362,202510241500,2510241620,7,3,10 Hz,10.0,EXPERIMENTAL,LIGHT,True,,saveTime_2510241620__sessionTime_202510241500__participant_P362__trialN_7__trialT_3__fileType_cropped.png,1,,saveTime_2510241620__sessionTime_202510241500__participant_P362__trialN_7__trialT_3__fileType_cropped.png
P362,202510241500,2510241624,8,1,2.5 Hz,2.5,EXPERIMENTAL,LIGHT,True,,saveTime_2510241624__sessionTime_202510241500__participant_P362__trialN_8__trialT_1__fileType_cropped.png,1,,saveTime_2510241624__sessionTime_202510241500__participant_P362__trialN_8__trialT_1__fileType_cropped.png
P362,202510241500,2510241629,9,1,2.5 Hz,2.5,EXPERIMENTAL,LIGHT,True,,saveTime_2510241629__sessionTime_202510241500__participant_P362__trialN_9__trialT_1__fileType_cropped.png,1,,saveTime_2510241629__sessionTime_202510241500__participant_P362__trialN_9__trialT_1__fileType_cropped.png
P362,202510241500,2510241633,10,3,10 Hz,10.0,EXPERIMENTAL,LIGHT,True,,saveTime_2510241633__sessionTime_202510241500__participant_P362__trialN_10__trialT_3__fileType_cropped.png,1,,saveTime_2510241633__sessionTime_202510241500__participant_P362__trialN_10__trialT_3__fileType_cropped.png
P362,202510241500,2510241636,11,2,5 Hz,5.0,EXPERIMENTAL,LIGHT,True,,saveTime_2510241636__sessionTime_202510241500__participant_P362__trialN_11__trialT_2__fileType_cropped.png,1,,saveTime_2510241636__sessionTime_202510241500__participant_P362__trialN_11__trialT_2__fileType_cropped.png
P362,202510241500,2510241650,12,2,5 Hz,5.0,EXPERIMENTAL,LIGHT,True,,saveTime_2510241650__sessionTime_202510241500__participant_P362__trialN_12__trialT_2__fileType_cropped.png,1,,saveTime_2510241650__sessionTime_202510241500__participant_P362__trialN_12__trialT_2__fileType_cropped.png
P362,202510241500,2510241653,13,6,40 Hz,40.0,EXPERIMENTAL,LIGHT,True,,saveTime_2510241653__sessionTime_202510241500__participant_P362__trialN_13__trialT_6__fileType_cropped.png,1,,saveTime_2510241653__sessionTime_202510241500__participant_P362__trialN_13__trialT_6__fileType_cropped.png
P362,202510241500,2510241657,14,4,15 Hz,15.0,EXPERIMENTAL,LIGHT,True,,saveTime_2510241657__sessionTime_202510241500__participant_P362__trialN_14__trialT_4__fileType_cropped.png,1,,saveTime_2510241657__sessionTime_202510241500__participant_P362__trialN_14__trialT_4__fileType_cropped.png
P362,202510241500,2510241700,15,A05,,,VALIDATION,IMAGE,True,,saveTime_2510241700__sessionTime_202510241500__participant_P362__trialN_15__trialT_A05__fileType_cropped.png,1,,saveTime_2510241700__sessionTime_202510241500__participant_P362__trialN_15__trialT_A05__fileType_cropped.png
P362,202510241500,2510241705,16,6,40 Hz,40.0,EXPERIMENTAL,LIGHT,True,,saveTime_2510241705__sessionTime_202510241500__participant_P362__trialN_16__trialT_6__fileType_cropped.png,1,,saveTime_2510241705__sessionTime_202510241500__participant_P362__trialN_16__trialT_6__fileType_cropped.png
P362,202510241500,2510241708,17,5,20 Hz,20.0,EXPERIMENTAL,LIGHT,True,,saveTime_2510241708__sessionTime_202510241500__participant_P362__trialN_17__trialT_5__fileType_cropped.png,1,,saveTime_2510241708__sessionTime_202510241500__participant_P362__trialN_17__trialT_5__fileType_cropped.png
P363,202510241500,2510241550,2,C07,,,VALIDATION,IMAGE,True,,saveTime_2510241550__sessionTime_202510241500__participant_P363__trialN_2__trialT_C07__fileType_cropped.png,1,,saveTime_2510241550__sessionTime_202510241500__participant_P363__trialN_2__trialT_C07__fileType_cropped.png
P363,202510241500,2510241554,3,4,15 Hz,15.0,EXPERIMENTAL,LIGHT,True,,saveTime_2510241554__sessionTime_202510241500__participant_P363__trialN_3__trialT_4__fileType_cropped.png,1,,saveTime_2510241554__sessionTime_202510241500__participant_P363__trialN_3__trialT_4__fileType_cropped.png
P363,202510241500,2510241558,4,7,80 Hz,80.0,CONTROL,LIGHT,True,,saveTime_2510241558__sessionTime_202510241500__participant_P363__trialN_4__trialT_7__fileType_cropped.png,1,,saveTime_2510241558__sessionTime_202510241500__participant_P363__trialN_4__trialT_7__fileType_cropped.png
P363,202510241500,2510241602,5,B03,,,VALIDATION,IMAGE,True,,saveTime_2510241602__sessionTime_202510241500__participant_P363__trialN_5__trialT_B03__fileType_cropped.png,1,,saveTime_2510241602__sessionTime_202510241500__participant_P363__trialN_5__trialT_B03__fileType_cropped.png
P363,202510241500,2510241616,6,5,20 Hz,20.0,EXPERIMENTAL,LIGHT,True,,saveTime_2510241616__sessionTime_202510241500__participant_P363__trialN_6__trialT_5__fileType_cropped.png,1,,saveTime_2510241616__sessionTime_202510241500__participant_P363__trialN_6__trialT_5__fileType_cropped.png
P363,202510241500,2510241620,7,3,10 Hz,10.0,EXPERIMENTAL,LIGHT,True,,saveTime_2510241620__sessionTime_202510241500__participant_P363__trialN_7__trialT_3__fileType_cropped.png,1,,saveTime_2510241620__sessionTime_202510241500__participant_P363__trialN_7__trialT_3__fileType_cropped.png
P363,202510241500,2510241625,8,1,2.5 Hz,2.5,EXPERIMENTAL,LIGHT,True,,saveTime_2510241625__sessionTime_202510241500__participant_P363__trialN_8__trialT_1__fileType_cropped.png,1,,saveTime_2510241625__sessionTime_202510241500__participant_P363__trialN_8__trialT_1__fileType_cropped.png
P363,202510241500,2510241628,9,1,2.5 Hz,2.5,EXPERIMENTAL,LIGHT,True,,saveTime_2510241628__sessionTime_202510241500__participant_P363__trialN_9__trialT_1__fileType_cropped.png,1,,saveTime_2510241628__sessionTime_202510241500__participant_P363__trialN_9__trialT_1__fileType_cropped.png
P363,202510241500,2510241632,10,3,10 Hz,10.0,EXPERIMENTAL,LIGHT,True,,saveTime_2510241632__sessionTime_202510241500__participant_P363__trialN_10__trialT_3__fileType_cropped.png,1,,saveTime_2510241632__sessionTime_202510241500__participant_P363__trialN_10__trialT_3__fileType_cropped.png
P363,202510241500,2510241636,11,2,5 Hz,5.0,EXPERIMENTAL,LIGHT,True,,saveTime_2510241636__sessionTime_202510241500__participant_P363__trialN_11__trialT_2__fileType_cropped.png,1,,saveTime_2510241636__sessionTime_202510241500__participant_P363__trialN_11__trialT_2__fileType_cropped.png
P363,202510241500,2510241650,12,2,5 Hz,5.0,EXPERIMENTAL,LIGHT,True,,saveTime_2510241650__sessionTime_202510241500__participant_P363__trialN_12__trialT_2__fileType_cropped.png,1,,saveTime_2510241650__sessionTime_202510241500__participant_P363__trialN_12__trialT_2__fileType_cropped.png
P363,202510241500,2510241653,13,6,40 Hz,40.0,EXPERIMENTAL,LIGHT,True,,saveTime_2510241653__sessionTime_202510241500__participant_P363__trialN_13__trialT_6__fileType_cropped.png,1,,saveTime_2510241653__sessionTime_202510241500__participant_P363__trialN_13__trialT_6__fileType_cropped.png
P363,202510241500,2510241657,14,4,15 Hz,15.0,EXPERIMENTAL,LIGHT,True,,saveTime_2510241657__sessionTime_202510241500__participant_P363__trialN_14__trialT_4__fileType_cropped.png,1,,saveTime_2510241657__sessionTime_202510241500__participant_P363__trialN_14__trialT_4__fileType_cropped.png
P363,202510241500,2510241701,15,A06,,,VALIDATION,IMAGE,True,,saveTime_2510241701__sessionTime_202510241500__participant_P363__trialN_15__trialT_A06__fileType_cropped.png,1,,saveTime_2510241701__sessionTime_202510241500__participant_P363__trialN_15__trialT_A06__fileType_cropped.png
P363,202510241500,2510241705,16,6,40 Hz,40.0,EXPERIMENTAL,LIGHT,True,,saveTime_2510241705__sessionTime_202510241500__participant_P363__trialN_16__trialT_6__fileType_cropped.png,1,,saveTime_2510241705__sessionTime_202510241500__participant_P363__trialN_16__trialT_6__fileType_cropped.png
P363,202510241500,2510241709,17,5,20 Hz,20.0,EXPERIMENTAL,LIGHT,True,,saveTime_2510241709__sessionTime_202510241500__participant_P363__trialN_17__trialT_5__fileType_cropped.png,1,,saveTime_2510241709__sessionTime_202510241500__participant_P363__trialN_17__trialT_5__fileType_cropped.png
P364,202510241500,2510241550,2,C09,,,VALIDATION,IMAGE,True,,saveTime_2510241550__sessionTime_202510241500__participant_P364__trialN_2__trialT_C09__fileType_cropped.png,1,,saveTime_2510241550__sessionTime_202510241500__participant_P364__trialN_2__trialT_C09__fileType_cropped.png
P364,202510241500,2510241554,3,4,15 Hz,15.0,EXPERIMENTAL,LIGHT,True,,saveTime_2510241554__sessionTime_202510241500__participant_P364__trialN_3__trialT_4__fileType_cropped.png,1,,saveTime_2510241554__sessionTime_202510241500__participant_P364__trialN_3__trialT_4__fileType_cropped.png
P364,202510241500,2510241558,4,7,80 Hz,80.0,CONTROL,LIGHT,True,,saveTime_2510241558__sessionTime_202510241500__participant_P364__trialN_4__trialT_7__fileType_cropped.png,1,,saveTime_2510241558__sessionTime_202510241500__participant_P364__trialN_4__trialT_7__fileType_cropped.png
P364,202510241500,2510241602,5,B07,,,VALIDATION,IMAGE,True,,saveTime_2510241602__sessionTime_202510241500__participant_P364__trialN_5__trialT_B07__fileType_cropped.png,1,,saveTime_2510241602__sessionTime_202510241500__participant_P364__trialN_5__trialT_B07__fileType_cropped.png
P364,202510241500,2510241616,6,5,20 Hz,20.0,EXPERIMENTAL,LIGHT,True,,saveTime_2510241616__sessionTime_202510241500__participant_P364__trialN_6__trialT_5__fileType_cropped.png,1,,saveTime_2510241616__sessionTime_202510241500__participant_P364__trialN_6__trialT_5__fileType_cropped.png
P364,202510241500,2510241620,7,3,10 Hz,10.0,EXPERIMENTAL,LIGHT,True,,saveTime_2510241620__sessionTime_202510241500__participant_P364__trialN_7__trialT_3__fileType_cropped.png,1,,saveTime_2510241620__sessionTime_202510241500__participant_P364__trialN_7__trialT_3__fileType_cropped.png
P364,202510241500,2510241625,8,1,2.5 Hz,2.5,EXPERIMENTAL,LIGHT,True,,saveTime_2510241625__sessionTime_202510241500__participant_P364__trialN_8__trialT_1__fileType_cropped.png,1,,saveTime_2510241625__sessionTime_202510241500__participant_P364__trialN_8__trialT_1__fileType_cropped.png
P364,202510241500,2510241629,9,1,2.5 Hz,2.5,EXPERIMENTAL,LIGHT,True,,saveTime_2510241629__sessionTime_202510241500__participant_P364__trialN_9__trialT_1__fileType_cropped.png,1,,saveTime_2510241629__sessionTime_202510241500__participant_P364__trialN_9__trialT_1__fileType_cropped.png
P364,202510241500,2510241633,10,3,10 Hz,10.0,EXPERIMENTAL,LIGHT,True,,saveTime_2510241633__sessionTime_202510241500__participant_P364__trialN_10__trialT_3__fileType_cropped.png,1,,saveTime_2510241633__sessionTime_202510241500__participant_P364__trialN_10__trialT_3__fileType_cropped.png
P364,202510241500,2510241637,11,2,5 Hz,5.0,EXPERIMENTAL,LIGHT,True,,saveTime_2510241637__sessionTime_202510241500__participant_P364__trialN_11__trialT_2__fileType_cropped.png,1,,saveTime_2510241637__sessionTime_202510241500__participant_P364__trialN_11__trialT_2__fileType_cropped.png
P364,202510241500,2510241650,12,2,5 Hz,5.0,EXPERIMENTAL,LIGHT,True,,saveTime_2510241650__sessionTime_202510241500__participant_P364__trialN_12__trialT_2__fileType_cropped.png,1,,saveTime_2510241650__sessionTime_202510241500__participant_P364__trialN_12__trialT_2__fileType_cropped.png
P364,202510241500,2510241654,13,6,40 Hz,40.0,EXPERIMENTAL,LIGHT,True,,saveTime_2510241654__sessionTime_202510241500__participant_P364__trialN_13__trialT_6__fileType_cropped.png,1,,saveTime_2510241654__sessionTime_202510241500__participant_P364__trialN_13__trialT_6__fileType_cropped.png
P364,202510241500,2510241657,14,4,15 Hz,15.0,EXPERIMENTAL,LIGHT,True,,saveTime_2510241657__sessionTime_202510241500__participant_P364__trialN_14__trialT_4__fileType_cropped.png,1,,saveTime_2510241657__sessionTime_202510241500__participant_P364__trialN_14__trialT_4__fileType_cropped.png
P364,202510241500,2510241701,15,A11,,,VALIDATION,IMAGE,True,,saveTime_2510241701__sessionTime_202510241500__participant_P364__trialN_15__trialT_A11__fileType_cropped.png,1,,saveTime_2510241701__sessionTime_202510241500__participant_P364__trialN_15__trialT_A11__fileType_cropped.png
P364,202510241500,2510241705,16,6,40 Hz,40.0,EXPERIMENTAL,LIGHT,True,,saveTime_2510241705__sessionTime_202510241500__participant_P364__trialN_16__trialT_6__fileType_cropped.png,1,,saveTime_2510241705__sessionTime_202510241500__participant_P364__trialN_16__trialT_6__fileType_cropped.png
P364,202510241500,2510241709,17,5,20 Hz,20.0,EXPERIMENTAL,LIGHT,True,,saveTime_2510241709__sessionTime_202510241500__participant_P364__trialN_17__trialT_5__fileType_cropped.png,1,,saveTime_2510241709__sessionTime_202510241500__participant_P364__trialN_17__trialT_5__fileType_cropped.png
P365,202510241500,2510241550,2,C04,,,VALIDATION,IMAGE,True,,saveTime_2510241550__sessionTime_202510241500__participant_P365__trialN_2__trialT_C04__fileType_cropped.png,1,,saveTime_2510241550__sessionTime_202510241500__participant_P365__trialN_2__trialT_C04__fileType_cropped.png
P365,202510241500,2510241554,3,4,15 Hz,15.0,EXPERIMENTAL,LIGHT,True,,saveTime_2510241554__sessionTime_202510241500__participant_P365__trialN_3__trialT_4__fileType_cropped.png,1,,saveTime_2510241554__sessionTime_202510241500__participant_P365__trialN_3__trialT_4__fileType_cropped.png
P365,202510241500,2510241558,4,7,80 Hz,80.0,CONTROL,LIGHT,True,,saveTime_2510241558__sessionTime_202510241500__participant_P365__trialN_4__trialT_7__fileType_cropped.png,1,,saveTime_2510241558__sessionTime_202510241500__participant_P365__trialN_4__trialT_7__fileType_cropped.png
P365,202510241500,2510241601,5,B04,,,VALIDATION,IMAGE,True,,saveTime_2510241601__sessionTime_202510241500__participant_P365__trialN_5__trialT_B04__fileType_cropped.png,1,,saveTime_2510241601__sessionTime_202510241500__participant_P365__trialN_5__trialT_B04__fileType_cropped.png
P365,202510241500,2510241615,6,5,20 Hz,20.0,EXPERIMENTAL,LIGHT,True,,saveTime_2510241615__sessionTime_202510241500__participant_P365__trialN_6__trialT_5__fileType_cropped.png,1,,saveTime_2510241615__sessionTime_202510241500__participant_P365__trialN_6__trialT_5__fileType_cropped.png
P365,202510241500,2510241619,7,3,10 Hz,10.0,EXPERIMENTAL,LIGHT,True,,saveTime_2510241619__sessionTime_202510241500__participant_P365__trialN_7__trialT_3__fileType_cropped.png,1,,saveTime_2510241619__sessionTime_202510241500__participant_P365__trialN_7__trialT_3__fileType_cropped.png
P365,202510241500,2510241624,8,1,2.5 Hz,2.5,EXPERIMENTAL,LIGHT,True,,saveTime_2510241624__sessionTime_202510241500__participant_P365__trialN_8__trialT_1__fileType_cropped.png,1,,saveTime_2510241624__sessionTime_202510241500__participant_P365__trialN_8__trialT_1__fileType_cropped.png
P365,202510241500,2510241628,9,1,2.5 Hz,2.5,EXPERIMENTAL,LIGHT,True,,saveTime_2510241628__sessionTime_202510241500__participant_P365__trialN_9__trialT_1__fileType_cropped.png,1,,saveTime_2510241628__sessionTime_202510241500__participant_P365__trialN_9__trialT_1__fileType_cropped.png
P365,202510241500,2510241632,10,3,10 Hz,10.0,EXPERIMENTAL,LIGHT,True,,saveTime_2510241632__sessionTime_202510241500__participant_P365__trialN_10__trialT_3__fileType_cropped.png,1,,saveTime_2510241632__sessionTime_202510241500__participant_P365__trialN_10__trialT_3__fileType_cropped.png
P365,202510241500,2510241636,11,2,5 Hz,5.0,EXPERIMENTAL,LIGHT,True,,saveTime_2510241636__sessionTime_202510241500__participant_P365__trialN_11__trialT_2__fileType_cropped.png,1,,saveTime_2510241636__sessionTime_202510241500__participant_P365__trialN_11__trialT_2__fileType_cropped.png
P365,202510241500,2510241649,12,2,5 Hz,5.0,EXPERIMENTAL,LIGHT,True,,saveTime_2510241649__sessionTime_202510241500__participant_P365__trialN_12__trialT_2__fileType_cropped.png,1,,saveTime_2510241649__sessionTime_202510241500__participant_P365__trialN_12__trialT_2__fileType_cropped.png
P365,202510241500,2510241653,13,6,40 Hz,40.0,EXPERIMENTAL,LIGHT,True,,saveTime_2510241653__sessionTime_202510241500__participant_P365__trialN_13__trialT_6__fileType_cropped.png,1,,saveTime_2510241653__sessionTime_202510241500__participant_P365__trialN_13__trialT_6__fileType_cropped.png
P365,202510241500,2510241657,14,4,15 Hz,15.0,EXPERIMENTAL,LIGHT,True,,saveTime_2510241657__sessionTime_202510241500__participant_P365__trialN_14__trialT_4__fileType_cropped.png,1,,saveTime_2510241657__sessionTime_202510241500__participant_P365__trialN_14__trialT_4__fileType_cropped.png
P365,202510241500,2510241700,15,A05,,,VALIDATION,IMAGE,True,,saveTime_2510241700__sessionTime_202510241500__participant_P365__trialN_15__trialT_A05__fileType_cropped.png,1,,saveTime_2510241700__sessionTime_202510241500__participant_P365__trialN_15__trialT_A05__fileType_cropped.png
P365,202510241500,2510241704,16,6,40 Hz,40.0,EXPERIMENTAL,LIGHT,True,,saveTime_2510241704__sessionTime_202510241500__participant_P365__trialN_16__trialT_6__fileType_cropped.png,1,,saveTime_2510241704__sessionTime_202510241500__participant_P365__trialN_16__trialT_6__fileType_cropped.png
P365,202510241500,2510241708,17,5,20 Hz,20.0,EXPERIMENTAL,LIGHT,True,,saveTime_2510241708__sessionTime_202510241500__participant_P365__trialN_17__trialT_5__fileType_cropped.png,1,,saveTime_2510241708__sessionTime_202510241500__participant_P365__trialN_17__trialT_5__fileType_cropped.png
P366,202510241700,2510241749,2,2,5 Hz,5.0,EXPERIMENTAL,LIGHT,True,,saveTime_2510241749__sessionTime_202510241700__participant_P366__trialN_2__trialT_2__fileType_cropped.png,1,,saveTime_2510241749__sessionTime_202510241700__participant_P366__trialN_2__trialT_2__fileType_cropped.png
P366,202510241700,2510241754,3,C10,,,VALIDATION,IMAGE,True,,saveTime_2510241754__sessionTime_202510241700__participant_P366__trialN_3__trialT_C10__fileType_cropped.png,1,,saveTime_2510241754__sessionTime_202510241700__participant_P366__trialN_3__trialT_C10__fileType_cropped.png
P366,202510241700,2510241759,4,4,15 Hz,15.0,EXPERIMENTAL,LIGHT,True,,saveTime_2510241759__sessionTime_202510241700__participant_P366__trialN_4__trialT_4__fileType_cropped.png,1,,saveTime_2510241759__sessionTime_202510241700__participant_P366__trialN_4__trialT_4__fileType_cropped.png
P366,202510241700,2510241803,5,B01,,,VALIDATION,IMAGE,True,,saveTime_2510241803__sessionTime_202510241700__participant_P366__trialN_5__trialT_B01__fileType_cropped.png,1,,saveTime_2510241803__sessionTime_202510241700__participant_P366__trialN_5__trialT_B01__fileType_cropped.png
P366,202510241700,2510241815,6,5,20 Hz,20.0,EXPERIMENTAL,LIGHT,True,,saveTime_2510241815__sessionTime_202510241700__participant_P366__trialN_6__trialT_5__fileType_cropped.png,1,,saveTime_2510241815__sessionTime_202510241700__participant_P366__trialN_6__trialT_5__fileType_cropped.png
P366,202510241700,2510241819,7,5,20 Hz,20.0,EXPERIMENTAL,LIGHT,True,,saveTime_2510241819__sessionTime_202510241700__participant_P366__trialN_7__trialT_5__fileType_cropped.png,1,,saveTime_2510241819__sessionTime_202510241700__participant_P366__trialN_7__trialT_5__fileType_cropped.png
P366,202510241700,2510241823,8,2,5 Hz,5.0,EXPERIMENTAL,LIGHT,True,,saveTime_2510241823__sessionTime_202510241700__participant_P366__trialN_8__trialT_2__fileType_cropped.png,1,,saveTime_2510241823__sessionTime_202510241700__participant_P366__trialN_8__trialT_2__fileType_cropped.png
P366,202510241700,2510241827,9,6,40 Hz,40.0,EXPERIMENTAL,LIGHT,True,,saveTime_2510241827__sessionTime_202510241700__participant_P366__trialN_9__trialT_6__fileType_cropped.png,1,,saveTime_2510241827__sessionTime_202510241700__participant_P366__trialN_9__trialT_6__fileType_cropped.png
P366,202510241700,2510241831,10,1,2.5 Hz,2.5,EXPERIMENTAL,LIGHT,True,,saveTime_2510241831__sessionTime_202510241700__participant_P366__trialN_10__trialT_1__fileType_cropped.png,1,,saveTime_2510241831__sessionTime_202510241700__participant_P366__trialN_10__trialT_1__fileType_cropped.png
P366,202510241700,2510241835,11,7,80 Hz,80.0,CONTROL,LIGHT,True,,saveTime_2510241835__sessionTime_202510241700__participant_P366__trialN_11__trialT_7__fileType_cropped.png,1,,saveTime_2510241835__sessionTime_202510241700__participant_P366__trialN_11__trialT_7__fileType_cropped.png
P366,202510241700,2510241850,12,6,40 Hz,40.0,EXPERIMENTAL,LIGHT,True,,saveTime_2510241850__sessionTime_202510241700__participant_P366__trialN_12__trialT_6__fileType_cropped.png,1,,saveTime_2510241850__sessionTime_202510241700__participant_P366__trialN_12__trialT_6__fileType_cropped.png
P366,202510241700,2510241854,13,3,10 Hz,10.0,EXPERIMENTAL,LIGHT,True,,saveTime_2510241854__sessionTime_202510241700__participant_P366__trialN_13__trialT_3__fileType_cropped.png,1,,saveTime_2510241854__sessionTime_202510241700__participant_P366__trialN_13__trialT_3__fileType_cropped.png
P366,202510241700,2510241858,14,1,2.5 Hz,2.5,EXPERIMENTAL,LIGHT,True,,saveTime_2510241858__sessionTime_202510241700__participant_P366__trialN_14__trialT_1__fileType_cropped.png,1,,saveTime_2510241858__sessionTime_202510241700__participant_P366__trialN_14__trialT_1__fileType_cropped.png
P366,202510241700,2510241903,15,4,15 Hz,15.0,EXPERIMENTAL,LIGHT,True,,saveTime_2510241903__sessionTime_202510241700__participant_P366__trialN_15__trialT_4__fileType_cropped.png,1,,saveTime_2510241903__sessionTime_202510241700__participant_P366__trialN_15__trialT_4__fileType_cropped.png
P366,202510241700,2510241907,16,3,10 Hz,10.0,EXPERIMENTAL,LIGHT,True,,saveTime_2510241907__sessionTime_202510241700__participant_P366__trialN_16__trialT_3__fileType_cropped.png,1,,saveTime_2510241907__sessionTime_202510241700__participant_P366__trialN_16__trialT_3__fileType_cropped.png
P366,202510241700,2510241909,17,A14,,,VALIDATION,IMAGE,True,,saveTime_2510241909__sessionTime_202510241700__participant_P366__trialN_17__trialT_A14__fileType_cropped.png,1,,saveTime_2510241909__sessionTime_202510241700__participant_P366__trialN_17__trialT_A14__fileType_cropped.png
P367,202510241700,2510241750,2,2,5 Hz,5.0,EXPERIMENTAL,LIGHT,True,,saveTime_2510241750__sessionTime_202510241700__participant_P367__trialN_2__trialT_2__fileType_cropped.png,1,,saveTime_2510241750__sessionTime_202510241700__participant_P367__trialN_2__trialT_2__fileType_cropped.png
P367,202510241700,2510241754,3,C00,,,VALIDATION,IMAGE,True,,saveTime_2510241754__sessionTime_202510241700__participant_P367__trialN_3__trialT_C00__fileType_cropped.png,1,,saveTime_2510241754__sessionTime_202510241700__participant_P367__trialN_3__trialT_C00__fileType_cropped.png
P367,202510241700,2510241759,4,4,15 Hz,15.0,EXPERIMENTAL,LIGHT,True,,saveTime_2510241759__sessionTime_202510241700__participant_P367__trialN_4__trialT_4__fileType_cropped.png,1,,saveTime_2510241759__sessionTime_202510241700__participant_P367__trialN_4__trialT_4__fileType_cropped.png
P367,202510241700,2510241803,5,B03,,,VALIDATION,IMAGE,True,,saveTime_2510241803__sessionTime_202510241700__participant_P367__trialN_5__trialT_B03__fileType_cropped.png,1,,saveTime_2510241803__sessionTime_202510241700__participant_P367__trialN_5__trialT_B03__fileType_cropped.png
P367,202510241700,2510241815,6,5,20 Hz,20.0,EXPERIMENTAL,LIGHT,True,,saveTime_2510241815__sessionTime_202510241700__participant_P367__trialN_6__trialT_5__fileType_cropped.png,1,,saveTime_2510241815__sessionTime_202510241700__participant_P367__trialN_6__trialT_5__fileType_cropped.png
P367,202510241700,2510241820,7,5,20 Hz,20.0,EXPERIMENTAL,LIGHT,True,,saveTime_2510241820__sessionTime_202510241700__participant_P367__trialN_7__trialT_5__fileType_cropped.png,1,,saveTime_2510241820__sessionTime_202510241700__participant_P367__trialN_7__trialT_5__fileType_cropped.png
P367,202510241700,2510241823,8,2,5 Hz,5.0,EXPERIMENTAL,LIGHT,True,,saveTime_2510241823__sessionTime_202510241700__participant_P367__trialN_8__trialT_2__fileType_cropped.png,1,,saveTime_2510241823__sessionTime_202510241700__participant_P367__trialN_8__trialT_2__fileType_cropped.png
P367,202510241700,2510241827,9,6,40 Hz,40.0,EXPERIMENTAL,LIGHT,True,,saveTime_2510241827__sessionTime_202510241700__participant_P367__trialN_9__trialT_6__fileType_cropped.png,1,,saveTime_2510241827__sessionTime_202510241700__participant_P367__trialN_9__trialT_6__fileType_cropped.png
P367,202510241700,2510241831,10,1,2.5 Hz,2.5,EXPERIMENTAL,LIGHT,True,,saveTime_2510241831__sessionTime_202510241700__participant_P367__trialN_10__trialT_1__fileType_cropped.png,1,,saveTime_2510241831__sessionTime_202510241700__participant_P367__trialN_10__trialT_1__fileType_cropped.png
P367,202510241700,2510241835,11,7,80 Hz,80.0,CONTROL,LIGHT,True,,saveTime_2510241835__sessionTime_202510241700__participant_P367__trialN_11__trialT_7__fileType_cropped.png,1,,saveTime_2510241835__sessionTime_202510241700__participant_P367__trialN_11__trialT_7__fileType_cropped.png
P367,202510241700,2510241845,12,A05,,,VALIDATION,IMAGE,True,,saveTime_2510241845__sessionTime_202510241700__participant_P367__trialN_12__trialT_A05__fileType_cropped.png,1,,saveTime_2510241845__sessionTime_202510241700__participant_P367__trialN_12__trialT_A05__fileType_cropped.png
P367,202510241700,2510241850,13,6,40 Hz,40.0,EXPERIMENTAL,LIGHT,True,,saveTime_2510241850__sessionTime_202510241700__participant_P367__trialN_13__trialT_6__fileType_cropped.png,1,,saveTime_2510241850__sessionTime_202510241700__participant_P367__trialN_13__trialT_6__fileType_cropped.png
P367,202510241700,2510241854,14,3,10 Hz,10.0,EXPERIMENTAL,LIGHT,True,,saveTime_2510241854__sessionTime_202510241700__participant_P367__trialN_14__trialT_3__fileType_cropped.png,1,,saveTime_2510241854__sessionTime_202510241700__participant_P367__trialN_14__trialT_3__fileType_cropped.png
P367,202510241700,2510241858,15,1,2.5 Hz,2.5,EXPERIMENTAL,LIGHT,True,,saveTime_2510241858__sessionTime_202510241700__participant_P367__trialN_15__trialT_1__fileType_cropped.png,1,,saveTime_2510241858__sessionTime_202510241700__participant_P367__trialN_15__trialT_1__fileType_cropped.png
P367,202510241700,2510241901,16,4,15 Hz,15.0,EXPERIMENTAL,LIGHT,True,,saveTime_2510241901__sessionTime_202510241700__participant_P367__trialN_16__trialT_4__fileType_cropped.png,1,,saveTime_2510241901__sessionTime_202510241700__participant_P367__trialN_16__trialT_4__fileType_cropped.png
P367,202510241700,2510241905,17,3,10 Hz,10.0,EXPERIMENTAL,LIGHT,True,,saveTime_2510241905__sessionTime_202510241700__participant_P367__trialN_17__trialT_3__fileType_cropped.png,1,,saveTime_2510241905__sessionTime_202510241700__participant_P367__trialN_17__trialT_3__fileType_cropped.png
P368,202510241700,2510241808,1,C00,,,VALIDATION,IMAGE,True,,saveTime_2510241808__sessionTime_202510241700__participant_P368__trialN_1__trialT_C00__fileType_cropped.png,1,,saveTime_2510241808__sessionTime_202510241700__participant_P368__trialN_1__trialT_C00__fileType_cropped.png
P368,202510241700,2510241750,2,2,5 Hz,5.0,EXPERIMENTAL,LIGHT,True,,saveTime_2510241750__sessionTime_202510241700__participant_P368__trialN_2__trialT_2__fileType_cropped.png,1,,saveTime_2510241750__sessionTime_202510241700__participant_P368__trialN_2__trialT_2__fileType_cropped.png
P368,202510241700,2510241759,4,4,15 Hz,15.0,EXPERIMENTAL,LIGHT,True,,saveTime_2510241759__sessionTime_202510241700__participant_P368__trialN_4__trialT_4__fileType_cropped.png,1,,saveTime_2510241759__sessionTime_202510241700__participant_P368__trialN_4__trialT_4__fileType_cropped.png
P368,202510241700,2510241803,5,B10,,,VALIDATION,IMAGE,True,,saveTime_2510241803__sessionTime_202510241700__participant_P368__trialN_5__trialT_B10__fileType_cropped.png,1,,saveTime_2510241803__sessionTime_202510241700__participant_P368__trialN_5__trialT_B10__fileType_cropped.png
P368,202510241700,2510241815,6,5,20 Hz,20.0,EXPERIMENTAL,LIGHT,True,,saveTime_2510241815__sessionTime_202510241700__participant_P368__trialN_6__trialT_5__fileType_cropped.png,1,,saveTime_2510241815__sessionTime_202510241700__participant_P368__trialN_6__trialT_5__fileType_cropped.png
P368,202510241700,2510241819,7,5,20 Hz,20.0,EXPERIMENTAL,LIGHT,True,,saveTime_2510241819__sessionTime_202510241700__participant_P368__trialN_7__trialT_5__fileType_cropped.png,1,,saveTime_2510241819__sessionTime_202510241700__participant_P368__trialN_7__trialT_5__fileType_cropped.png
P368,202510241700,2510241823,8,2,5 Hz,5.0,EXPERIMENTAL,LIGHT,True,,saveTime_2510241823__sessionTime_202510241700__participant_P368__trialN_8__trialT_2__fileType_cropped.png,1,,saveTime_2510241823__sessionTime_202510241700__participant_P368__trialN_8__trialT_2__fileType_cropped.png
P368,202510241700,2510241826,9,6,40 Hz,40.0,EXPERIMENTAL,LIGHT,True,,saveTime_2510241826__sessionTime_202510241700__participant_P368__trialN_9__trialT_6__fileType_cropped.png,1,,saveTime_2510241826__sessionTime_202510241700__participant_P368__trialN_9__trialT_6__fileType_cropped.png
P368,202510241700,2510241831,10,1,2.5 Hz,2.5,EXPERIMENTAL,LIGHT,True,,saveTime_2510241831__sessionTime_202510241700__participant_P368__trialN_10__trialT_1__fileType_cropped.png,1,,saveTime_2510241831__sessionTime_202510241700__participant_P368__trialN_10__trialT_1__fileType_cropped.png
P368,202510241700,2510241834,11,7,80 Hz,80.0,CONTROL,LIGHT,True,,saveTime_2510241834__sessionTime_202510241700__participant_P368__trialN_11__trialT_7__fileType_cropped.png,1,,saveTime_2510241834__sessionTime_202510241700__participant_P368__trialN_11__trialT_7__fileType_cropped.png
P368,202510241700,2510241845,12,A06,,,VALIDATION,IMAGE,True,,saveTime_2510241845__sessionTime_202510241700__participant_P368__trialN_12__trialT_A06__fileType_cropped.png,1,,saveTime_2510241845__sessionTime_202510241700__participant_P368__trialN_12__trialT_A06__fileType_cropped.png
P368,202510241700,2510241850,13,6,40 Hz,40.0,EXPERIMENTAL,LIGHT,True,,saveTime_2510241850__sessionTime_202510241700__participant_P368__trialN_13__trialT_6__fileType_cropped.png,1,,saveTime_2510241850__sessionTime_202510241700__participant_P368__trialN_13__trialT_6__fileType_cropped.png
P368,202510241700,2510241854,14,3,10 Hz,10.0,EXPERIMENTAL,LIGHT,True,,saveTime_2510241854__sessionTime_202510241700__participant_P368__trialN_14__trialT_3__fileType_cropped.png,1,,saveTime_2510241854__sessionTime_202510241700__participant_P368__trialN_14__trialT_3__fileType_cropped.png
P368,202510241700,2510241857,15,1,2.5 Hz,2.5,EXPERIMENTAL,LIGHT,True,,saveTime_2510241857__sessionTime_202510241700__participant_P368__trialN_15__trialT_1__fileType_cropped.png,1,,saveTime_2510241857__sessionTime_202510241700__participant_P368__trialN_15__trialT_1__fileType_cropped.png
P368,202510241700,2510241903,16,4,15 Hz,15.0,EXPERIMENTAL,LIGHT,True,,saveTime_2510241903__sessionTime_202510241700__participant_P368__trialN_16__trialT_4__fileType_cropped.png,1,,saveTime_2510241903__sessionTime_202510241700__participant_P368__trialN_16__trialT_4__fileType_cropped.png
P368,202510241700,2510241906,17,3,10 Hz,10.0,EXPERIMENTAL,LIGHT,True,,saveTime_2510241906__sessionTime_202510241700__participant_P368__trialN_17__trialT_3__fileType_cropped.png,1,,saveTime_2510241906__sessionTime_202510241700__participant_P368__trialN_17__trialT_3__fileType_cropped.png
P369,202510241700,2510241750,2,2,5 Hz,5.0,EXPERIMENTAL,LIGHT,True,,saveTime_2510241750__sessionTime_202510241700__participant_P369__trialN_2__trialT_2__fileType_cropped.png,1,,saveTime_2510241750__sessionTime_202510241700__participant_P369__trialN_2__trialT_2__fileType_cropped.png
P369,202510241700,2510241754,3,C12,,,VALIDATION,IMAGE,True,,saveTime_2510241754__sessionTime_202510241700__participant_P369__trialN_3__trialT_C12__fileType_cropped.png,1,,saveTime_2510241754__sessionTime_202510241700__participant_P369__trialN_3__trialT_C12__fileType_cropped.png
P369,202510241700,2510241800,4,4,15 Hz,15.0,EXPERIMENTAL,LIGHT,True,,saveTime_2510241800__sessionTime_202510241700__participant_P369__trialN_4__trialT_4__fileType_cropped.png,1,,saveTime_2510241800__sessionTime_202510241700__participant_P369__trialN_4__trialT_4__fileType_cropped.png
P369,202510241700,2510241803,5,B01,,,VALIDATION,IMAGE,True,,saveTime_2510241803__sessionTime_202510241700__participant_P369__trialN_5__trialT_B01__fileType_cropped.png,1,,saveTime_2510241803__sessionTime_202510241700__participant_P369__trialN_5__trialT_B01__fileType_cropped.png
P369,202510241700,2510241816,6,5,20 Hz,20.0,EXPERIMENTAL,LIGHT,True,,saveTime_2510241816__sessionTime_202510241700__participant_P369__trialN_6__trialT_5__fileType_cropped.png,1,,saveTime_2510241816__sessionTime_202510241700__participant_P369__trialN_6__trialT_5__fileType_cropped.png
P369,202510241700,2510241819,7,5,20 Hz,20.0,EXPERIMENTAL,LIGHT,True,,saveTime_2510241819__sessionTime_202510241700__participant_P369__trialN_7__trialT_5__fileType_cropped.png,1,,saveTime_2510241819__sessionTime_202510241700__participant_P369__trialN_7__trialT_5__fileType_cropped.png
P369,202510241700,2510241823,8,2,5 Hz,5.0,EXPERIMENTAL,LIGHT,True,,saveTime_2510241823__sessionTime_202510241700__participant_P369__trialN_8__trialT_2__fileType_cropped.png,1,,saveTime_2510241823__sessionTime_202510241700__participant_P369__trialN_8__trialT_2__fileType_cropped.png
P369,202510241700,2510241828,9,6,40 Hz,40.0,EXPERIMENTAL,LIGHT,True,,saveTime_2510241828__sessionTime_202510241700__participant_P369__trialN_9__trialT_6__fileType_cropped.png,1,,saveTime_2510241828__sessionTime_202510241700__participant_P369__trialN_9__trialT_6__fileType_cropped.png
P369,202510241700,2510241831,10,1,2.5 Hz,2.5,EXPERIMENTAL,LIGHT,True,,saveTime_2510241831__sessionTime_202510241700__participant_P369__trialN_10__trialT_1__fileType_cropped.png,1,,saveTime_2510241831__sessionTime_202510241700__participant_P369__trialN_10__trialT_1__fileType_cropped.png
P369,202510241700,2510241835,11,7,80 Hz,80.0,CONTROL,LIGHT,True,,saveTime_2510241835__sessionTime_202510241700__participant_P369__trialN_11__trialT_7__fileType_cropped.png,1,,saveTime_2510241835__sessionTime_202510241700__participant_P369__trialN_11__trialT_7__fileType_cropped.png
P369,202510241700,2510241846,12,A01,,,VALIDATION,IMAGE,True,,saveTime_2510241846__sessionTime_202510241700__participant_P369__trialN_12__trialT_A01__fileType_cropped.png,1,,saveTime_2510241846__sessionTime_202510241700__participant_P369__trialN_12__trialT_A01__fileType_cropped.png
P369,202510241700,2510241851,13,6,40 Hz,40.0,EXPERIMENTAL,LIGHT,True,,saveTime_2510241851__sessionTime_202510241700__participant_P369__trialN_13__trialT_6__fileType_cropped.png,1,,saveTime_2510241851__sessionTime_202510241700__participant_P369__trialN_13__trialT_6__fileType_cropped.png
P369,202510241700,2510241854,14,3,10 Hz,10.0,EXPERIMENTAL,LIGHT,True,,saveTime_2510241854__sessionTime_202510241700__participant_P369__trialN_14__trialT_3__fileType_cropped.png,1,,saveTime_2510241854__sessionTime_202510241700__participant_P369__trialN_14__trialT_3__fileType_cropped.png
P369,202510241700,2510241858,15,1,2.5 Hz,2.5,EXPERIMENTAL,LIGHT,True,,saveTime_2510241858__sessionTime_202510241700__participant_P369__trialN_15__trialT_1__fileType_cropped.png,1,,saveTime_2510241858__sessionTime_202510241700__participant_P369__trialN_15__trialT_1__fileType_cropped.png
P369,202510241700,2510241902,16,4,15 Hz,15.0,EXPERIMENTAL,LIGHT,True,,saveTime_2510241902__sessionTime_202510241700__participant_P369__trialN_16__trialT_4__fileType_cropped.png,1,,saveTime_2510241902__sessionTime_202510241700__participant_P369__trialN_16__trialT_4__fileType_cropped.png
P369,202510241700,2510241907,17,3,10 Hz,10.0,EXPERIMENTAL,LIGHT,True,,saveTime_2510241907__sessionTime_202510241700__participant_P369__trialN_17__trialT_3__fileType_cropped.png,1,,saveTime_2510241907__sessionTime_202510241700__participant_P369__trialN_17__trialT_3__fileType_cropped.png
P370,202510241700,2510241750,2,2,5 Hz,5.0,EXPERIMENTAL,LIGHT,True,,saveTime_2510241750__sessionTime_202510241700__participant_P370__trialN_2__trialT_2__fileType_cropped.png,1,,saveTime_2510241750__sessionTime_202510241700__participant_P370__trialN_2__trialT_2__fileType_cropped.png
P370,202510241700,2510241754,3,C01,,,VALIDATION,IMAGE,True,,saveTime_2510241754__sessionTime_202510241700__participant_P370__trialN_3__trialT_C01__fileType_cropped.png,1,,saveTime_2510241754__sessionTime_202510241700__participant_P370__trialN_3__trialT_C01__fileType_cropped.png
P370,202510241700,2510241759,4,4,15 Hz,15.0,EXPERIMENTAL,LIGHT,True,,saveTime_2510241759__sessionTime_202510241700__participant_P370__trialN_4__trialT_4__fileType_cropped.png,1,,saveTime_2510241759__sessionTime_202510241700__participant_P370__trialN_4__trialT_4__fileType_cropped.png
P370,202510241700,2510241802,5,B06,,,VALIDATION,IMAGE,True,,saveTime_2510241802__sessionTime_202510241700__participant_P370__trialN_5__trialT_B06__fileType_cropped.png,1,,saveTime_2510241802__sessionTime_202510241700__participant_P370__trialN_5__trialT_B06__fileType_cropped.png
P370,202510241700,2510241816,6,5,20 Hz,20.0,EXPERIMENTAL,LIGHT,True,,saveTime_2510241816__sessionTime_202510241700__participant_P370__trialN_6__trialT_5__fileType_cropped.png,1,,saveTime_2510241816__sessionTime_202510241700__participant_P370__trialN_6__trialT_5__fileType_cropped.png
P370,202510241700,2510241820,7,5,20 Hz,20.0,EXPERIMENTAL,LIGHT,True,,saveTime_2510241820__sessionTime_202510241700__participant_P370__trialN_7__trialT_5__fileType_cropped.png,1,,saveTime_2510241820__sessionTime_202510241700__participant_P370__trialN_7__trialT_5__fileType_cropped.png
P370,202510241700,2510241824,8,2,5 Hz,5.0,EXPERIMENTAL,LIGHT,True,,saveTime_2510241824__sessionTime_202510241700__participant_P370__trialN_8__trialT_2__fileType_cropped.png,1,,saveTime_2510241824__sessionTime_202510241700__participant_P370__trialN_8__trialT_2__fileType_cropped.png
P370,202510241700,2510241826,9,6,40 Hz,40.0,EXPERIMENTAL,LIGHT,True,,saveTime_2510241826__sessionTime_202510241700__participant_P370__trialN_9__trialT_6__fileType_cropped.png,1,,saveTime_2510241826__sessionTime_202510241700__participant_P370__trialN_9__trialT_6__fileType_cropped.png
P370,202510241700,2510241831,10,1,2.5 Hz,2.5,EXPERIMENTAL,LIGHT,True,,saveTime_2510241831__sessionTime_202510241700__participant_P370__trialN_10__trialT_1__fileType_cropped.png,1,,saveTime_2510241831__sessionTime_202510241700__participant_P370__trialN_10__trialT_1__fileType_cropped.png
P370,202510241700,2510241834,11,7,80 Hz,80.0,CONTROL,LIGHT,True,,saveTime_2510241834__sessionTime_202510241700__participant_P370__trialN_11__trialT_7__fileType_cropped.png,1,,saveTime_2510241834__sessionTime_202510241700__participant_P370__trialN_11__trialT_7__fileType_cropped.png
P370,202510241700,2510241845,12,A08,,,VALIDATION,IMAGE,True,,saveTime_2510241845__sessionTime_202510241700__participant_P370__trialN_12__trialT_A08__fileType_cropped.png,1,,saveTime_2510241845__sessionTime_202510241700__participant_P370__trialN_12__trialT_A08__fileType_cropped.png
P370,202510241700,2510241849,13,6,40 Hz,40.0,EXPERIMENTAL,LIGHT,True,,saveTime_2510241849__sessionTime_202510241700__participant_P370__trialN_13__trialT_6__fileType_cropped.png,1,,saveTime_2510241849__sessionTime_202510241700__participant_P370__trialN_13__trialT_6__fileType_cropped.png
P370,202510241700,2510241855,14,3,10 Hz,10.0,EXPERIMENTAL,LIGHT,True,,saveTime_2510241855__sessionTime_202510241700__participant_P370__trialN_14__trialT_3__fileType_cropped.png,1,,saveTime_2510241855__sessionTime_202510241700__participant_P370__trialN_14__trialT_3__fileType_cropped.png
P370,202510241700,2510241857,15,1,2.5 Hz,2.5,EXPERIMENTAL,LIGHT,True,,saveTime_2510241857__sessionTime_202510241700__participant_P370__trialN_15__trialT_1__fileType_cropped.png,1,,saveTime_2510241857__sessionTime_202510241700__participant_P370__trialN_15__trialT_1__fileType_cropped.png
P370,202510241700,2510241902,16,4,15 Hz,15.0,EXPERIMENTAL,LIGHT,True,,saveTime_2510241902__sessionTime_202510241700__participant_P370__trialN_16__trialT_4__fileType_cropped.png,1,,saveTime_2510241902__sessionTime_202510241700__participant_P370__trialN_16__trialT_4__fileType_cropped.png
P370,202510241700,2510241906,17,3,10 Hz,10.0,EXPERIMENTAL,LIGHT,True,,saveTime_2510241906__sessionTime_202510241700__participant_P370__trialN_17__trialT_3__fileType_cropped.png,1,,saveTime_2510241906__sessionTime_202510241700__participant_P370__trialN_17__trialT_3__fileType_cropped.png
P371,202510241700,2510241750,2,2,5 Hz,5.0,EXPERIMENTAL,LIGHT,True,,saveTime_2510241750__sessionTime_202510241700__participant_P371__trialN_2__trialT_2__fileType_cropped.png,1,,saveTime_2510241750__sessionTime_202510241700__participant_P371__trialN_2__trialT_2__fileType_cropped.png
P371,202510241700,2510241754,3,C02,,,VALIDATION,IMAGE,True,,saveTime_2510241754__sessionTime_202510241700__participant_P371__trialN_3__trialT_C02__fileType_cropped.png,1,,saveTime_2510241754__sessionTime_202510241700__participant_P371__trialN_3__trialT_C02__fileType_cropped.png
P371,202510241700,2510241800,4,4,15 Hz,15.0,EXPERIMENTAL,LIGHT,True,,saveTime_2510241800__sessionTime_202510241700__participant_P371__trialN_4__trialT_4__fileType_cropped.png,1,,saveTime_2510241800__sessionTime_202510241700__participant_P371__trialN_4__trialT_4__fileType_cropped.png
P371,202510241700,2510241803,5,B08,,,VALIDATION,IMAGE,True,,saveTime_2510241803__sessionTime_202510241700__participant_P371__trialN_5__trialT_B08__fileType_cropped.png,1,,saveTime_2510241803__sessionTime_202510241700__participant_P371__trialN_5__trialT_B08__fileType_cropped.png
P371,202510241700,2510241816,6,5,20 Hz,20.0,EXPERIMENTAL,LIGHT,True,,saveTime_2510241816__sessionTime_202510241700__participant_P371__trialN_6__trialT_5__fileType_cropped.png,1,,saveTime_2510241816__sessionTime_202510241700__participant_P371__trialN_6__trialT_5__fileType_cropped.png
P371,202510241700,2510241820,7,5,20 Hz,20.0,EXPERIMENTAL,LIGHT,True,,saveTime_2510241820__sessionTime_202510241700__participant_P371__trialN_7__trialT_5__fileType_cropped.png,1,,saveTime_2510241820__sessionTime_202510241700__participant_P371__trialN_7__trialT_5__fileType_cropped.png
P371,202510241700,2510241823,8,2,5 Hz,5.0,EXPERIMENTAL,LIGHT,True,,saveTime_2510241823__sessionTime_202510241700__participant_P371__trialN_8__trialT_2__fileType_cropped.png,1,,saveTime_2510241823__sessionTime_202510241700__participant_P371__trialN_8__trialT_2__fileType_cropped.png
P371,202510241700,2510241828,9,6,40 Hz,40.0,EXPERIMENTAL,LIGHT,True,,saveTime_2510241828__sessionTime_202510241700__participant_P371__trialN_9__trialT_6__fileType_cropped.png,1,,saveTime_2510241828__sessionTime_202510241700__participant_P371__trialN_9__trialT_6__fileType_cropped.png
P371,202510241700,2510241831,10,1,2.5 Hz,2.5,EXPERIMENTAL,LIGHT,True,,saveTime_2510241831__sessionTime_202510241700__participant_P371__trialN_10__trialT_1__fileType_cropped.png,1,,saveTime_2510241831__sessionTime_202510241700__participant_P371__trialN_10__trialT_1__fileType_cropped.png
P371,202510241700,2510241834,11,7,80 Hz,80.0,CONTROL,LIGHT,True,,saveTime_2510241834__sessionTime_202510241700__participant_P371__trialN_11__trialT_7__fileType_cropped.png,1,,saveTime_2510241834__sessionTime_202510241700__participant_P371__trialN_11__trialT_7__fileType_cropped.png
P371,202510241700,2510241846,12,A03,,,VALIDATION,IMAGE,True,,saveTime_2510241846__sessionTime_202510241700__participant_P371__trialN_12__trialT_A03__fileType_cropped.png,1,,saveTime_2510241846__sessionTime_202510241700__participant_P371__trialN_12__trialT_A03__fileType_cropped.png
P371,202510241700,2510241850,13,6,40 Hz,40.0,EXPERIMENTAL,LIGHT,True,,saveTime_2510241850__sessionTime_202510241700__participant_P371__trialN_13__trialT_6__fileType_cropped.png,1,,saveTime_2510241850__sessionTime_202510241700__participant_P371__trialN_13__trialT_6__fileType_cropped.png
P371,202510241700,2510241855,14,3,10 Hz,10.0,EXPERIMENTAL,LIGHT,True,,saveTime_2510241855__sessionTime_202510241700__participant_P371__trialN_14__trialT_3__fileType_cropped.png,1,,saveTime_2510241855__sessionTime_202510241700__participant_P371__trialN_14__trialT_3__fileType_cropped.png
P371,202510241700,2510241858,15,1,2.5 Hz,2.5,EXPERIMENTAL,LIGHT,True,,saveTime_2510241858__sessionTime_202510241700__participant_P371__trialN_15__trialT_1__fileType_cropped.png,1,,saveTime_2510241858__sessionTime_202510241700__participant_P371__trialN_15__trialT_1__fileType_cropped.png
P371,202510241700,2510241903,16,4,15 Hz,15.0,EXPERIMENTAL,LIGHT,True,,saveTime_2510241903__sessionTime_202510241700__participant_P371__trialN_16__trialT_4__fileType_cropped.png,1,,saveTime_2510241903__sessionTime_202510241700__participant_P371__trialN_16__trialT_4__fileType_cropped.png
P371,202510241700,2510241906,17,3,10 Hz,10.0,EXPERIMENTAL,LIGHT,True,,saveTime_2510241906__sessionTime_202510241700__participant_P371__trialN_17__trialT_3__fileType_cropped.png,1,,saveTime_2510241906__sessionTime_202510241700__participant_P371__trialN_17__trialT_3__fileType_cropped.png
P372,202510241700,2510241750,2,2,5 Hz,5.0,EXPERIMENTAL,LIGHT,True,,saveTime_2510241750__sessionTime_202510241700__participant_P372__trialN_2__trialT_2__fileType_cropped.png,1,,saveTime_2510241750__sessionTime_202510241700__participant_P372__trialN_2__trialT_2__fileType_cropped.png
P372,202510241700,2510241754,3,C14,,,VALIDATION,IMAGE,True,,saveTime_2510241754__sessionTime_202510241700__participant_P372__trialN_3__trialT_C14__fileType_cropped.png,1,,saveTime_2510241754__sessionTime_202510241700__participant_P372__trialN_3__trialT_C14__fileType_cropped.png
P372,202510241700,2510241759,4,4,15 Hz,15.0,EXPERIMENTAL,LIGHT,True,,saveTime_2510241759__sessionTime_202510241700__participant_P372__trialN_4__trialT_4__fileType_cropped.png,1,,saveTime_2510241759__sessionTime_202510241700__participant_P372__trialN_4__trialT_4__fileType_cropped.png
P372,202510241700,2510241803,5,B07,,,VALIDATION,IMAGE,True,,saveTime_2510241803__sessionTime_202510241700__participant_P372__trialN_5__trialT_B07__fileType_cropped.png,1,,saveTime_2510241803__sessionTime_202510241700__participant_P372__trialN_5__trialT_B07__fileType_cropped.png
P372,202510241700,2510241815,6,5,20 Hz,20.0,EXPERIMENTAL,LIGHT,True,,saveTime_2510241815__sessionTime_202510241700__participant_P372__trialN_6__trialT_5__fileType_cropped.png,1,,saveTime_2510241815__sessionTime_202510241700__participant_P372__trialN_6__trialT_5__fileType_cropped.png
P372,202510241700,2510241819,7,5,20 Hz,20.0,EXPERIMENTAL,LIGHT,True,,saveTime_2510241819__sessionTime_202510241700__participant_P372__trialN_7__trialT_5__fileType_cropped.png,1,,saveTime_2510241819__sessionTime_202510241700__participant_P372__trialN_7__trialT_5__fileType_cropped.png
P372,202510241700,2510241823,8,2,5 Hz,5.0,EXPERIMENTAL,LIGHT,True,,saveTime_2510241823__sessionTime_202510241700__participant_P372__trialN_8__trialT_2__fileType_cropped.png,1,,saveTime_2510241823__sessionTime_202510241700__participant_P372__trialN_8__trialT_2__fileType_cropped.png
P372,202510241700,2510241827,9,6,40 Hz,40.0,EXPERIMENTAL,LIGHT,True,,saveTime_2510241827__sessionTime_202510241700__participant_P372__trialN_9__trialT_6__fileType_cropped.png,1,,saveTime_2510241827__sessionTime_202510241700__participant_P372__trialN_9__trialT_6__fileType_cropped.png
P372,202510241700,2510241832,10,1,2.5 Hz,2.5,EXPERIMENTAL,LIGHT,True,,saveTime_2510241832__sessionTime_202510241700__participant_P372__trialN_10__trialT_1__fileType_cropped.png,1,,saveTime_2510241832__sessionTime_202510241700__participant_P372__trialN_10__trialT_1__fileType_cropped.png
P372,202510241700,2510241835,11,7,80 Hz,80.0,CONTROL,LIGHT,True,,saveTime_2510241835__sessionTime_202510241700__participant_P372__trialN_11__trialT_7__fileType_cropped.png,1,,saveTime_2510241835__sessionTime_202510241700__participant_P372__trialN_11__trialT_7__fileType_cropped.png
P372,202510241700,2510241846,12,A08,,,VALIDATION,IMAGE,True,,saveTime_2510241846__sessionTime_202510241700__participant_P372__trialN_12__trialT_A08__fileType_cropped.png,1,,saveTime_2510241846__sessionTime_202510241700__participant_P372__trialN_12__trialT_A08__fileType_cropped.png
P372,202510241700,2510241850,13,6,40 Hz,40.0,EXPERIMENTAL,LIGHT,True,,saveTime_2510241850__sessionTime_202510241700__participant_P372__trialN_13__trialT_6__fileType_cropped.png,1,,saveTime_2510241850__sessionTime_202510241700__participant_P372__trialN_13__trialT_6__fileType_cropped.png
P372,202510241700,2510241854,14,3,10 Hz,10.0,EXPERIMENTAL,LIGHT,True,,saveTime_2510241854__sessionTime_202510241700__participant_P372__trialN_14__trialT_3__fileType_cropped.png,1,,saveTime_2510241854__sessionTime_202510241700__participant_P372__trialN_14__trialT_3__fileType_cropped.png
P372,202510241700,2510241858,15,1,2.5 Hz,2.5,EXPERIMENTAL,LIGHT,True,,saveTime_2510241858__sessionTime_202510241700__participant_P372__trialN_15__trialT_1__fileType_cropped.png,1,,saveTime_2510241858__sessionTime_202510241700__participant_P372__trialN_15__trialT_1__fileType_cropped.png
P372,202510241700,2510241902,16,4,15 Hz,15.0,EXPERIMENTAL,LIGHT,True,,saveTime_2510241902__sessionTime_202510241700__participant_P372__trialN_16__trialT_4__fileType_cropped.png,1,,saveTime_2510241902__sessionTime_202510241700__participant_P372__trialN_16__trialT_4__fileType_cropped.png
P372,202510241700,2510241906,17,3,10 Hz,10.0,EXPERIMENTAL,LIGHT,True,,saveTime_2510241906__sessionTime_202510241700__participant_P372__trialN_17__trialT_3__fileType_cropped.png,1,,saveTime_2510241906__sessionTime_202510241700__participant_P372__trialN_17__trialT_3__fileType_cropped.png
P373,202510251200,2510251253,2,5,20 Hz,20.0,EXPERIMENTAL,LIGHT,True,,saveTime_2510251253__sessionTime_202510251200__participant_P373__trialN_2__trialT_5__fileType_cropped.png,1,,saveTime_2510251253__sessionTime_202510251200__participant_P373__trialN_2__trialT_5__fileType_cropped.png
P373,202510251200,2510251257,3,6,40 Hz,40.0,EXPERIMENTAL,LIGHT,True,,saveTime_2510251257__sessionTime_202510251200__participant_P373__trialN_3__trialT_6__fileType_cropped.png,1,,saveTime_2510251257__sessionTime_202510251200__participant_P373__trialN_3__trialT_6__fileType_cropped.png
P373,202510251200,2510251301,4,C13,,,VALIDATION,IMAGE,True,,saveTime_2510251301__sessionTime_202510251200__participant_P373__trialN_4__trialT_C13__fileType_cropped.png,1,,saveTime_2510251301__sessionTime_202510251200__participant_P373__trialN_4__trialT_C13__fileType_cropped.png
P373,202510251200,2510251305,5,3,10 Hz,10.0,EXPERIMENTAL,LIGHT,True,,saveTime_2510251305__sessionTime_202510251200__participant_P373__trialN_5__trialT_3__fileType_cropped.png,1,,saveTime_2510251305__sessionTime_202510251200__participant_P373__trialN_5__trialT_3__fileType_cropped.png
P373,202510251200,2510251315,6,4,15 Hz,15.0,EXPERIMENTAL,LIGHT,True,,saveTime_2510251315__sessionTime_202510251200__participant_P373__trialN_6__trialT_4__fileType_cropped.png,1,,saveTime_2510251315__sessionTime_202510251200__participant_P373__trialN_6__trialT_4__fileType_cropped.png
P373,202510251200,2510251320,7,2,5 Hz,5.0,EXPERIMENTAL,LIGHT,True,,saveTime_2510251320__sessionTime_202510251200__participant_P373__trialN_7__trialT_2__fileType_cropped.png,1,,saveTime_2510251320__sessionTime_202510251200__participant_P373__trialN_7__trialT_2__fileType_cropped.png
P373,202510251200,2510251324,8,7,80 Hz,80.0,CONTROL,LIGHT,True,,saveTime_2510251324__sessionTime_202510251200__participant_P373__trialN_8__trialT_7__fileType_cropped.png,1,,saveTime_2510251324__sessionTime_202510251200__participant_P373__trialN_8__trialT_7__fileType_cropped.png
P373,202510251200,2510251327,9,1,2.5 Hz,2.5,EXPERIMENTAL,LIGHT,True,,saveTime_2510251327__sessionTime_202510251200__participant_P373__trialN_9__trialT_1__fileType_cropped.png,1,,saveTime_2510251327__sessionTime_202510251200__participant_P373__trialN_9__trialT_1__fileType_cropped.png
P373,202510251200,2510251331,10,A06,,,VALIDATION,IMAGE,True,,saveTime_2510251331__sessionTime_202510251200__participant_P373__trialN_10__trialT_A06__fileType_cropped.png,1,,saveTime_2510251331__sessionTime_202510251200__participant_P373__trialN_10__trialT_A06__fileType_cropped.png
P373,202510251200,2510251335,11,2,5 Hz,5.0,EXPERIMENTAL,LIGHT,True,,saveTime_2510251335__sessionTime_202510251200__participant_P373__trialN_11__trialT_2__fileType_cropped.png,1,,saveTime_2510251335__sessionTime_202510251200__participant_P373__trialN_11__trialT_2__fileType_cropped.png
P373,202510251200,2510251346,12,5,20 Hz,20.0,EXPERIMENTAL,LIGHT,True,,saveTime_2510251346__sessionTime_202510251200__participant_P373__trialN_12__trialT_5__fileType_cropped.png,1,,saveTime_2510251346__sessionTime_202510251200__participant_P373__trialN_12__trialT_5__fileType_cropped.png
P373,202510251200,2510251349,13,3,10 Hz,10.0,EXPERIMENTAL,LIGHT,True,,saveTime_2510251349__sessionTime_202510251200__participant_P373__trialN_13__trialT_3__fileType_cropped.png,1,,saveTime_2510251349__sessionTime_202510251200__participant_P373__trialN_13__trialT_3__fileType_cropped.png
P373,202510251200,2510251354,14,6,40 Hz,40.0,EXPERIMENTAL,LIGHT,True,,saveTime_2510251354__sessionTime_202510251200__participant_P373__trialN_14__trialT_6__fileType_cropped.png,1,,saveTime_2510251354__sessionTime_202510251200__participant_P373__trialN_14__trialT_6__fileType_cropped.png
P373,202510251200,2510251358,15,B00,,,VALIDATION,IMAGE,True,,saveTime_2510251358__sessionTime_202510251200__participant_P373__trialN_15__trialT_B00__fileType_cropped.png,1,,saveTime_2510251358__sessionTime_202510251200__participant_P373__trialN_15__trialT_B00__fileType_cropped.png
P373,202510251200,2510251402,16,4,15 Hz,15.0,EXPERIMENTAL,LIGHT,True,,saveTime_2510251402__sessionTime_202510251200__participant_P373__trialN_16__trialT_4__fileType_cropped.png,1,,saveTime_2510251402__sessionTime_202510251200__participant_P373__trialN_16__trialT_4__fileType_cropped.png
P373,202510251200,2510251407,17,1,2.5 Hz,2.5,EXPERIMENTAL,LIGHT,True,,saveTime_2510251407__sessionTime_202510251200__participant_P373__trialN_17__trialT_1__fileType_cropped.png,1,,saveTime_2510251407__sessionTime_202510251200__participant_P373__trialN_17__trialT_1__fileType_cropped.png
P374,202510251200,2510251253,2,5,20 Hz,20.0,EXPERIMENTAL,LIGHT,True,,saveTime_2510251253__sessionTime_202510251200__participant_P374__trialN_2__trialT_5__fileType_cropped.png,1,,saveTime_2510251253__sessionTime_202510251200__participant_P374__trialN_2__trialT_5__fileType_cropped.png
P374,202510251200,2510251257,3,6,40 Hz,40.0,EXPERIMENTAL,LIGHT,True,,saveTime_2510251257__sessionTime_202510251200__participant_P374__trialN_3__trialT_6__fileType_cropped.png,1,,saveTime_2510251257__sessionTime_202510251200__participant_P374__trialN_3__trialT_6__fileType_cropped.png
P374,202510251200,2510251301,4,C03,,,VALIDATION,IMAGE,True,,saveTime_2510251301__sessionTime_202510251200__participant_P374__trialN_4__trialT_C03__fileType_cropped.png,1,,saveTime_2510251301__sessionTime_202510251200__participant_P374__trialN_4__trialT_C03__fileType_cropped.png
P374,202510251200,2510251305,5,3,10 Hz,10.0,EXPERIMENTAL,LIGHT,True,,saveTime_2510251305__sessionTime_202510251200__participant_P374__trialN_5__trialT_3__fileType_cropped.png,1,,saveTime_2510251305__sessionTime_202510251200__participant_P374__trialN_5__trialT_3__fileType_cropped.png
P374,202510251200,2510251315,6,4,15 Hz,15.0,EXPERIMENTAL,LIGHT,True,,saveTime_2510251315__sessionTime_202510251200__participant_P374__trialN_6__trialT_4__fileType_cropped.png,1,,saveTime_2510251315__sessionTime_202510251200__participant_P374__trialN_6__trialT_4__fileType_cropped.png
P374,202510251200,2510251320,7,2,5 Hz,5.0,EXPERIMENTAL,LIGHT,True,,saveTime_2510251320__sessionTime_202510251200__participant_P374__trialN_7__trialT_2__fileType_cropped.png,1,,saveTime_2510251320__sessionTime_202510251200__participant_P374__trialN_7__trialT_2__fileType_cropped.png
P374,202510251200,2510251323,8,7,80 Hz,80.0,CONTROL,LIGHT,True,,saveTime_2510251323__sessionTime_202510251200__participant_P374__trialN_8__trialT_7__fileType_cropped.png,1,,saveTime_2510251323__sessionTime_202510251200__participant_P374__trialN_8__trialT_7__fileType_cropped.png
P374,202510251200,2510251327,9,1,2.5 Hz,2.5,EXPERIMENTAL,LIGHT,True,,saveTime_2510251327__sessionTime_202510251200__participant_P374__trialN_9__trialT_1__fileType_cropped.png,1,,saveTime_2510251327__sessionTime_202510251200__participant_P374__trialN_9__trialT_1__fileType_cropped.png
P374,202510251200,2510251331,10,A06,,,VALIDATION,IMAGE,True,,saveTime_2510251331__sessionTime_202510251200__participant_P374__trialN_10__trialT_A06__fileType_cropped.png,1,,saveTime_2510251331__sessionTime_202510251200__participant_P374__trialN_10__trialT_A06__fileType_cropped.png
P374,202510251200,2510251335,11,2,5 Hz,5.0,EXPERIMENTAL,LIGHT,True,,saveTime_2510251335__sessionTime_202510251200__participant_P374__trialN_11__trialT_2__fileType_cropped.png,1,,saveTime_2510251335__sessionTime_202510251200__participant_P374__trialN_11__trialT_2__fileType_cropped.png
P374,202510251200,2510251345,12,5,20 Hz,20.0,EXPERIMENTAL,LIGHT,True,,saveTime_2510251345__sessionTime_202510251200__participant_P374__trialN_12__trialT_5__fileType_cropped.png,1,,saveTime_2510251345__sessionTime_202510251200__participant_P374__trialN_12__trialT_5__fileType_cropped.png
P374,202510251200,2510251349,13,3,10 Hz,10.0,EXPERIMENTAL,LIGHT,True,,saveTime_2510251349__sessionTime_202510251200__participant_P374__trialN_13__trialT_3__fileType_cropped.png,1,,saveTime_2510251349__sessionTime_202510251200__participant_P374__trialN_13__trialT_3__fileType_cropped.png
P374,202510251200,2510251354,14,6,40 Hz,40.0,EXPERIMENTAL,LIGHT,True,,saveTime_2510251354__sessionTime_202510251200__participant_P374__trialN_14__trialT_6__fileType_cropped.png,1,,saveTime_2510251354__sessionTime_202510251200__participant_P374__trialN_14__trialT_6__fileType_cropped.png
P374,202510251200,2510251358,15,B03,,,VALIDATION,IMAGE,True,,saveTime_2510251358__sessionTime_202510251200__participant_P374__trialN_15__trialT_B03__fileType_cropped.png,1,,saveTime_2510251358__sessionTime_202510251200__participant_P374__trialN_15__trialT_B03__fileType_cropped.png
P374,202510251200,2510251401,16,4,15 Hz,15.0,EXPERIMENTAL,LIGHT,True,,saveTime_2510251401__sessionTime_202510251200__participant_P374__trialN_16__trialT_4__fileType_cropped.png,1,,saveTime_2510251401__sessionTime_202510251200__participant_P374__trialN_16__trialT_4__fileType_cropped.png
P374,202510251200,2510251406,17,1,2.5 Hz,2.5,EXPERIMENTAL,LIGHT,True,,saveTime_2510251406__sessionTime_202510251200__participant_P374__trialN_17__trialT_1__fileType_cropped.png,1,,saveTime_2510251406__sessionTime_202510251200__participant_P374__trialN_17__trialT_1__fileType_cropped.png
P375,202510251200,2510251253,2,5,20 Hz,20.0,EXPERIMENTAL,LIGHT,True,,saveTime_2510251253__sessionTime_202510251200__participant_P375__trialN_2__trialT_5__fileType_cropped.png,1,,saveTime_2510251253__sessionTime_202510251200__participant_P375__trialN_2__trialT_5__fileType_cropped.png
P375,202510251200,2510251257,3,6,40 Hz,40.0,EXPERIMENTAL,LIGHT,True,,saveTime_2510251257__sessionTime_202510251200__participant_P375__trialN_3__trialT_6__fileType_cropped.png,1,,saveTime_2510251257__sessionTime_202510251200__participant_P375__trialN_3__trialT_6__fileType_cropped.png
P375,202510251200,2510251301,4,C01,,,VALIDATION,IMAGE,True,,saveTime_2510251301__sessionTime_202510251200__participant_P375__trialN_4__trialT_C01__fileType_cropped.png,1,,saveTime_2510251301__sessionTime_202510251200__participant_P375__trialN_4__trialT_C01__fileType_cropped.png
P375,202510251200,2510251305,5,3,10 Hz,10.0,EXPERIMENTAL,LIGHT,True,,saveTime_2510251305__sessionTime_202510251200__participant_P375__trialN_5__trialT_3__fileType_cropped.png,1,,saveTime_2510251305__sessionTime_202510251200__participant_P375__trialN_5__trialT_3__fileType_cropped.png
P375,202510251200,2510251316,6,4,15 Hz,15.0,EXPERIMENTAL,LIGHT,True,,saveTime_2510251316__sessionTime_202510251200__participant_P375__trialN_6__trialT_4__fileType_cropped.png,1,,saveTime_2510251316__sessionTime_202510251200__participant_P375__trialN_6__trialT_4__fileType_cropped.png
P375,202510251200,2510251320,7,2,5 Hz,5.0,EXPERIMENTAL,LIGHT,True,,saveTime_2510251320__sessionTime_202510251200__participant_P375__trialN_7__trialT_2__fileType_cropped.png,1,,saveTime_2510251320__sessionTime_202510251200__participant_P375__trialN_7__trialT_2__fileType_cropped.png
P375,202510251200,2510251324,8,7,80 Hz,80.0,CONTROL,LIGHT,True,,saveTime_2510251324__sessionTime_202510251200__participant_P375__trialN_8__trialT_7__fileType_cropped.png,1,,saveTime_2510251324__sessionTime_202510251200__participant_P375__trialN_8__trialT_7__fileType_cropped.png
P375,202510251200,2510251327,9,1,2.5 Hz,2.5,EXPERIMENTAL,LIGHT,True,,saveTime_2510251327__sessionTime_202510251200__participant_P375__trialN_9__trialT_1__fileType_cropped.png,1,,saveTime_2510251327__sessionTime_202510251200__participant_P375__trialN_9__trialT_1__fileType_cropped.png
P375,202510251200,2510251331,10,A02,,,VALIDATION,IMAGE,True,,saveTime_2510251331__sessionTime_202510251200__participant_P375__trialN_10__trialT_A02__fileType_cropped.png,1,,saveTime_2510251331__sessionTime_202510251200__participant_P375__trialN_10__trialT_A02__fileType_cropped.png
P375,202510251200,2510251335,11,2,5 Hz,5.0,EXPERIMENTAL,LIGHT,True,,saveTime_2510251335__sessionTime_202510251200__participant_P375__trialN_11__trialT_2__fileType_cropped.png,1,,saveTime_2510251335__sessionTime_202510251200__participant_P375__trialN_11__trialT_2__fileType_cropped.png
P375,202510251200,2510251345,12,5,20 Hz,20.0,EXPERIMENTAL,LIGHT,True,,saveTime_2510251345__sessionTime_202510251200__participant_P375__trialN_12__trialT_5__fileType_cropped.png,1,,saveTime_2510251345__sessionTime_202510251200__participant_P375__trialN_12__trialT_5__fileType_cropped.png
P375,202510251200,2510251349,13,3,10 Hz,10.0,EXPERIMENTAL,LIGHT,True,,saveTime_2510251349__sessionTime_202510251200__participant_P375__trialN_13__trialT_3__fileType_cropped.png,1,,saveTime_2510251349__sessionTime_202510251200__participant_P375__trialN_13__trialT_3__fileType_cropped.png
P375,202510251200,2510251354,14,6,40 Hz,40.0,EXPERIMENTAL,LIGHT,True,,saveTime_2510251354__sessionTime_202510251200__participant_P375__trialN_14__trialT_6__fileType_cropped.png,1,,saveTime_2510251354__sessionTime_202510251200__participant_P375__trialN_14__trialT_6__fileType_cropped.png
P375,202510251200,2510251358,15,B10,,,VALIDATION,IMAGE,True,,saveTime_2510251358__sessionTime_202510251200__participant_P375__trialN_15__trialT_B10__fileType_cropped.png,1,,saveTime_2510251358__sessionTime_202510251200__participant_P375__trialN_15__trialT_B10__fileType_cropped.png
P375,202510251200,2510251402,16,4,15 Hz,15.0,EXPERIMENTAL,LIGHT,True,,saveTime_2510251402__sessionTime_202510251200__participant_P375__trialN_16__trialT_4__fileType_cropped.png,1,,saveTime_2510251402__sessionTime_202510251200__participant_P375__trialN_16__trialT_4__fileType_cropped.png
P375,202510251200,2510251406,17,1,2.5 Hz,2.5,EXPERIMENTAL,LIGHT,True,,saveTime_2510251406__sessionTime_202510251200__participant_P375__trialN_17__trialT_1__fileType_cropped.png,1,,saveTime_2510251406__sessionTime_202510251200__participant_P375__trialN_17__trialT_1__fileType_cropped.png
P376,202510251200,2510251254,2,5,20 Hz,20.0,EXPERIMENTAL,LIGHT,True,,saveTime_2510251254__sessionTime_202510251200__participant_P376__trialN_2__trialT_5__fileType_cropped.png,1,,saveTime_2510251254__sessionTime_202510251200__participant_P376__trialN_2__trialT_5__fileType_cropped.png
P376,202510251200,2510251258,3,6,40 Hz,40.0,EXPERIMENTAL,LIGHT,True,,saveTime_2510251258__sessionTime_202510251200__participant_P376__trialN_3__trialT_6__fileType_cropped.png,1,,saveTime_2510251258__sessionTime_202510251200__participant_P376__trialN_3__trialT_6__fileType_cropped.png
P376,202510251200,2510251302,4,C02,,,VALIDATION,IMAGE,True,,saveTime_2510251302__sessionTime_202510251200__participant_P376__trialN_4__trialT_C02__fileType_cropped.png,1,,saveTime_2510251302__sessionTime_202510251200__participant_P376__trialN_4__trialT_C02__fileType_cropped.png
P376,202510251200,2510251306,5,3,10 Hz,10.0,EXPERIMENTAL,LIGHT,True,,saveTime_2510251306__sessionTime_202510251200__participant_P376__trialN_5__trialT_3__fileType_cropped.png,1,,saveTime_2510251306__sessionTime_202510251200__participant_P376__trialN_5__trialT_3__fileType_cropped.png
P376,202510251200,2510251316,6,4,15 Hz,15.0,EXPERIMENTAL,LIGHT,True,,saveTime_2510251316__sessionTime_202510251200__participant_P376__trialN_6__trialT_4__fileType_cropped.png,1,,saveTime_2510251316__sessionTime_202510251200__participant_P376__trialN_6__trialT_4__fileType_cropped.png
P376,202510251200,2510251320,7,2,5 Hz,5.0,EXPERIMENTAL,LIGHT,True,,saveTime_2510251320__sessionTime_202510251200__participant_P376__trialN_7__trialT_2__fileType_cropped.png,1,,saveTime_2510251320__sessionTime_202510251200__participant_P376__trialN_7__trialT_2__fileType_cropped.png
P376,202510251200,2510251323,8,7,80 Hz,80.0,CONTROL,LIGHT,True,,saveTime_2510251323__sessionTime_202510251200__participant_P376__trialN_8__trialT_7__fileType_cropped.png,1,,saveTime_2510251323__sessionTime_202510251200__participant_P376__trialN_8__trialT_7__fileType_cropped.png
P376,202510251200,2510251328,9,1,2.5 Hz,2.5,EXPERIMENTAL,LIGHT,True,,saveTime_2510251328__sessionTime_202510251200__participant_P376__trialN_9__trialT_1__fileType_cropped.png,1,,saveTime_2510251328__sessionTime_202510251200__participant_P376__trialN_9__trialT_1__fileType_cropped.png
P376,202510251200,2510251332,10,A04,,,VALIDATION,IMAGE,True,,saveTime_2510251332__sessionTime_202510251200__participant_P376__trialN_10__trialT_A04__fileType_cropped.png,1,,saveTime_2510251332__sessionTime_202510251200__participant_P376__trialN_10__trialT_A04__fileType_cropped.png
P376,202510251200,2510251335,11,2,5 Hz,5.0,EXPERIMENTAL,LIGHT,True,,saveTime_2510251335__sessionTime_202510251200__participant_P376__trialN_11__trialT_2__fileType_cropped.png,1,,saveTime_2510251335__sessionTime_202510251200__participant_P376__trialN_11__trialT_2__fileType_cropped.png
P376,202510251200,2510251345,12,5,20 Hz,20.0,EXPERIMENTAL,LIGHT,True,,saveTime_2510251345__sessionTime_202510251200__participant_P376__trialN_12__trialT_5__fileType_cropped.png,1,,saveTime_2510251345__sessionTime_202510251200__participant_P376__trialN_12__trialT_5__fileType_cropped.png
P376,202510251200,2510251350,13,3,10 Hz,10.0,EXPERIMENTAL,LIGHT,True,,saveTime_2510251350__sessionTime_202510251200__participant_P376__trialN_13__trialT_3__fileType_cropped.png,1,,saveTime_2510251350__sessionTime_202510251200__participant_P376__trialN_13__trialT_3__fileType_cropped.png
P376,202510251200,2510251355,14,6,40 Hz,40.0,EXPERIMENTAL,LIGHT,True,,saveTime_2510251355__sessionTime_202510251200__participant_P376__trialN_14__trialT_6__fileType_cropped.png,1,,saveTime_2510251355__sessionTime_202510251200__participant_P376__trialN_14__trialT_6__fileType_cropped.png
P376,202510251200,2510251359,15,B10,,,VALIDATION,IMAGE,True,,saveTime_2510251359__sessionTime_202510251200__participant_P376__trialN_15__trialT_B10__fileType_cropped.png,1,,saveTime_2510251359__sessionTime_202510251200__participant_P376__trialN_15__trialT_B10__fileType_cropped.png
P376,202510251200,2510251403,16,4,15 Hz,15.0,EXPERIMENTAL,LIGHT,True,,saveTime_2510251403__sessionTime_202510251200__participant_P376__trialN_16__trialT_4__fileType_cropped.png,1,,saveTime_2510251403__sessionTime_202510251200__participant_P376__trialN_16__trialT_4__fileType_cropped.png
P376,202510251200,2510251407,17,1,2.5 Hz,2.5,EXPERIMENTAL,LIGHT,True,,saveTime_2510251407__sessionTime_202510251200__participant_P376__trialN_17__trialT_1__fileType_cropped.png,1,,saveTime_2510251407__sessionTime_202510251200__participant_P376__trialN_17__trialT_1__fileType_cropped.png
P377,202510251200,2510251254,2,5,20 Hz,20.0,EXPERIMENTAL,LIGHT,True,,saveTime_2510251254__sessionTime_202510251200__participant_P377__trialN_2__trialT_5__fileType_cropped.png,1,,saveTime_2510251254__sessionTime_202510251200__participant_P377__trialN_2__trialT_5__fileType_cropped.png
P377,202510251200,2510251258,3,6,40 Hz,40.0,EXPERIMENTAL,LIGHT,True,,saveTime_2510251258__sessionTime_202510251200__participant_P377__trialN_3__trialT_6__fileType_cropped.png,1,,saveTime_2510251258__sessionTime_202510251200__participant_P377__trialN_3__trialT_6__fileType_cropped.png
P377,202510251200,2510251302,4,C10,,,VALIDATION,IMAGE,True,,saveTime_2510251302__sessionTime_202510251200__participant_P377__trialN_4__trialT_C10__fileType_cropped.png,1,,saveTime_2510251302__sessionTime_202510251200__participant_P377__trialN_4__trialT_C10__fileType_cropped.png
P377,202510251200,2510251305,5,3,10 Hz,10.0,EXPERIMENTAL,LIGHT,True,,saveTime_2510251305__sessionTime_202510251200__participant_P377__trialN_5__trialT_3__fileType_cropped.png,1,,saveTime_2510251305__sessionTime_202510251200__participant_P377__trialN_5__trialT_3__fileType_cropped.png
P377,202510251200,2510251316,6,4,15 Hz,15.0,EXPERIMENTAL,LIGHT,True,,saveTime_2510251316__sessionTime_202510251200__participant_P377__trialN_6__trialT_4__fileType_cropped.png,1,,saveTime_2510251316__sessionTime_202510251200__participant_P377__trialN_6__trialT_4__fileType_cropped.png
P377,202510251200,2510251320,7,2,5 Hz,5.0,EXPERIMENTAL,LIGHT,True,,saveTime_2510251320__sessionTime_202510251200__participant_P377__trialN_7__trialT_2__fileType_cropped.png,1,,saveTime_2510251320__sessionTime_202510251200__participant_P377__trialN_7__trialT_2__fileType_cropped.png
P377,202510251200,2510251324,8,7,80 Hz,80.0,CONTROL,LIGHT,True,,saveTime_2510251324__sessionTime_202510251200__participant_P377__trialN_8__trialT_7__fileType_cropped.png,1,,saveTime_2510251324__sessionTime_202510251200__participant_P377__trialN_8__trialT_7__fileType_cropped.png
P377,202510251200,2510251327,9,1,2.5 Hz,2.5,EXPERIMENTAL,LIGHT,True,,saveTime_2510251327__sessionTime_202510251200__participant_P377__trialN_9__trialT_1__fileType_cropped.png,1,,saveTime_2510251327__sessionTime_202510251200__participant_P377__trialN_9__trialT_1__fileType_cropped.png
P377,202510251200,2510251332,10,A06,,,VALIDATION,IMAGE,True,,saveTime_2510251332__sessionTime_202510251200__participant_P377__trialN_10__trialT_A06__fileType_cropped.png,1,,saveTime_2510251332__sessionTime_202510251200__participant_P377__trialN_10__trialT_A06__fileType_cropped.png
P377,202510251200,2510251336,11,2,5 Hz,5.0,EXPERIMENTAL,LIGHT,True,,saveTime_2510251336__sessionTime_202510251200__participant_P377__trialN_11__trialT_2__fileType_cropped.png,1,,saveTime_2510251336__sessionTime_202510251200__participant_P377__trialN_11__trialT_2__fileType_cropped.png
P377,202510251200,2510251346,12,5,20 Hz,20.0,EXPERIMENTAL,LIGHT,True,,saveTime_2510251346__sessionTime_202510251200__participant_P377__trialN_12__trialT_5__fileType_cropped.png,1,,saveTime_2510251346__sessionTime_202510251200__participant_P377__trialN_12__trialT_5__fileType_cropped.png
P377,202510251200,2510251350,13,3,10 Hz,10.0,EXPERIMENTAL,LIGHT,True,,saveTime_2510251350__sessionTime_202510251200__participant_P377__trialN_13__trialT_3__fileType_cropped.png,1,,saveTime_2510251350__sessionTime_202510251200__participant_P377__trialN_13__trialT_3__fileType_cropped.png
P377,202510251200,2510251354,14,6,40 Hz,40.0,EXPERIMENTAL,LIGHT,True,,saveTime_2510251354__sessionTime_202510251200__participant_P377__trialN_14__trialT_6__fileType_cropped.png,1,,saveTime_2510251354__sessionTime_202510251200__participant_P377__trialN_14__trialT_6__fileType_cropped.png
P377,202510251200,2510251359,15,B08,,,VALIDATION,IMAGE,True,,saveTime_2510251359__sessionTime_202510251200__participant_P377__trialN_15__trialT_B08__fileType_cropped.png,1,,saveTime_2510251359__sessionTime_202510251200__participant_P377__trialN_15__trialT_B08__fileType_cropped.png
P377,202510251200,2510251403,16,4,15 Hz,15.0,EXPERIMENTAL,LIGHT,True,,saveTime_2510251403__sessionTime_202510251200__participant_P377__trialN_16__trialT_4__fileType_cropped.png,1,,saveTime_2510251403__sessionTime_202510251200__participant_P377__trialN_16__trialT_4__fileType_cropped.png
P377,202510251200,2510251406,17,1,2.5 Hz,2.5,EXPERIMENTAL,LIGHT,True,,saveTime_2510251406__sessionTime_202510251200__participant_P377__trialN_17__trialT_1__fileType_cropped.png,1,,saveTime_2510251406__sessionTime_202510251200__participant_P377__trialN_17__trialT_1__fileType_cropped.png
P378,202510251500,2510251557,2,4,15 Hz,15.0,EXPERIMENTAL,LIGHT,True,,saveTime_2510251557__sessionTime_202510251500__participant_P378__trialN_2__trialT_4__fileType_cropped.png,1,,saveTime_2510251557__sessionTime_202510251500__participant_P378__trialN_2__trialT_4__fileType_cropped.png
P378,202510251500,2510251602,3,6,40 Hz,40.0,EXPERIMENTAL,LIGHT,True,,saveTime_2510251602__sessionTime_202510251500__participant_P378__trialN_3__trialT_6__fileType_cropped.png,1,,saveTime_2510251602__sessionTime_202510251500__participant_P378__trialN_3__trialT_6__fileType_cropped.png
P378,202510251500,2510251606,4,2,5 Hz,5.0,EXPERIMENTAL,LIGHT,True,,saveTime_2510251606__sessionTime_202510251500__participant_P378__trialN_4__trialT_2__fileType_cropped.png,1,,saveTime_2510251606__sessionTime_202510251500__participant_P378__trialN_4__trialT_2__fileType_cropped.png
P378,202510251500,2510251610,5,2,5 Hz,5.0,EXPERIMENTAL,LIGHT,True,,saveTime_2510251610__sessionTime_202510251500__participant_P378__trialN_5__trialT_2__fileType_cropped.png,1,,saveTime_2510251610__sessionTime_202510251500__participant_P378__trialN_5__trialT_2__fileType_cropped.png
P378,202510251500,2510251625,6,4,15 Hz,15.0,EXPERIMENTAL,LIGHT,True,,saveTime_2510251625__sessionTime_202510251500__participant_P378__trialN_6__trialT_4__fileType_cropped.png,1,,saveTime_2510251625__sessionTime_202510251500__participant_P378__trialN_6__trialT_4__fileType_cropped.png
P378,202510251500,2510251629,7,7,80 Hz,80.0,CONTROL,LIGHT,True,,saveTime_2510251629__sessionTime_202510251500__participant_P378__trialN_7__trialT_7__fileType_cropped.png,1,,saveTime_2510251629__sessionTime_202510251500__participant_P378__trialN_7__trialT_7__fileType_cropped.png
P378,202510251500,2510251632,8,A03,,,VALIDATION,IMAGE,True,,saveTime_2510251632__sessionTime_202510251500__participant_P378__trialN_8__trialT_A03__fileType_cropped.png,1,,saveTime_2510251632__sessionTime_202510251500__participant_P378__trialN_8__trialT_A03__fileType_cropped.png
P378,202510251500,2510251637,9,1,2.5 Hz,2.5,EXPERIMENTAL,LIGHT,True,,saveTime_2510251637__sessionTime_202510251500__participant_P378__trialN_9__trialT_1__fileType_cropped.png,1,,saveTime_2510251637__sessionTime_202510251500__participant_P378__trialN_9__trialT_1__fileType_cropped.png
P378,202510251500,2510251640,10,5,20 Hz,20.0,EXPERIMENTAL,LIGHT,True,,saveTime_2510251640__sessionTime_202510251500__participant_P378__trialN_10__trialT_5__fileType_cropped.png,1,,saveTime_2510251640__sessionTime_202510251500__participant_P378__trialN_10__trialT_5__fileType_cropped.png
P378,202510251500,2510251645,11,1,2.5 Hz,2.5,EXPERIMENTAL,LIGHT,True,,saveTime_2510251645__sessionTime_202510251500__participant_P378__trialN_11__trialT_1__fileType_cropped.png,1,,saveTime_2510251645__sessionTime_202510251500__participant_P378__trialN_11__trialT_1__fileType_cropped.png
P378,202510251500,2510251657,12,B06,,,VALIDATION,IMAGE,True,,saveTime_2510251657__sessionTime_202510251500__participant_P378__trialN_12__trialT_B06__fileType_cropped.png,1,,saveTime_2510251657__sessionTime_202510251500__participant_P378__trialN_12__trialT_B06__fileType_cropped.png
P378,202510251500,2510251702,13,3,10 Hz,10.0,EXPERIMENTAL,LIGHT,True,,saveTime_2510251702__sessionTime_202510251500__participant_P378__trialN_13__trialT_3__fileType_cropped.png,1,,saveTime_2510251702__sessionTime_202510251500__participant_P378__trialN_13__trialT_3__fileType_cropped.png
P378,202510251500,2510251705,14,6,40 Hz,40.0,EXPERIMENTAL,LIGHT,True,,saveTime_2510251705__sessionTime_202510251500__participant_P378__trialN_14__trialT_6__fileType_cropped.png,1,,saveTime_2510251705__sessionTime_202510251500__participant_P378__trialN_14__trialT_6__fileType_cropped.png
P378,202510251500,2510251710,15,C09,,,VALIDATION,IMAGE,True,,saveTime_2510251710__sessionTime_202510251500__participant_P378__trialN_15__trialT_C09__fileType_cropped.png,1,,saveTime_2510251710__sessionTime_202510251500__participant_P378__trialN_15__trialT_C09__fileType_cropped.png
P378,202510251500,2510251714,16,5,20 Hz,20.0,EXPERIMENTAL,LIGHT,True,,saveTime_2510251714__sessionTime_202510251500__participant_P378__trialN_16__trialT_5__fileType_cropped.png,1,,saveTime_2510251714__sessionTime_202510251500__participant_P378__trialN_16__trialT_5__fileType_cropped.png
P378,202510251500,2510251717,17,3,10 Hz,10.0,EXPERIMENTAL,LIGHT,True,,saveTime_2510251717__sessionTime_202510251500__participant_P378__trialN_17__trialT_3__fileType_cropped.png,1,,saveTime_2510251717__sessionTime_202510251500__participant_P378__trialN_17__trialT_3__fileType_cropped.png
P379,202510251500,2510251557,2,4,15 Hz,15.0,EXPERIMENTAL,LIGHT,True,,saveTime_2510251557__sessionTime_202510251500__participant_P379__trialN_2__trialT_4__fileType_cropped.png,1,,saveTime_2510251557__sessionTime_202510251500__participant_P379__trialN_2__trialT_4__fileType_cropped.png
P379,202510251500,2510251601,3,6,40 Hz,40.0,EXPERIMENTAL,LIGHT,True,,saveTime_2510251601__sessionTime_202510251500__participant_P379__trialN_3__trialT_6__fileType_cropped.png,1,,saveTime_2510251601__sessionTime_202510251500__participant_P379__trialN_3__trialT_6__fileType_cropped.png
P379,202510251500,2510251605,4,2,5 Hz,5.0,EXPERIMENTAL,LIGHT,True,,saveTime_2510251605__sessionTime_202510251500__participant_P379__trialN_4__trialT_2__fileType_cropped.png,1,,saveTime_2510251605__sessionTime_202510251500__participant_P379__trialN_4__trialT_2__fileType_cropped.png
P379,202510251500,2510251610,5,2,5 Hz,5.0,EXPERIMENTAL,LIGHT,True,,saveTime_2510251610__sessionTime_202510251500__participant_P379__trialN_5__trialT_2__fileType_cropped.png,1,,saveTime_2510251610__sessionTime_202510251500__participant_P379__trialN_5__trialT_2__fileType_cropped.png
P379,202510251500,2510251625,6,4,15 Hz,15.0,EXPERIMENTAL,LIGHT,True,,saveTime_2510251625__sessionTime_202510251500__participant_P379__trialN_6__trialT_4__fileType_cropped.png,1,,saveTime_2510251625__sessionTime_202510251500__participant_P379__trialN_6__trialT_4__fileType_cropped.png
P379,202510251500,2510251629,7,7,80 Hz,80.0,CONTROL,LIGHT,True,,saveTime_2510251629__sessionTime_202510251500__participant_P379__trialN_7__trialT_7__fileType_cropped.png,1,,saveTime_2510251629__sessionTime_202510251500__participant_P379__trialN_7__trialT_7__fileType_cropped.png
P379,202510251500,2510251632,8,A08,,,VALIDATION,IMAGE,True,,saveTime_2510251632__sessionTime_202510251500__participant_P379__trialN_8__trialT_A08__fileType_cropped.png,1,,saveTime_2510251632__sessionTime_202510251500__participant_P379__trialN_8__trialT_A08__fileType_cropped.png
P379,202510251500,2510251637,9,1,2.5 Hz,2.5,EXPERIMENTAL,LIGHT,True,,saveTime_2510251637__sessionTime_202510251500__participant_P379__trialN_9__trialT_1__fileType_cropped.png,1,,saveTime_2510251637__sessionTime_202510251500__participant_P379__trialN_9__trialT_1__fileType_cropped.png
P379,202510251500,2510251640,10,5,20 Hz,20.0,EXPERIMENTAL,LIGHT,True,,saveTime_2510251640__sessionTime_202510251500__participant_P379__trialN_10__trialT_5__fileType_cropped.png,1,,saveTime_2510251640__sessionTime_202510251500__participant_P379__trialN_10__trialT_5__fileType_cropped.png
P379,202510251500,2510251644,11,1,2.5 Hz,2.5,EXPERIMENTAL,LIGHT,True,,saveTime_2510251644__sessionTime_202510251500__participant_P379__trialN_11__trialT_1__fileType_cropped.png,1,,saveTime_2510251644__sessionTime_202510251500__participant_P379__trialN_11__trialT_1__fileType_cropped.png
P379,202510251500,2510251657,12,B00,,,VALIDATION,IMAGE,True,,saveTime_2510251657__sessionTime_202510251500__participant_P379__trialN_12__trialT_B00__fileType_cropped.png,1,,saveTime_2510251657__sessionTime_202510251500__participant_P379__trialN_12__trialT_B00__fileType_cropped.png
P379,202510251500,2510251702,13,3,10 Hz,10.0,EXPERIMENTAL,LIGHT,True,,saveTime_2510251702__sessionTime_202510251500__participant_P379__trialN_13__trialT_3__fileType_cropped.png,1,,saveTime_2510251702__sessionTime_202510251500__participant_P379__trialN_13__trialT_3__fileType_cropped.png
P379,202510251500,2510251706,14,6,40 Hz,40.0,EXPERIMENTAL,LIGHT,True,,saveTime_2510251706__sessionTime_202510251500__participant_P379__trialN_14__trialT_6__fileType_cropped.png,1,,saveTime_2510251706__sessionTime_202510251500__participant_P379__trialN_14__trialT_6__fileType_cropped.png
P379,202510251500,2510251710,15,C01,,,VALIDATION,IMAGE,True,,saveTime_2510251710__sessionTime_202510251500__participant_P379__trialN_15__trialT_C01__fileType_cropped.png,1,,saveTime_2510251710__sessionTime_202510251500__participant_P379__trialN_15__trialT_C01__fileType_cropped.png
P379,202510251500,2510251714,16,5,20 Hz,20.0,EXPERIMENTAL,LIGHT,True,,saveTime_2510251714__sessionTime_202510251500__participant_P379__trialN_16__trialT_5__fileType_cropped.png,1,,saveTime_2510251714__sessionTime_202510251500__participant_P379__trialN_16__trialT_5__fileType_cropped.png
P379,202510251500,2510251717,17,3,10 Hz,10.0,EXPERIMENTAL,LIGHT,True,,saveTime_2510251717__sessionTime_202510251500__participant_P379__trialN_17__trialT_3__fileType_cropped.png,1,,saveTime_2510251717__sessionTime_202510251500__participant_P379__trialN_17__trialT_3__fileType_cropped.png
P380,202510251500,2510251557,2,4,15 Hz,15.0,EXPERIMENTAL,LIGHT,True,,saveTime_2510251557__sessionTime_202510251500__participant_P380__trialN_2__trialT_4__fileType_cropped.png,1,,saveTime_2510251557__sessionTime_202510251500__participant_P380__trialN_2__trialT_4__fileType_cropped.png
P380,202510251500,2510251601,3,6,40 Hz,40.0,EXPERIMENTAL,LIGHT,True,,saveTime_2510251601__sessionTime_202510251500__participant_P380__trialN_3__trialT_6__fileType_cropped.png,1,,saveTime_2510251601__sessionTime_202510251500__participant_P380__trialN_3__trialT_6__fileType_cropped.png
P380,202510251500,2510251605,4,2,5 Hz,5.0,EXPERIMENTAL,LIGHT,True,,saveTime_2510251605__sessionTime_202510251500__participant_P380__trialN_4__trialT_2__fileType_cropped.png,1,,saveTime_2510251605__sessionTime_202510251500__participant_P380__trialN_4__trialT_2__fileType_cropped.png
P380,202510251500,2510251610,5,2,5 Hz,5.0,EXPERIMENTAL,LIGHT,True,,saveTime_2510251610__sessionTime_202510251500__participant_P380__trialN_5__trialT_2__fileType_cropped.png,1,,saveTime_2510251610__sessionTime_202510251500__participant_P380__trialN_5__trialT_2__fileType_cropped.png
P380,202510251500,2510251625,6,4,15 Hz,15.0,EXPERIMENTAL,LIGHT,True,,saveTime_2510251625__sessionTime_202510251500__participant_P380__trialN_6__trialT_4__fileType_cropped.png,1,,saveTime_2510251625__sessionTime_202510251500__participant_P380__trialN_6__trialT_4__fileType_cropped.png
P380,202510251500,2510251629,7,7,80 Hz,80.0,CONTROL,LIGHT,True,,saveTime_2510251629__sessionTime_202510251500__participant_P380__trialN_7__trialT_7__fileType_cropped.png,1,,saveTime_2510251629__sessionTime_202510251500__participant_P380__trialN_7__trialT_7__fileType_cropped.png
P380,202510251500,2510251632,8,A02,,,VALIDATION,IMAGE,True,,saveTime_2510251632__sessionTime_202510251500__participant_P380__trialN_8__trialT_A02__fileType_cropped.png,1,,saveTime_2510251632__sessionTime_202510251500__participant_P380__trialN_8__trialT_A02__fileType_cropped.png
P380,202510251500,2510251636,9,1,2.5 Hz,2.5,EXPERIMENTAL,LIGHT,True,,saveTime_2510251636__sessionTime_202510251500__participant_P380__trialN_9__trialT_1__fileType_cropped.png,1,,saveTime_2510251636__sessionTime_202510251500__participant_P380__trialN_9__trialT_1__fileType_cropped.png
P380,202510251500,2510251640,10,5,20 Hz,20.0,EXPERIMENTAL,LIGHT,True,,saveTime_2510251640__sessionTime_202510251500__participant_P380__trialN_10__trialT_5__fileType_cropped.png,1,,saveTime_2510251640__sessionTime_202510251500__participant_P380__trialN_10__trialT_5__fileType_cropped.png
P380,202510251500,2510251644,11,1,2.5 Hz,2.5,EXPERIMENTAL,LIGHT,True,,saveTime_2510251644__sessionTime_202510251500__participant_P380__trialN_11__trialT_1__fileType_cropped.png,1,,saveTime_2510251644__sessionTime_202510251500__participant_P380__trialN_11__trialT_1__fileType_cropped.png
P380,202510251500,2510251656,12,B01,,,VALIDATION,IMAGE,True,,saveTime_2510251656__sessionTime_202510251500__participant_P380__trialN_12__trialT_B01__fileType_cropped.png,1,,saveTime_2510251656__sessionTime_202510251500__participant_P380__trialN_12__trialT_B01__fileType_cropped.png
P380,202510251500,2510251701,13,3,10 Hz,10.0,EXPERIMENTAL,LIGHT,True,,saveTime_2510251701__sessionTime_202510251500__participant_P380__trialN_13__trialT_3__fileType_cropped.png,1,,saveTime_2510251701__sessionTime_202510251500__participant_P380__trialN_13__trialT_3__fileType_cropped.png
P380,202510251500,2510251705,14,6,40 Hz,40.0,EXPERIMENTAL,LIGHT,True,,saveTime_2510251705__sessionTime_202510251500__participant_P380__trialN_14__trialT_6__fileType_cropped.png,1,,saveTime_2510251705__sessionTime_202510251500__participant_P380__trialN_14__trialT_6__fileType_cropped.png
P380,202510251500,2510251709,15,C07,,,VALIDATION,IMAGE,True,,saveTime_2510251709__sessionTime_202510251500__participant_P380__trialN_15__trialT_C07__fileType_cropped.png,1,,saveTime_2510251709__sessionTime_202510251500__participant_P380__trialN_15__trialT_C07__fileType_cropped.png
P380,202510251500,2510251713,16,5,20 Hz,20.0,EXPERIMENTAL,LIGHT,True,,saveTime_2510251713__sessionTime_202510251500__participant_P380__trialN_16__trialT_5__fileType_cropped.png,1,,saveTime_2510251713__sessionTime_202510251500__participant_P380__trialN_16__trialT_5__fileType_cropped.png
P380,202510251500,2510251717,17,3,10 Hz,10.0,EXPERIMENTAL,LIGHT,True,,saveTime_2510251717__sessionTime_202510251500__participant_P380__trialN_17__trialT_3__fileType_cropped.png,1,,saveTime_2510251717__sessionTime_202510251500__participant_P380__trialN_17__trialT_3__fileType_cropped.png
P381,202510251500,2510251557,2,4,15 Hz,15.0,EXPERIMENTAL,LIGHT,True,,saveTime_2510251557__sessionTime_202510251500__participant_P381__trialN_2__trialT_4__fileType_cropped.png,1,,saveTime_2510251557__sessionTime_202510251500__participant_P381__trialN_2__trialT_4__fileType_cropped.png
P381,202510251500,2510251601,3,6,40 Hz,40.0,EXPERIMENTAL,LIGHT,True,,saveTime_2510251601__sessionTime_202510251500__participant_P381__trialN_3__trialT_6__fileType_cropped.png,1,,saveTime_2510251601__sessionTime_202510251500__participant_P381__trialN_3__trialT_6__fileType_cropped.png
P381,202510251500,2510251605,4,2,5 Hz,5.0,EXPERIMENTAL,LIGHT,True,,saveTime_2510251605__sessionTime_202510251500__participant_P381__trialN_4__trialT_2__fileType_cropped.png,1,,saveTime_2510251605__sessionTime_202510251500__participant_P381__trialN_4__trialT_2__fileType_cropped.png
P381,202510251500,2510251609,5,2,5 Hz,5.0,EXPERIMENTAL,LIGHT,True,,saveTime_2510251609__sessionTime_202510251500__participant_P381__trialN_5__trialT_2__fileType_cropped.png,1,,saveTime_2510251609__sessionTime_202510251500__participant_P381__trialN_5__trialT_2__fileType_cropped.png
P381,202510251500,2510251625,6,4,15 Hz,15.0,EXPERIMENTAL,LIGHT,True,,saveTime_2510251625__sessionTime_202510251500__participant_P381__trialN_6__trialT_4__fileType_cropped.png,1,,saveTime_2510251625__sessionTime_202510251500__participant_P381__trialN_6__trialT_4__fileType_cropped.png
P381,202510251500,2510251629,7,7,80 Hz,80.0,CONTROL,LIGHT,True,,saveTime_2510251629__sessionTime_202510251500__participant_P381__trialN_7__trialT_7__fileType_cropped.png,1,,saveTime_2510251629__sessionTime_202510251500__participant_P381__trialN_7__trialT_7__fileType_cropped.png
P381,202510251500,2510251631,8,A13,,,VALIDATION,IMAGE,True,,saveTime_2510251631__sessionTime_202510251500__participant_P381__trialN_8__trialT_A13__fileType_cropped.png,1,,saveTime_2510251631__sessionTime_202510251500__participant_P381__trialN_8__trialT_A13__fileType_cropped.png
P381,202510251500,2510251636,9,1,2.5 Hz,2.5,EXPERIMENTAL,LIGHT,True,,saveTime_2510251636__sessionTime_202510251500__participant_P381__trialN_9__trialT_1__fileType_cropped.png,1,,saveTime_2510251636__sessionTime_202510251500__participant_P381__trialN_9__trialT_1__fileType_cropped.png
P381,202510251500,2510251641,10,5,20 Hz,20.0,EXPERIMENTAL,LIGHT,True,,saveTime_2510251641__sessionTime_202510251500__participant_P381__trialN_10__trialT_5__fileType_cropped.png,1,,saveTime_2510251641__sessionTime_202510251500__participant_P381__trialN_10__trialT_5__fileType_cropped.png
P381,202510251500,2510251644,11,1,2.5 Hz,2.5,EXPERIMENTAL,LIGHT,True,,saveTime_2510251644__sessionTime_202510251500__participant_P381__trialN_11__trialT_1__fileType_cropped.png,1,,saveTime_2510251644__sessionTime_202510251500__participant_P381__trialN_11__trialT_1__fileType_cropped.png
P381,202510251500,2510251656,12,B02,,,VALIDATION,IMAGE,True,,saveTime_2510251656__sessionTime_202510251500__participant_P381__trialN_12__trialT_B02__fileType_cropped.png,1,,saveTime_2510251656__sessionTime_202510251500__participant_P381__trialN_12__trialT_B02__fileType_cropped.png
P381,202510251500,2510251702,13,3,10 Hz,10.0,EXPERIMENTAL,LIGHT,True,,saveTime_2510251702__sessionTime_202510251500__participant_P381__trialN_13__trialT_3__fileType_cropped.png,1,,saveTime_2510251702__sessionTime_202510251500__participant_P381__trialN_13__trialT_3__fileType_cropped.png
P381,202510251500,2510251706,14,6,40 Hz,40.0,EXPERIMENTAL,LIGHT,True,,saveTime_2510251706__sessionTime_202510251500__participant_P381__trialN_14__trialT_6__fileType_cropped.png,1,,saveTime_2510251706__sessionTime_202510251500__participant_P381__trialN_14__trialT_6__fileType_cropped.png
P381,202510251500,2510251710,15,C14,,,VALIDATION,IMAGE,True,,saveTime_2510251710__sessionTime_202510251500__participant_P381__trialN_15__trialT_C14__fileType_cropped.png,1,,saveTime_2510251710__sessionTime_202510251500__participant_P381__trialN_15__trialT_C14__fileType_cropped.png
P381,202510251500,2510251714,16,5,20 Hz,20.0,EXPERIMENTAL,LIGHT,True,,saveTime_2510251714__sessionTime_202510251500__participant_P381__trialN_16__trialT_5__fileType_cropped.png,1,,saveTime_2510251714__sessionTime_202510251500__participant_P381__trialN_16__trialT_5__fileType_cropped.png
P381,202510251500,2510251718,17,3,10 Hz,10.0,EXPERIMENTAL,LIGHT,True,,saveTime_2510251718__sessionTime_202510251500__participant_P381__trialN_17__trialT_3__fileType_cropped.png,1,,saveTime_2510251718__sessionTime_202510251500__participant_P381__trialN_17__trialT_3__fileType_cropped.png
P382,202510251500,2510251557,2,4,15 Hz,15.0,EXPERIMENTAL,LIGHT,True,,saveTime_2510251557__sessionTime_202510251500__participant_P382__trialN_2__trialT_4__fileType_cropped.png,1,,saveTime_2510251557__sessionTime_202510251500__participant_P382__trialN_2__trialT_4__fileType_cropped.png
P382,202510251500,2510251602,3,6,40 Hz,40.0,EXPERIMENTAL,LIGHT,True,,saveTime_2510251602__sessionTime_202510251500__participant_P382__trialN_3__trialT_6__fileType_cropped.png,1,,saveTime_2510251602__sessionTime_202510251500__participant_P382__trialN_3__trialT_6__fileType_cropped.png
P382,202510251500,2510251606,4,2,5 Hz,5.0,EXPERIMENTAL,LIGHT,True,,saveTime_2510251606__sessionTime_202510251500__participant_P382__trialN_4__trialT_2__fileType_cropped.png,1,,saveTime_2510251606__sessionTime_202510251500__participant_P382__trialN_4__trialT_2__fileType_cropped.png
P382,202510251500,2510251609,5,2,5 Hz,5.0,EXPERIMENTAL,LIGHT,True,,saveTime_2510251609__sessionTime_202510251500__participant_P382__trialN_5__trialT_2__fileType_cropped.png,1,,saveTime_2510251609__sessionTime_202510251500__participant_P382__trialN_5__trialT_2__fileType_cropped.png
P382,202510251500,2510251625,6,4,15 Hz,15.0,EXPERIMENTAL,LIGHT,True,,saveTime_2510251625__sessionTime_202510251500__participant_P382__trialN_6__trialT_4__fileType_cropped.png,1,,saveTime_2510251625__sessionTime_202510251500__participant_P382__trialN_6__trialT_4__fileType_cropped.png
P382,202510251500,2510251629,7,7,80 Hz,80.0,CONTROL,LIGHT,True,,saveTime_2510251629__sessionTime_202510251500__participant_P382__trialN_7__trialT_7__fileType_cropped.png,1,,saveTime_2510251629__sessionTime_202510251500__participant_P382__trialN_7__trialT_7__fileType_cropped.png
P382,202510251500,2510251632,8,A01,,,VALIDATION,IMAGE,True,,saveTime_2510251632__sessionTime_202510251500__participant_P382__trialN_8__trialT_A01__fileType_cropped.png,1,,saveTime_2510251632__sessionTime_202510251500__participant_P382__trialN_8__trialT_A01__fileType_cropped.png
P382,202510251500,2510251636,9,1,2.5 Hz,2.5,EXPERIMENTAL,LIGHT,True,,saveTime_2510251636__sessionTime_202510251500__participant_P382__trialN_9__trialT_1__fileType_cropped.png,1,,saveTime_2510251636__sessionTime_202510251500__participant_P382__trialN_9__trialT_1__fileType_cropped.png
P382,202510251500,2510251641,10,5,20 Hz,20.0,EXPERIMENTAL,LIGHT,True,,saveTime_2510251641__sessionTime_202510251500__participant_P382__trialN_10__trialT_5__fileType_cropped.png,1,,saveTime_2510251641__sessionTime_202510251500__participant_P382__trialN_10__trialT_5__fileType_cropped.png
P382,202510251500,2510251644,11,1,2.5 Hz,2.5,EXPERIMENTAL,LIGHT,True,,saveTime_2510251644__sessionTime_202510251500__participant_P382__trialN_11__trialT_1__fileType_cropped.png,1,,saveTime_2510251644__sessionTime_202510251500__participant_P382__trialN_11__trialT_1__fileType_cropped.png
P382,202510251500,2510251657,12,B00,,,VALIDATION,IMAGE,True,,saveTime_2510251657__sessionTime_202510251500__participant_P382__trialN_12__trialT_B00__fileType_cropped.png,1,,saveTime_2510251657__sessionTime_202510251500__participant_P382__trialN_12__trialT_B00__fileType_cropped.png
P382,202510251500,2510251701,13,3,10 Hz,10.0,EXPERIMENTAL,LIGHT,True,,saveTime_2510251701__sessionTime_202510251500__participant_P382__trialN_13__trialT_3__fileType_cropped.png,1,,saveTime_2510251701__sessionTime_202510251500__participant_P382__trialN_13__trialT_3__fileType_cropped.png
P382,202510251500,2510251706,14,6,40 Hz,40.0,EXPERIMENTAL,LIGHT,True,,saveTime_2510251706__sessionTime_202510251500__participant_P382__trialN_14__trialT_6__fileType_cropped.png,1,,saveTime_2510251706__sessionTime_202510251500__participant_P382__trialN_14__trialT_6__fileType_cropped.png
P382,202510251500,2510251709,15,C03,,,VALIDATION,IMAGE,True,,saveTime_2510251709__sessionTime_202510251500__participant_P382__trialN_15__trialT_C03__fileType_cropped.png,1,,saveTime_2510251709__sessionTime_202510251500__participant_P382__trialN_15__trialT_C03__fileType_cropped.png
P382,202510251500,2510251713,16,5,20 Hz,20.0,EXPERIMENTAL,LIGHT,True,,saveTime_2510251713__sessionTime_202510251500__participant_P382__trialN_16__trialT_5__fileType_cropped.png,1,,saveTime_2510251713__sessionTime_202510251500__participant_P382__trialN_16__trialT_5__fileType_cropped.png
P382,202510251500,2510251717,17,3,10 Hz,10.0,EXPERIMENTAL,LIGHT,True,,saveTime_2510251717__sessionTime_202510251500__participant_P382__trialN_17__trialT_3__fileType_cropped.png,1,,saveTime_2510251717__sessionTime_202510251500__participant_P382__trialN_17__trialT_3__fileType_cropped.png
P383,202510251500,2510251557,2,4,15 Hz,15.0,EXPERIMENTAL,LIGHT,True,,saveTime_2510251557__sessionTime_202510251500__participant_P383__trialN_2__trialT_4__fileType_cropped.png,1,,saveTime_2510251557__sessionTime_202510251500__participant_P383__trialN_2__trialT_4__fileType_cropped.png
P383,202510251500,2510251601,3,6,40 Hz,40.0,EXPERIMENTAL,LIGHT,True,,saveTime_2510251601__sessionTime_202510251500__participant_P383__trialN_3__trialT_6__fileType_cropped.png,1,,saveTime_2510251601__sessionTime_202510251500__participant_P383__trialN_3__trialT_6__fileType_cropped.png
P383,202510251500,2510251605,4,2,5 Hz,5.0,EXPERIMENTAL,LIGHT,True,,saveTime_2510251605__sessionTime_202510251500__participant_P383__trialN_4__trialT_2__fileType_cropped.png,1,,saveTime_2510251605__sessionTime_202510251500__participant_P383__trialN_4__trialT_2__fileType_cropped.png
P383,202510251500,2510251609,5,2,5 Hz,5.0,EXPERIMENTAL,LIGHT,True,,saveTime_2510251609__sessionTime_202510251500__participant_P383__trialN_5__trialT_2__fileType_cropped.png,1,,saveTime_2510251609__sessionTime_202510251500__participant_P383__trialN_5__trialT_2__fileType_cropped.png
P383,202510251500,2510251625,6,4,15 Hz,15.0,EXPERIMENTAL,LIGHT,True,,saveTime_2510251625__sessionTime_202510251500__participant_P383__trialN_6__trialT_4__fileType_cropped.png,1,,saveTime_2510251625__sessionTime_202510251500__participant_P383__trialN_6__trialT_4__fileType_cropped.png
P383,202510251500,2510251629,7,7,80 Hz,80.0,CONTROL,LIGHT,True,,saveTime_2510251629__sessionTime_202510251500__participant_P383__trialN_7__trialT_7__fileType_cropped.png,1,,saveTime_2510251629__sessionTime_202510251500__participant_P383__trialN_7__trialT_7__fileType_cropped.png
P383,202510251500,2510251632,8,A01,,,VALIDATION,IMAGE,True,,saveTime_2510251632__sessionTime_202510251500__participant_P383__trialN_8__trialT_A01__fileType_cropped.png,1,,saveTime_2510251632__sessionTime_202510251500__participant_P383__trialN_8__trialT_A01__fileType_cropped.png
P383,202510251500,2510251636,9,1,2.5 Hz,2.5,EXPERIMENTAL,LIGHT,True,,saveTime_2510251636__sessionTime_202510251500__participant_P383__trialN_9__trialT_1__fileType_cropped.png,1,,saveTime_2510251636__sessionTime_202510251500__participant_P383__trialN_9__trialT_1__fileType_cropped.png
P383,202510251500,2510251640,10,5,20 Hz,20.0,EXPERIMENTAL,LIGHT,True,,saveTime_2510251640__sessionTime_202510251500__participant_P383__trialN_10__trialT_5__fileType_cropped.png,1,,saveTime_2510251640__sessionTime_202510251500__participant_P383__trialN_10__trialT_5__fileType_cropped.png
P383,202510251500,2510251644,11,1,2.5 Hz,2.5,EXPERIMENTAL,LIGHT,True,,saveTime_2510251644__sessionTime_202510251500__participant_P383__trialN_11__trialT_1__fileType_cropped.png,1,,saveTime_2510251644__sessionTime_202510251500__participant_P383__trialN_11__trialT_1__fileType_cropped.png
P383,202510251500,2510251658,12,B09,,,VALIDATION,IMAGE,True,,saveTime_2510251658__sessionTime_202510251500__participant_P383__trialN_12__trialT_B09__fileType_cropped.png,1,,saveTime_2510251658__sessionTime_202510251500__participant_P383__trialN_12__trialT_B09__fileType_cropped.png
P383,202510251500,2510251702,13,3,10 Hz,10.0,EXPERIMENTAL,LIGHT,True,,saveTime_2510251702__sessionTime_202510251500__participant_P383__trialN_13__trialT_3__fileType_cropped.png,1,,saveTime_2510251702__sessionTime_202510251500__participant_P383__trialN_13__trialT_3__fileType_cropped.png
P383,202510251500,2510251706,14,6,40 Hz,40.0,EXPERIMENTAL,LIGHT,True,,saveTime_2510251706__sessionTime_202510251500__participant_P383__trialN_14__trialT_6__fileType_cropped.png,1,,saveTime_2510251706__sessionTime_202510251500__participant_P383__trialN_14__trialT_6__fileType_cropped.png
P383,202510251500,2510251710,15,C12,,,VALIDATION,IMAGE,True,,saveTime_2510251710__sessionTime_202510251500__participant_P383__trialN_15__trialT_C12__fileType_cropped.png,1,,saveTime_2510251710__sessionTime_202510251500__participant_P383__trialN_15__trialT_C12__fileType_cropped.png
P383,202510251500,2510251714,16,5,20 Hz,20.0,EXPERIMENTAL,LIGHT,True,,saveTime_2510251714__sessionTime_202510251500__participant_P383__trialN_16__trialT_5__fileType_cropped.png,1,,saveTime_2510251714__sessionTime_202510251500__participant_P383__trialN_16__trialT_5__fileType_cropped.png
P383,202510251500,2510251717,17,3,10 Hz,10.0,EXPERIMENTAL,LIGHT,True,,saveTime_2510251717__sessionTime_202510251500__participant_P383__trialN_17__trialT_3__fileType_cropped.png,1,,saveTime_2510251717__sessionTime_202510251500__participant_P383__trialN_17__trialT_3__fileType_cropped.png
P384,202510251500,2510251557,2,4,15 Hz,15.0,EXPERIMENTAL,LIGHT,True,,saveTime_2510251557__sessionTime_202510251500__participant_P384__trialN_2__trialT_4__fileType_cropped.png,1,,saveTime_2510251557__sessionTime_202510251500__participant_P384__trialN_2__trialT_4__fileType_cropped.png
P384,202510251500,2510251601,3,6,40 Hz,40.0,EXPERIMENTAL,LIGHT,True,,saveTime_2510251601__sessionTime_202510251500__participant_P384__trialN_3__trialT_6__fileType_cropped.png,1,,saveTime_2510251601__sessionTime_202510251500__participant_P384__trialN_3__trialT_6__fileType_cropped.png
P384,202510251500,2510251606,4,2,5 Hz,5.0,EXPERIMENTAL,LIGHT,True,,saveTime_2510251606__sessionTime_202510251500__participant_P384__trialN_4__trialT_2__fileType_cropped.png,1,,saveTime_2510251606__sessionTime_202510251500__participant_P384__trialN_4__trialT_2__fileType_cropped.png
P384,202510251500,2510251609,5,2,5 Hz,5.0,EXPERIMENTAL,LIGHT,True,,saveTime_2510251609__sessionTime_202510251500__participant_P384__trialN_5__trialT_2__fileType_cropped.png,1,,saveTime_2510251609__sessionTime_202510251500__participant_P384__trialN_5__trialT_2__fileType_cropped.png
P384,202510251500,2510251625,6,4,15 Hz,15.0,EXPERIMENTAL,LIGHT,True,,saveTime_2510251625__sessionTime_202510251500__participant_P384__trialN_6__trialT_4__fileType_cropped.png,1,,saveTime_2510251625__sessionTime_202510251500__participant_P384__trialN_6__trialT_4__fileType_cropped.png
P384,202510251500,2510251629,7,7,80 Hz,80.0,CONTROL,LIGHT,True,,saveTime_2510251629__sessionTime_202510251500__participant_P384__trialN_7__trialT_7__fileType_cropped.png,1,,saveTime_2510251629__sessionTime_202510251500__participant_P384__trialN_7__trialT_7__fileType_cropped.png
P384,202510251500,2510251632,8,A03,,,VALIDATION,IMAGE,True,,saveTime_2510251632__sessionTime_202510251500__participant_P384__trialN_8__trialT_A03__fileType_cropped.png,1,,saveTime_2510251632__sessionTime_202510251500__participant_P384__trialN_8__trialT_A03__fileType_cropped.png
P384,202510251500,2510251636,9,1,2.5 Hz,2.5,EXPERIMENTAL,LIGHT,True,,saveTime_2510251636__sessionTime_202510251500__participant_P384__trialN_9__trialT_1__fileType_cropped.png,1,,saveTime_2510251636__sessionTime_202510251500__participant_P384__trialN_9__trialT_1__fileType_cropped.png
P384,202510251500,2510251640,10,5,20 Hz,20.0,EXPERIMENTAL,LIGHT,True,,saveTime_2510251640__sessionTime_202510251500__participant_P384__trialN_10__trialT_5__fileType_cropped.png,1,,saveTime_2510251640__sessionTime_202510251500__participant_P384__trialN_10__trialT_5__fileType_cropped.png
P384,202510251500,2510251644,11,1,2.5 Hz,2.5,EXPERIMENTAL,LIGHT,True,,saveTime_2510251644__sessionTime_202510251500__participant_P384__trialN_11__trialT_1__fileType_cropped.png,1,,saveTime_2510251644__sessionTime_202510251500__participant_P384__trialN_11__trialT_1__fileType_cropped.png
P384,202510251500,2510251657,12,B04,,,VALIDATION,IMAGE,True,,saveTime_2510251657__sessionTime_202510251500__participant_P384__trialN_12__trialT_B04__fileType_cropped.png,1,,saveTime_2510251657__sessionTime_202510251500__participant_P384__trialN_12__trialT_B04__fileType_cropped.png
P384,202510251500,2510251702,13,3,10 Hz,10.0,EXPERIMENTAL,LIGHT,True,,saveTime_2510251702__sessionTime_202510251500__participant_P384__trialN_13__trialT_3__fileType_cropped.png,1,,saveTime_2510251702__sessionTime_202510251500__participant_P384__trialN_13__trialT_3__fileType_cropped.png
P384,202510251500,2510251706,14,6,40 Hz,40.0,EXPERIMENTAL,LIGHT,True,,saveTime_2510251706__sessionTime_202510251500__participant_P384__trialN_14__trialT_6__fileType_cropped.png,1,,saveTime_2510251706__sessionTime_202510251500__participant_P384__trialN_14__trialT_6__fileType_cropped.png
P384,202510251500,2510251710,15,C10,,,VALIDATION,IMAGE,True,,saveTime_2510251710__sessionTime_202510251500__participant_P384__trialN_15__trialT_C10__fileType_cropped.png,1,,saveTime_2510251710__sessionTime_202510251500__participant_P384__trialN_15__trialT_C10__fileType_cropped.png
P384,202510251500,2510251714,16,5,20 Hz,20.0,EXPERIMENTAL,LIGHT,True,,saveTime_2510251714__sessionTime_202510251500__participant_P384__trialN_16__trialT_5__fileType_cropped.png,1,,saveTime_2510251714__sessionTime_202510251500__participant_P384__trialN_16__trialT_5__fileType_cropped.png
P384,202510251500,2510251718,17,3,10 Hz,10.0,EXPERIMENTAL,LIGHT,True,,saveTime_2510251718__sessionTime_202510251500__participant_P384__trialN_17__trialT_3__fileType_cropped.png,1,,saveTime_2510251718__sessionTime_202510251500__participant_P384__trialN_17__trialT_3__fileType_cropped.png
P385,202510251500,2510251558,2,4,15 Hz,15.0,EXPERIMENTAL,LIGHT,True,,saveTime_2510251558__sessionTime_202510251500__participant_P385__trialN_2__trialT_4__fileType_cropped.png,1,,saveTime_2510251558__sessionTime_202510251500__participant_P385__trialN_2__trialT_4__fileType_cropped.png
P385,202510251500,2510251601,3,6,40 Hz,40.0,EXPERIMENTAL,LIGHT,True,,saveTime_2510251601__sessionTime_202510251500__participant_P385__trialN_3__trialT_6__fileType_cropped.png,1,,saveTime_2510251601__sessionTime_202510251500__participant_P385__trialN_3__trialT_6__fileType_cropped.png
P385,202510251500,2510251605,4,2,5 Hz,5.0,EXPERIMENTAL,LIGHT,True,,saveTime_2510251605__sessionTime_202510251500__participant_P385__trialN_4__trialT_2__fileType_cropped.png,1,,saveTime_2510251605__sessionTime_202510251500__participant_P385__trialN_4__trialT_2__fileType_cropped.png
P385,202510251500,2510251609,5,2,5 Hz,5.0,EXPERIMENTAL,LIGHT,True,,saveTime_2510251609__sessionTime_202510251500__participant_P385__trialN_5__trialT_2__fileType_cropped.png,1,,saveTime_2510251609__sessionTime_202510251500__participant_P385__trialN_5__trialT_2__fileType_cropped.png
P385,202510251500,2510251625,6,4,15 Hz,15.0,EXPERIMENTAL,LIGHT,True,,saveTime_2510251625__sessionTime_202510251500__participant_P385__trialN_6__trialT_4__fileType_cropped.png,1,,saveTime_2510251625__sessionTime_202510251500__participant_P385__trialN_6__trialT_4__fileType_cropped.png
P385,202510251500,2510251629,7,7,80 Hz,80.0,CONTROL,LIGHT,True,,saveTime_2510251629__sessionTime_202510251500__participant_P385__trialN_7__trialT_7__fileType_cropped.png,1,,saveTime_2510251629__sessionTime_202510251500__participant_P385__trialN_7__trialT_7__fileType_cropped.png
P385,202510251500,2510251632,8,A04,,,VALIDATION,IMAGE,True,,saveTime_2510251632__sessionTime_202510251500__participant_P385__trialN_8__trialT_A04__fileType_cropped.png,1,,saveTime_2510251632__sessionTime_202510251500__participant_P385__trialN_8__trialT_A04__fileType_cropped.png
P385,202510251500,2510251636,9,1,2.5 Hz,2.5,EXPERIMENTAL,LIGHT,True,,saveTime_2510251636__sessionTime_202510251500__participant_P385__trialN_9__trialT_1__fileType_cropped.png,1,,saveTime_2510251636__sessionTime_202510251500__participant_P385__trialN_9__trialT_1__fileType_cropped.png
P385,202510251500,2510251640,10,5,20 Hz,20.0,EXPERIMENTAL,LIGHT,True,,saveTime_2510251640__sessionTime_202510251500__participant_P385__trialN_10__trialT_5__fileType_cropped.png,1,,saveTime_2510251640__sessionTime_202510251500__participant_P385__trialN_10__trialT_5__fileType_cropped.png
P385,202510251500,2510251644,11,1,2.5 Hz,2.5,EXPERIMENTAL,LIGHT,True,,saveTime_2510251644__sessionTime_202510251500__participant_P385__trialN_11__trialT_1__fileType_cropped.png,1,,saveTime_2510251644__sessionTime_202510251500__participant_P385__trialN_11__trialT_1__fileType_cropped.png
P385,202510251500,2510251658,12,B13,,,VALIDATION,IMAGE,True,,saveTime_2510251658__sessionTime_202510251500__participant_P385__trialN_12__trialT_B13__fileType_cropped.png,1,,saveTime_2510251658__sessionTime_202510251500__participant_P385__trialN_12__trialT_B13__fileType_cropped.png
P385,202510251500,2510251702,13,3,10 Hz,10.0,EXPERIMENTAL,LIGHT,True,,saveTime_2510251702__sessionTime_202510251500__participant_P385__trialN_13__trialT_3__fileType_cropped.png,1,,saveTime_2510251702__sessionTime_202510251500__participant_P385__trialN_13__trialT_3__fileType_cropped.png
P385,202510251500,2510251706,14,6,40 Hz,40.0,EXPERIMENTAL,LIGHT,True,,saveTime_2510251706__sessionTime_202510251500__participant_P385__trialN_14__trialT_6__fileType_cropped.png,1,,saveTime_2510251706__sessionTime_202510251500__participant_P385__trialN_14__trialT_6__fileType_cropped.png
P385,202510251500,2510251709,15,C09,,,VALIDATION,IMAGE,True,,saveTime_2510251709__sessionTime_202510251500__participant_P385__trialN_15__trialT_C09__fileType_cropped.png,1,,saveTime_2510251709__sessionTime_202510251500__participant_P385__trialN_15__trialT_C09__fileType_cropped.png
P385,202510251500,2510251714,16,5,20 Hz,20.0,EXPERIMENTAL,LIGHT,True,,saveTime_2510251714__sessionTime_202510251500__participant_P385__trialN_16__trialT_5__fileType_cropped.png,1,,saveTime_2510251714__sessionTime_202510251500__participant_P385__trialN_16__trialT_5__fileType_cropped.png
P385,202510251500,2510251718,17,3,10 Hz,10.0,EXPERIMENTAL,LIGHT,True,,saveTime_2510251718__sessionTime_202510251500__participant_P385__trialN_17__trialT_3__fileType_cropped.png,1,,saveTime_2510251718__sessionTime_202510251500__participant_P385__trialN_17__trialT_3__fileType_cropped.png
P386,202510261300,2510261358,2,6,40 Hz,40.0,EXPERIMENTAL,LIGHT,True,,saveTime_2510261358__sessionTime_202510261300__participant_P386__trialN_2__trialT_6__fileType_cropped.png,1,,saveTime_2510261358__sessionTime_202510261300__participant_P386__trialN_2__trialT_6__fileType_cropped.png
P386,202510261300,2510261402,3,7,80 Hz,80.0,CONTROL,LIGHT,True,,saveTime_2510261402__sessionTime_202510261300__participant_P386__trialN_3__trialT_7__fileType_cropped.png,1,,saveTime_2510261402__sessionTime_202510261300__participant_P386__trialN_3__trialT_7__fileType_cropped.png
P386,202510261300,2510261406,4,1,2.5 Hz,2.5,EXPERIMENTAL,LIGHT,True,,saveTime_2510261406__sessionTime_202510261300__participant_P386__trialN_4__trialT_1__fileType_cropped.png,1,,saveTime_2510261406__sessionTime_202510261300__participant_P386__trialN_4__trialT_1__fileType_cropped.png
P386,202510261300,2510261410,5,B14,,,VALIDATION,IMAGE,True,,saveTime_2510261410__sessionTime_202510261300__participant_P386__trialN_5__trialT_B14__fileType_cropped.png,1,,saveTime_2510261410__sessionTime_202510261300__participant_P386__trialN_5__trialT_B14__fileType_cropped.png
P386,202510261300,2510261423,6,C10,,,VALIDATION,IMAGE,True,,saveTime_2510261423__sessionTime_202510261300__participant_P386__trialN_6__trialT_C10__fileType_cropped.png,1,,saveTime_2510261423__sessionTime_202510261300__participant_P386__trialN_6__trialT_C10__fileType_cropped.png
P386,202510261300,2510261427,7,2,5 Hz,5.0,EXPERIMENTAL,LIGHT,True,,saveTime_2510261427__sessionTime_202510261300__participant_P386__trialN_7__trialT_2__fileType_cropped.png,1,,saveTime_2510261427__sessionTime_202510261300__participant_P386__trialN_7__trialT_2__fileType_cropped.png
P386,202510261300,2510261431,8,3,10 Hz,10.0,EXPERIMENTAL,LIGHT,True,,saveTime_2510261431__sessionTime_202510261300__participant_P386__trialN_8__trialT_3__fileType_cropped.png,1,,saveTime_2510261431__sessionTime_202510261300__participant_P386__trialN_8__trialT_3__fileType_cropped.png
P386,202510261300,2510261435,9,4,15 Hz,15.0,EXPERIMENTAL,LIGHT,True,,saveTime_2510261435__sessionTime_202510261300__participant_P386__trialN_9__trialT_4__fileType_cropped.png,1,,saveTime_2510261435__sessionTime_202510261300__participant_P386__trialN_9__trialT_4__fileType_cropped.png
P386,202510261300,2510261439,10,6,40 Hz,40.0,EXPERIMENTAL,LIGHT,True,,saveTime_2510261439__sessionTime_202510261300__participant_P386__trialN_10__trialT_6__fileType_cropped.png,1,,saveTime_2510261439__sessionTime_202510261300__participant_P386__trialN_10__trialT_6__fileType_cropped.png
P386,202510261300,2510261443,11,5,20 Hz,20.0,EXPERIMENTAL,LIGHT,True,,saveTime_2510261443__sessionTime_202510261300__participant_P386__trialN_11__trialT_5__fileType_cropped.png,1,,saveTime_2510261443__sessionTime_202510261300__participant_P386__trialN_11__trialT_5__fileType_cropped.png
P386,202510261300,2510261456,12,A02,,,VALIDATION,IMAGE,True,,saveTime_2510261456__sessionTime_202510261300__participant_P386__trialN_12__trialT_A02__fileType_cropped.png,1,,saveTime_2510261456__sessionTime_202510261300__participant_P386__trialN_12__trialT_A02__fileType_cropped.png
P386,202510261300,2510261459,13,1,2.5 Hz,2.5,EXPERIMENTAL,LIGHT,True,,saveTime_2510261459__sessionTime_202510261300__participant_P386__trialN_13__trialT_1__fileType_cropped.png,1,,saveTime_2510261459__sessionTime_202510261300__participant_P386__trialN_13__trialT_1__fileType_cropped.png
P386,202510261300,2510261502,14,3,10 Hz,10.0,EXPERIMENTAL,LIGHT,True,,saveTime_2510261502__sessionTime_202510261300__participant_P386__trialN_14__trialT_3__fileType_cropped.png,1,,saveTime_2510261502__sessionTime_202510261300__participant_P386__trialN_14__trialT_3__fileType_cropped.png
P386,202510261300,2510261506,15,5,20 Hz,20.0,EXPERIMENTAL,LIGHT,True,,saveTime_2510261506__sessionTime_202510261300__participant_P386__trialN_15__trialT_5__fileType_cropped.png,1,,saveTime_2510261506__sessionTime_202510261300__participant_P386__trialN_15__trialT_5__fileType_cropped.png
P386,202510261300,2510261510,16,4,15 Hz,15.0,EXPERIMENTAL,LIGHT,True,,saveTime_2510261510__sessionTime_202510261300__participant_P386__trialN_16__trialT_4__fileType_cropped.png,1,,saveTime_2510261510__sessionTime_202510261300__participant_P386__trialN_16__trialT_4__fileType_cropped.png
P386,202510261300,2510261513,17,2,5 Hz,5.0,EXPERIMENTAL,LIGHT,True,,saveTime_2510261513__sessionTime_202510261300__participant_P386__trialN_17__trialT_2__fileType_cropped.png,1,,saveTime_2510261513__sessionTime_202510261300__participant_P386__trialN_17__trialT_2__fileType_cropped.png
P387,202510261300,2510261358,2,6,40 Hz,40.0,EXPERIMENTAL,LIGHT,True,,saveTime_2510261358__sessionTime_202510261300__participant_P387__trialN_2__trialT_6__fileType_cropped.png,1,,saveTime_2510261358__sessionTime_202510261300__participant_P387__trialN_2__trialT_6__fileType_cropped.png
P387,202510261300,2510261401,3,7,80 Hz,80.0,CONTROL,LIGHT,True,,saveTime_2510261401__sessionTime_202510261300__participant_P387__trialN_3__trialT_7__fileType_cropped.png,1,,saveTime_2510261401__sessionTime_202510261300__participant_P387__trialN_3__trialT_7__fileType_cropped.png
P387,202510261300,2510261405,4,1,2.5 Hz,2.5,EXPERIMENTAL,LIGHT,True,,saveTime_2510261405__sessionTime_202510261300__participant_P387__trialN_4__trialT_1__fileType_cropped.png,1,,saveTime_2510261405__sessionTime_202510261300__participant_P387__trialN_4__trialT_1__fileType_cropped.png
P387,202510261300,2510261410,5,B13,,,VALIDATION,IMAGE,True,,saveTime_2510261410__sessionTime_202510261300__participant_P387__trialN_5__trialT_B13__fileType_cropped.png,1,,saveTime_2510261410__sessionTime_202510261300__participant_P387__trialN_5__trialT_B13__fileType_cropped.png
P387,202510261300,2510261423,6,C14,,,VALIDATION,IMAGE,True,,saveTime_2510261423__sessionTime_202510261300__participant_P387__trialN_6__trialT_C14__fileType_cropped.png,1,,saveTime_2510261423__sessionTime_202510261300__participant_P387__trialN_6__trialT_C14__fileType_cropped.png
P387,202510261300,2510261427,7,2,5 Hz,5.0,EXPERIMENTAL,LIGHT,True,,saveTime_2510261427__sessionTime_202510261300__participant_P387__trialN_7__trialT_2__fileType_cropped.png,1,,saveTime_2510261427__sessionTime_202510261300__participant_P387__trialN_7__trialT_2__fileType_cropped.png
P387,202510261300,2510261431,8,3,10 Hz,10.0,EXPERIMENTAL,LIGHT,True,,saveTime_2510261431__sessionTime_202510261300__participant_P387__trialN_8__trialT_3__fileType_cropped.png,1,,saveTime_2510261431__sessionTime_202510261300__participant_P387__trialN_8__trialT_3__fileType_cropped.png
P387,202510261300,2510261435,9,4,15 Hz,15.0,EXPERIMENTAL,LIGHT,True,,saveTime_2510261435__sessionTime_202510261300__participant_P387__trialN_9__trialT_4__fileType_cropped.png,1,,saveTime_2510261435__sessionTime_202510261300__participant_P387__trialN_9__trialT_4__fileType_cropped.png
P387,202510261300,2510261439,10,6,40 Hz,40.0,EXPERIMENTAL,LIGHT,True,,saveTime_2510261439__sessionTime_202510261300__participant_P387__trialN_10__trialT_6__fileType_cropped.png,1,,saveTime_2510261439__sessionTime_202510261300__participant_P387__trialN_10__trialT_6__fileType_cropped.png
P387,202510261300,2510261442,11,5,20 Hz,20.0,EXPERIMENTAL,LIGHT,True,,saveTime_2510261442__sessionTime_202510261300__participant_P387__trialN_11__trialT_5__fileType_cropped.png,1,,saveTime_2510261442__sessionTime_202510261300__participant_P387__trialN_11__trialT_5__fileType_cropped.png
P387,202510261300,2510261455,12,A14,,,VALIDATION,IMAGE,True,,saveTime_2510261455__sessionTime_202510261300__participant_P387__trialN_12__trialT_A14__fileType_cropped.png,1,,saveTime_2510261455__sessionTime_202510261300__participant_P387__trialN_12__trialT_A14__fileType_cropped.png
P387,202510261300,2510261458,13,1,2.5 Hz,2.5,EXPERIMENTAL,LIGHT,True,,saveTime_2510261458__sessionTime_202510261300__participant_P387__trialN_13__trialT_1__fileType_cropped.png,1,,saveTime_2510261458__sessionTime_202510261300__participant_P387__trialN_13__trialT_1__fileType_cropped.png
P387,202510261300,2510261502,14,3,10 Hz,10.0,EXPERIMENTAL,LIGHT,True,,saveTime_2510261502__sessionTime_202510261300__participant_P387__trialN_14__trialT_3__fileType_cropped.png,1,,saveTime_2510261502__sessionTime_202510261300__participant_P387__trialN_14__trialT_3__fileType_cropped.png
P387,202510261300,2510261506,15,5,20 Hz,20.0,EXPERIMENTAL,LIGHT,True,,saveTime_2510261506__sessionTime_202510261300__participant_P387__trialN_15__trialT_5__fileType_cropped.png,1,,saveTime_2510261506__sessionTime_202510261300__participant_P387__trialN_15__trialT_5__fileType_cropped.png
P387,202510261300,2510261510,16,4,15 Hz,15.0,EXPERIMENTAL,LIGHT,True,,saveTime_2510261510__sessionTime_202510261300__participant_P387__trialN_16__trialT_4__fileType_cropped.png,1,,saveTime_2510261510__sessionTime_202510261300__participant_P387__trialN_16__trialT_4__fileType_cropped.png
P387,202510261300,2510261514,17,2,5 Hz,5.0,EXPERIMENTAL,LIGHT,True,,saveTime_2510261514__sessionTime_202510261300__participant_P387__trialN_17__trialT_2__fileType_cropped.png,1,,saveTime_2510261514__sessionTime_202510261300__participant_P387__trialN_17__trialT_2__fileType_cropped.png
P388,202510261300,2510261358,2,6,40 Hz,40.0,EXPERIMENTAL,LIGHT,True,,saveTime_2510261358__sessionTime_202510261300__participant_P388__trialN_2__trialT_6__fileType_cropped.png,1,,saveTime_2510261358__sessionTime_202510261300__participant_P388__trialN_2__trialT_6__fileType_cropped.png
P388,202510261300,2510261401,3,7,80 Hz,80.0,CONTROL,LIGHT,True,,saveTime_2510261401__sessionTime_202510261300__participant_P388__trialN_3__trialT_7__fileType_cropped.png,1,,saveTime_2510261401__sessionTime_202510261300__participant_P388__trialN_3__trialT_7__fileType_cropped.png
P388,202510261300,2510261405,4,1,2.5 Hz,2.5,EXPERIMENTAL,LIGHT,True,,saveTime_2510261405__sessionTime_202510261300__participant_P388__trialN_4__trialT_1__fileType_cropped.png,1,,saveTime_2510261405__sessionTime_202510261300__participant_P388__trialN_4__trialT_1__fileType_cropped.png
P388,202510261300,2510261409,5,B08,,,VALIDATION,IMAGE,True,,saveTime_2510261409__sessionTime_202510261300__participant_P388__trialN_5__trialT_B08__fileType_cropped.png,1,,saveTime_2510261409__sessionTime_202510261300__participant_P388__trialN_5__trialT_B08__fileType_cropped.png
P388,202510261300,2510261423,6,C10,,,VALIDATION,IMAGE,True,,saveTime_2510261423__sessionTime_202510261300__participant_P388__trialN_6__trialT_C10__fileType_cropped.png,1,,saveTime_2510261423__sessionTime_202510261300__participant_P388__trialN_6__trialT_C10__fileType_cropped.png
P388,202510261300,2510261427,7,2,5 Hz,5.0,EXPERIMENTAL,LIGHT,True,,saveTime_2510261427__sessionTime_202510261300__participant_P388__trialN_7__trialT_2__fileType_cropped.png,1,,saveTime_2510261427__sessionTime_202510261300__participant_P388__trialN_7__trialT_2__fileType_cropped.png
P388,202510261300,2510261431,8,3,10 Hz,10.0,EXPERIMENTAL,LIGHT,True,,saveTime_2510261431__sessionTime_202510261300__participant_P388__trialN_8__trialT_3__fileType_cropped.png,1,,saveTime_2510261431__sessionTime_202510261300__participant_P388__trialN_8__trialT_3__fileType_cropped.png
P388,202510261300,2510261435,9,4,15 Hz,15.0,EXPERIMENTAL,LIGHT,True,,saveTime_2510261435__sessionTime_202510261300__participant_P388__trialN_9__trialT_4__fileType_cropped.png,1,,saveTime_2510261435__sessionTime_202510261300__participant_P388__trialN_9__trialT_4__fileType_cropped.png
P388,202510261300,2510261440,10,6,40 Hz,40.0,EXPERIMENTAL,LIGHT,True,,saveTime_2510261440__sessionTime_202510261300__participant_P388__trialN_10__trialT_6__fileType_cropped.png,1,,saveTime_2510261440__sessionTime_202510261300__participant_P388__trialN_10__trialT_6__fileType_cropped.png
P388,202510261300,2510261442,11,5,20 Hz,20.0,EXPERIMENTAL,LIGHT,True,,saveTime_2510261442__sessionTime_202510261300__participant_P388__trialN_11__trialT_5__fileType_cropped.png,1,,saveTime_2510261442__sessionTime_202510261300__participant_P388__trialN_11__trialT_5__fileType_cropped.png
P388,202510261300,2510261454,12,A05,,,VALIDATION,IMAGE,True,,saveTime_2510261454__sessionTime_202510261300__participant_P388__trialN_12__trialT_A05__fileType_cropped.png,1,,saveTime_2510261454__sessionTime_202510261300__participant_P388__trialN_12__trialT_A05__fileType_cropped.png
P388,202510261300,2510261458,13,1,2.5 Hz,2.5,EXPERIMENTAL,LIGHT,True,,saveTime_2510261458__sessionTime_202510261300__participant_P388__trialN_13__trialT_1__fileType_cropped.png,1,,saveTime_2510261458__sessionTime_202510261300__participant_P388__trialN_13__trialT_1__fileType_cropped.png
P388,202510261300,2510261502,14,3,10 Hz,10.0,EXPERIMENTAL,LIGHT,True,,saveTime_2510261502__sessionTime_202510261300__participant_P388__trialN_14__trialT_3__fileType_cropped.png,1,,saveTime_2510261502__sessionTime_202510261300__participant_P388__trialN_14__trialT_3__fileType_cropped.png
P388,202510261300,2510261506,15,5,20 Hz,20.0,EXPERIMENTAL,LIGHT,True,,saveTime_2510261506__sessionTime_202510261300__participant_P388__trialN_15__trialT_5__fileType_cropped.png,1,,saveTime_2510261506__sessionTime_202510261300__participant_P388__trialN_15__trialT_5__fileType_cropped.png
P388,202510261300,2510261510,16,4,15 Hz,15.0,EXPERIMENTAL,LIGHT,True,,saveTime_2510261510__sessionTime_202510261300__participant_P388__trialN_16__trialT_4__fileType_cropped.png,1,,saveTime_2510261510__sessionTime_202510261300__participant_P388__trialN_16__trialT_4__fileType_cropped.png
P388,202510261300,2510261513,17,2,5 Hz,5.0,EXPERIMENTAL,LIGHT,True,,saveTime_2510261513__sessionTime_202510261300__participant_P388__trialN_17__trialT_2__fileType_cropped.png,1,,saveTime_2510261513__sessionTime_202510261300__participant_P388__trialN_17__trialT_2__fileType_cropped.png
P389,202510261300,2510261358,2,6,40 Hz,40.0,EXPERIMENTAL,LIGHT,True,,saveTime_2510261358__sessionTime_202510261300__participant_P389__trialN_2__trialT_6__fileType_cropped.png,1,,saveTime_2510261358__sessionTime_202510261300__participant_P389__trialN_2__trialT_6__fileType_cropped.png
P389,202510261300,2510261400,3,7,80 Hz,80.0,CONTROL,LIGHT,True,,saveTime_2510261400__sessionTime_202510261300__participant_P389__trialN_3__trialT_7__fileType_cropped.png,1,,saveTime_2510261400__sessionTime_202510261300__participant_P389__trialN_3__trialT_7__fileType_cropped.png
P389,202510261300,2510261405,4,1,2.5 Hz,2.5,EXPERIMENTAL,LIGHT,True,,saveTime_2510261405__sessionTime_202510261300__participant_P389__trialN_4__trialT_1__fileType_cropped.png,1,,saveTime_2510261405__sessionTime_202510261300__participant_P389__trialN_4__trialT_1__fileType_cropped.png
P389,202510261300,2510261408,5,B01,,,VALIDATION,IMAGE,True,,saveTime_2510261408__sessionTime_202510261300__participant_P389__trialN_5__trialT_B01__fileType_cropped.png,1,,saveTime_2510261408__sessionTime_202510261300__participant_P389__trialN_5__trialT_B01__fileType_cropped.png
P389,202510261300,2510261422,6,C01,,,VALIDATION,IMAGE,True,,saveTime_2510261422__sessionTime_202510261300__participant_P389__trialN_6__trialT_C01__fileType_cropped.png,1,,saveTime_2510261422__sessionTime_202510261300__participant_P389__trialN_6__trialT_C01__fileType_cropped.png
P389,202510261300,2510261427,7,2,5 Hz,5.0,EXPERIMENTAL,LIGHT,True,,saveTime_2510261427__sessionTime_202510261300__participant_P389__trialN_7__trialT_2__fileType_cropped.png,1,,saveTime_2510261427__sessionTime_202510261300__participant_P389__trialN_7__trialT_2__fileType_cropped.png
P389,202510261300,2510261430,8,3,10 Hz,10.0,EXPERIMENTAL,LIGHT,True,,saveTime_2510261430__sessionTime_202510261300__participant_P389__trialN_8__trialT_3__fileType_cropped.png,1,,saveTime_2510261430__sessionTime_202510261300__participant_P389__trialN_8__trialT_3__fileType_cropped.png
P389,202510261300,2510261434,9,4,15 Hz,15.0,EXPERIMENTAL,LIGHT,True,,saveTime_2510261434__sessionTime_202510261300__participant_P389__trialN_9__trialT_4__fileType_cropped.png,1,,saveTime_2510261434__sessionTime_202510261300__participant_P389__trialN_9__trialT_4__fileType_cropped.png
P389,202510261300,2510261437,10,6,40 Hz,40.0,EXPERIMENTAL,LIGHT,True,,saveTime_2510261437__sessionTime_202510261300__participant_P389__trialN_10__trialT_6__fileType_cropped.png,1,,saveTime_2510261437__sessionTime_202510261300__participant_P389__trialN_10__trialT_6__fileType_cropped.png
P389,202510261300,2510261442,11,5,20 Hz,20.0,EXPERIMENTAL,LIGHT,True,,saveTime_2510261442__sessionTime_202510261300__participant_P389__trialN_11__trialT_5__fileType_cropped.png,1,,saveTime_2510261442__sessionTime_202510261300__participant_P389__trialN_11__trialT_5__fileType_cropped.png
P389,202510261300,2510261454,12,A07,,,VALIDATION,IMAGE,True,,saveTime_2510261454__sessionTime_202510261300__participant_P389__trialN_12__trialT_A07__fileType_cropped.png,1,,saveTime_2510261454__sessionTime_202510261300__participant_P389__trialN_12__trialT_A07__fileType_cropped.png
P389,202510261300,2510261458,13,1,2.5 Hz,2.5,EXPERIMENTAL,LIGHT,True,,saveTime_2510261458__sessionTime_202510261300__participant_P389__trialN_13__trialT_1__fileType_cropped.png,1,,saveTime_2510261458__sessionTime_202510261300__participant_P389__trialN_13__trialT_1__fileType_cropped.png
P389,202510261300,2510261501,14,3,10 Hz,10.0,EXPERIMENTAL,LIGHT,True,,saveTime_2510261501__sessionTime_202510261300__participant_P389__trialN_14__trialT_3__fileType_cropped.png,1,,saveTime_2510261501__sessionTime_202510261300__participant_P389__trialN_14__trialT_3__fileType_cropped.png
P389,202510261300,2510261505,15,5,20 Hz,20.0,EXPERIMENTAL,LIGHT,True,,saveTime_2510261505__sessionTime_202510261300__participant_P389__trialN_15__trialT_5__fileType_cropped.png,1,,saveTime_2510261505__sessionTime_202510261300__participant_P389__trialN_15__trialT_5__fileType_cropped.png
P389,202510261300,2510261509,16,4,15 Hz,15.0,EXPERIMENTAL,LIGHT,True,,saveTime_2510261509__sessionTime_202510261300__participant_P389__trialN_16__trialT_4__fileType_cropped.png,1,,saveTime_2510261509__sessionTime_202510261300__participant_P389__trialN_16__trialT_4__fileType_cropped.png
P389,202510261300,2510261513,17,2,5 Hz,5.0,EXPERIMENTAL,LIGHT,True,,saveTime_2510261513__sessionTime_202510261300__participant_P389__trialN_17__trialT_2__fileType_cropped.png,1,,saveTime_2510261513__sessionTime_202510261300__participant_P389__trialN_17__trialT_2__fileType_cropped.png
P390,202510261300,2510261358,2,6,40 Hz,40.0,EXPERIMENTAL,LIGHT,True,,saveTime_2510261358__sessionTime_202510261300__participant_P390__trialN_2__trialT_6__fileType_cropped.png,1,,saveTime_2510261358__sessionTime_202510261300__participant_P390__trialN_2__trialT_6__fileType_cropped.png
P390,202510261300,2510261401,3,7,80 Hz,80.0,CONTROL,LIGHT,True,,saveTime_2510261401__sessionTime_202510261300__participant_P390__trialN_3__trialT_7__fileType_cropped.png,1,,saveTime_2510261401__sessionTime_202510261300__participant_P390__trialN_3__trialT_7__fileType_cropped.png
P390,202510261300,2510261406,4,1,2.5 Hz,2.5,EXPERIMENTAL,LIGHT,True,,saveTime_2510261406__sessionTime_202510261300__participant_P390__trialN_4__trialT_1__fileType_cropped.png,1,,saveTime_2510261406__sessionTime_202510261300__participant_P390__trialN_4__trialT_1__fileType_cropped.png
P390,202510261300,2510261409,5,B06,,,VALIDATION,IMAGE,True,,saveTime_2510261409__sessionTime_202510261300__participant_P390__trialN_5__trialT_B06__fileType_cropped.png,1,,saveTime_2510261409__sessionTime_202510261300__participant_P390__trialN_5__trialT_B06__fileType_cropped.png
P390,202510261300,2510261423,6,C05,,,VALIDATION,IMAGE,True,,saveTime_2510261423__sessionTime_202510261300__participant_P390__trialN_6__trialT_C05__fileType_cropped.png,1,,saveTime_2510261423__sessionTime_202510261300__participant_P390__trialN_6__trialT_C05__fileType_cropped.png
P390,202510261300,2510261428,7,2,5 Hz,5.0,EXPERIMENTAL,LIGHT,True,,saveTime_2510261428__sessionTime_202510261300__participant_P390__trialN_7__trialT_2__fileType_cropped.png,1,,saveTime_2510261428__sessionTime_202510261300__participant_P390__trialN_7__trialT_2__fileType_cropped.png
P390,202510261300,2510261430,8,3,10 Hz,10.0,EXPERIMENTAL,LIGHT,True,,saveTime_2510261430__sessionTime_202510261300__participant_P390__trialN_8__trialT_3__fileType_cropped.png,1,,saveTime_2510261430__sessionTime_202510261300__participant_P390__trialN_8__trialT_3__fileType_cropped.png
P390,202510261300,2510261434,9,4,15 Hz,15.0,EXPERIMENTAL,LIGHT,True,,saveTime_2510261434__sessionTime_202510261300__participant_P390__trialN_9__trialT_4__fileType_cropped.png,1,,saveTime_2510261434__sessionTime_202510261300__participant_P390__trialN_9__trialT_4__fileType_cropped.png
P390,202510261300,2510261438,10,6,40 Hz,40.0,EXPERIMENTAL,LIGHT,True,,saveTime_2510261438__sessionTime_202510261300__participant_P390__trialN_10__trialT_6__fileType_cropped.png,1,,saveTime_2510261438__sessionTime_202510261300__participant_P390__trialN_10__trialT_6__fileType_cropped.png
P390,202510261300,2510261443,11,5,20 Hz,20.0,EXPERIMENTAL,LIGHT,True,,saveTime_2510261443__sessionTime_202510261300__participant_P390__trialN_11__trialT_5__fileType_cropped.png,1,,saveTime_2510261443__sessionTime_202510261300__participant_P390__trialN_11__trialT_5__fileType_cropped.png
P390,202510261300,2510261454,12,A04,,,VALIDATION,IMAGE,True,,saveTime_2510261454__sessionTime_202510261300__participant_P390__trialN_12__trialT_A04__fileType_cropped.png,1,,saveTime_2510261454__sessionTime_202510261300__participant_P390__trialN_12__trialT_A04__fileType_cropped.png
P390,202510261300,2510261459,13,1,2.5 Hz,2.5,EXPERIMENTAL,LIGHT,True,,saveTime_2510261459__sessionTime_202510261300__participant_P390__trialN_13__trialT_1__fileType_cropped.png,1,,saveTime_2510261459__sessionTime_202510261300__participant_P390__trialN_13__trialT_1__fileType_cropped.png
P390,202510261300,2510261502,14,3,10 Hz,10.0,EXPERIMENTAL,LIGHT,True,,saveTime_2510261502__sessionTime_202510261300__participant_P390__trialN_14__trialT_3__fileType_cropped.png,1,,saveTime_2510261502__sessionTime_202510261300__participant_P390__trialN_14__trialT_3__fileType_cropped.png
P390,202510261300,2510261507,15,5,20 Hz,20.0,EXPERIMENTAL,LIGHT,True,,saveTime_2510261507__sessionTime_202510261300__participant_P390__trialN_15__trialT_5__fileType_cropped.png,1,,saveTime_2510261507__sessionTime_202510261300__participant_P390__trialN_15__trialT_5__fileType_cropped.png
P390,202510261300,2510261510,16,4,15 Hz,15.0,EXPERIMENTAL,LIGHT,True,,saveTime_2510261510__sessionTime_202510261300__participant_P390__trialN_16__trialT_4__fileType_cropped.png,1,,saveTime_2510261510__sessionTime_202510261300__participant_P390__trialN_16__trialT_4__fileType_cropped.png
P390,202510261300,2510261514,17,2,5 Hz,5.0,EXPERIMENTAL,LIGHT,True,,saveTime_2510261514__sessionTime_202510261300__participant_P390__trialN_17__trialT_2__fileType_cropped.png,1,,saveTime_2510261514__sessionTime_202510261300__participant_P390__trialN_17__trialT_2__fileType_cropped.png
P391,202510261600,2510261652,2,6,40 Hz,40.0,EXPERIMENTAL,LIGHT,True,,saveTime_2510261652__sessionTime_202510261600__participant_P391__trialN_2__trialT_6__fileType_cropped.png,1,,saveTime_2510261652__sessionTime_202510261600__participant_P391__trialN_2__trialT_6__fileType_cropped.png
P391,202510261600,2510261657,3,4,15 Hz,15.0,EXPERIMENTAL,LIGHT,True,,saveTime_2510261657__sessionTime_202510261600__participant_P391__trialN_3__trialT_4__fileType_cropped.png,1,,saveTime_2510261657__sessionTime_202510261600__participant_P391__trialN_3__trialT_4__fileType_cropped.png
P391,202510261600,2510261700,4,1,2.5 Hz,2.5,EXPERIMENTAL,LIGHT,True,,saveTime_2510261700__sessionTime_202510261600__participant_P391__trialN_4__trialT_1__fileType_cropped.png,1,,saveTime_2510261700__sessionTime_202510261600__participant_P391__trialN_4__trialT_1__fileType_cropped.png
P391,202510261600,2510261705,5,4,15 Hz,15.0,EXPERIMENTAL,LIGHT,True,,saveTime_2510261705__sessionTime_202510261600__participant_P391__trialN_5__trialT_4__fileType_cropped.png,1,,saveTime_2510261705__sessionTime_202510261600__participant_P391__trialN_5__trialT_4__fileType_cropped.png
P391,202510261600,2510261716,6,B00,,,VALIDATION,IMAGE,True,,saveTime_2510261716__sessionTime_202510261600__participant_P391__trialN_6__trialT_B00__fileType_cropped.png,1,,saveTime_2510261716__sessionTime_202510261600__participant_P391__trialN_6__trialT_B00__fileType_cropped.png
P391,202510261600,2510261720,7,5,20 Hz,20.0,EXPERIMENTAL,LIGHT,True,,saveTime_2510261720__sessionTime_202510261600__participant_P391__trialN_7__trialT_5__fileType_cropped.png,1,,saveTime_2510261720__sessionTime_202510261600__participant_P391__trialN_7__trialT_5__fileType_cropped.png
P391,202510261600,2510261725,8,3,10 Hz,10.0,EXPERIMENTAL,LIGHT,True,,saveTime_2510261725__sessionTime_202510261600__participant_P391__trialN_8__trialT_3__fileType_cropped.png,1,,saveTime_2510261725__sessionTime_202510261600__participant_P391__trialN_8__trialT_3__fileType_cropped.png
P391,202510261600,2510261729,9,5,20 Hz,20.0,EXPERIMENTAL,LIGHT,True,,saveTime_2510261729__sessionTime_202510261600__participant_P391__trialN_9__trialT_5__fileType_cropped.png,1,,saveTime_2510261729__sessionTime_202510261600__participant_P391__trialN_9__trialT_5__fileType_cropped.png
P391,202510261600,2510261733,10,6,40 Hz,40.0,EXPERIMENTAL,LIGHT,True,,saveTime_2510261733__sessionTime_202510261600__participant_P391__trialN_10__trialT_6__fileType_cropped.png,1,,saveTime_2510261733__sessionTime_202510261600__participant_P391__trialN_10__trialT_6__fileType_cropped.png
P391,202510261600,2510261737,11,3,10 Hz,10.0,EXPERIMENTAL,LIGHT,True,,saveTime_2510261737__sessionTime_202510261600__participant_P391__trialN_11__trialT_3__fileType_cropped.png,1,,saveTime_2510261737__sessionTime_202510261600__participant_P391__trialN_11__trialT_3__fileType_cropped.png
P391,202510261600,2510261750,12,C00,,,VALIDATION,IMAGE,True,,saveTime_2510261750__sessionTime_202510261600__participant_P391__trialN_12__trialT_C00__fileType_cropped.png,1,,saveTime_2510261750__sessionTime_202510261600__participant_P391__trialN_12__trialT_C00__fileType_cropped.png
P391,202510261600,2510261755,13,7,80 Hz,80.0,CONTROL,LIGHT,True,,saveTime_2510261755__sessionTime_202510261600__participant_P391__trialN_13__trialT_7__fileType_cropped.png,1,,saveTime_2510261755__sessionTime_202510261600__participant_P391__trialN_13__trialT_7__fileType_cropped.png
P391,202510261600,2510261800,14,2,5 Hz,5.0,EXPERIMENTAL,LIGHT,True,,saveTime_2510261800__sessionTime_202510261600__participant_P391__trialN_14__trialT_2__fileType_cropped.png,1,,saveTime_2510261800__sessionTime_202510261600__participant_P391__trialN_14__trialT_2__fileType_cropped.png
P391,202510261600,2510261802,15,A12,,,VALIDATION,IMAGE,True,,saveTime_2510261802__sessionTime_202510261600__participant_P391__trialN_15__trialT_A12__fileType_cropped.png,1,,saveTime_2510261802__sessionTime_202510261600__participant_P391__trialN_15__trialT_A12__fileType_cropped.png
P391,202510261600,2510261806,16,2,5 Hz,5.0,EXPERIMENTAL,LIGHT,True,,saveTime_2510261806__sessionTime_202510261600__participant_P391__trialN_16__trialT_2__fileType_cropped.png,1,,saveTime_2510261806__sessionTime_202510261600__participant_P391__trialN_16__trialT_2__fileType_cropped.png
P391,202510261600,2510261810,17,1,2.5 Hz,2.5,EXPERIMENTAL,LIGHT,True,,saveTime_2510261810__sessionTime_202510261600__participant_P391__trialN_17__trialT_1__fileType_cropped.png,1,,saveTime_2510261810__sessionTime_202510261600__participant_P391__trialN_17__trialT_1__fileType_cropped.png
P392,202510261600,2510261652,2,6,40 Hz,40.0,EXPERIMENTAL,LIGHT,True,,saveTime_2510261652__sessionTime_202510261600__participant_P392__trialN_2__trialT_6__fileType_cropped.png,1,,saveTime_2510261652__sessionTime_202510261600__participant_P392__trialN_2__trialT_6__fileType_cropped.png
P392,202510261600,2510261656,3,4,15 Hz,15.0,EXPERIMENTAL,LIGHT,True,,saveTime_2510261656__sessionTime_202510261600__participant_P392__trialN_3__trialT_4__fileType_cropped.png,1,,saveTime_2510261656__sessionTime_202510261600__participant_P392__trialN_3__trialT_4__fileType_cropped.png
P392,202510261600,2510261700,4,1,2.5 Hz,2.5,EXPERIMENTAL,LIGHT,True,,saveTime_2510261700__sessionTime_202510261600__participant_P392__trialN_4__trialT_1__fileType_cropped.png,1,,saveTime_2510261700__sessionTime_202510261600__participant_P392__trialN_4__trialT_1__fileType_cropped.png
P392,202510261600,2510261705,5,4,15 Hz,15.0,EXPERIMENTAL,LIGHT,True,,saveTime_2510261705__sessionTime_202510261600__participant_P392__trialN_5__trialT_4__fileType_cropped.png,1,,saveTime_2510261705__sessionTime_202510261600__participant_P392__trialN_5__trialT_4__fileType_cropped.png
P392,202510261600,2510261716,6,B01,,,VALIDATION,IMAGE,True,,saveTime_2510261716__sessionTime_202510261600__participant_P392__trialN_6__trialT_B01__fileType_cropped.png,1,,saveTime_2510261716__sessionTime_202510261600__participant_P392__trialN_6__trialT_B01__fileType_cropped.png
P392,202510261600,2510261720,7,5,20 Hz,20.0,EXPERIMENTAL,LIGHT,True,,saveTime_2510261720__sessionTime_202510261600__participant_P392__trialN_7__trialT_5__fileType_cropped.png,1,,saveTime_2510261720__sessionTime_202510261600__participant_P392__trialN_7__trialT_5__fileType_cropped.png
P392,202510261600,2510261724,8,3,10 Hz,10.0,EXPERIMENTAL,LIGHT,True,,saveTime_2510261724__sessionTime_202510261600__participant_P392__trialN_8__trialT_3__fileType_cropped.png,1,,saveTime_2510261724__sessionTime_202510261600__participant_P392__trialN_8__trialT_3__fileType_cropped.png
P392,202510261600,2510261728,9,5,20 Hz,20.0,EXPERIMENTAL,LIGHT,True,,saveTime_2510261728__sessionTime_202510261600__participant_P392__trialN_9__trialT_5__fileType_cropped.png,1,,saveTime_2510261728__sessionTime_202510261600__participant_P392__trialN_9__trialT_5__fileType_cropped.png
P392,202510261600,2510261732,10,6,40 Hz,40.0,EXPERIMENTAL,LIGHT,True,,saveTime_2510261732__sessionTime_202510261600__participant_P392__trialN_10__trialT_6__fileType_cropped.png,1,,saveTime_2510261732__sessionTime_202510261600__participant_P392__trialN_10__trialT_6__fileType_cropped.png
P392,202510261600,2510261736,11,3,10 Hz,10.0,EXPERIMENTAL,LIGHT,True,,saveTime_2510261736__sessionTime_202510261600__participant_P392__trialN_11__trialT_3__fileType_cropped.png,1,,saveTime_2510261736__sessionTime_202510261600__participant_P392__trialN_11__trialT_3__fileType_cropped.png
P392,202510261600,2510261750,12,C02,,,VALIDATION,IMAGE,True,,saveTime_2510261750__sessionTime_202510261600__participant_P392__trialN_12__trialT_C02__fileType_cropped.png,1,,saveTime_2510261750__sessionTime_202510261600__participant_P392__trialN_12__trialT_C02__fileType_cropped.png
P392,202510261600,2510261755,13,7,80 Hz,80.0,CONTROL,LIGHT,True,,saveTime_2510261755__sessionTime_202510261600__participant_P392__trialN_13__trialT_7__fileType_cropped.png,1,,saveTime_2510261755__sessionTime_202510261600__participant_P392__trialN_13__trialT_7__fileType_cropped.png
P392,202510261600,2510261759,14,2,5 Hz,5.0,EXPERIMENTAL,LIGHT,True,,saveTime_2510261759__sessionTime_202510261600__participant_P392__trialN_14__trialT_2__fileType_cropped.png,1,,saveTime_2510261759__sessionTime_202510261600__participant_P392__trialN_14__trialT_2__fileType_cropped.png
P392,202510261600,2510261802,15,A06,,,VALIDATION,IMAGE,True,,saveTime_2510261802__sessionTime_202510261600__participant_P392__trialN_15__trialT_A06__fileType_cropped.png,1,,saveTime_2510261802__sessionTime_202510261600__participant_P392__trialN_15__trialT_A06__fileType_cropped.png
P392,202510261600,2510261806,16,2,5 Hz,5.0,EXPERIMENTAL,LIGHT,True,,saveTime_2510261806__sessionTime_202510261600__participant_P392__trialN_16__trialT_2__fileType_cropped.png,1,,saveTime_2510261806__sessionTime_202510261600__participant_P392__trialN_16__trialT_2__fileType_cropped.png
P392,202510261600,2510261810,17,1,2.5 Hz,2.5,EXPERIMENTAL,LIGHT,True,,saveTime_2510261810__sessionTime_202510261600__participant_P392__trialN_17__trialT_1__fileType_cropped.png,1,,saveTime_2510261810__sessionTime_202510261600__participant_P392__trialN_17__trialT_1__fileType_cropped.png
P393,202510261600,2510261652,2,6,40 Hz,40.0,EXPERIMENTAL,LIGHT,True,,saveTime_2510261652__sessionTime_202510261600__participant_P393__trialN_2__trialT_6__fileType_cropped.png,1,,saveTime_2510261652__sessionTime_202510261600__participant_P393__trialN_2__trialT_6__fileType_cropped.png
P393,202510261600,2510261657,3,4,15 Hz,15.0,EXPERIMENTAL,LIGHT,True,,saveTime_2510261657__sessionTime_202510261600__participant_P393__trialN_3__trialT_4__fileType_cropped.png,1,,saveTime_2510261657__sessionTime_202510261600__participant_P393__trialN_3__trialT_4__fileType_cropped.png
P393,202510261600,2510261700,4,1,2.5 Hz,2.5,EXPERIMENTAL,LIGHT,True,,saveTime_2510261700__sessionTime_202510261600__participant_P393__trialN_4__trialT_1__fileType_cropped.png,1,,saveTime_2510261700__sessionTime_202510261600__participant_P393__trialN_4__trialT_1__fileType_cropped.png
P393,202510261600,2510261704,5,4,15 Hz,15.0,EXPERIMENTAL,LIGHT,True,,saveTime_2510261704__sessionTime_202510261600__participant_P393__trialN_5__trialT_4__fileType_cropped.png,1,,saveTime_2510261704__sessionTime_202510261600__participant_P393__trialN_5__trialT_4__fileType_cropped.png
P393,202510261600,2510261716,6,B07,,,VALIDATION,IMAGE,True,,saveTime_2510261716__sessionTime_202510261600__participant_P393__trialN_6__trialT_B07__fileType_cropped.png,1,,saveTime_2510261716__sessionTime_202510261600__participant_P393__trialN_6__trialT_B07__fileType_cropped.png
P393,202510261600,2510261721,7,5,20 Hz,20.0,EXPERIMENTAL,LIGHT,True,,saveTime_2510261721__sessionTime_202510261600__participant_P393__trialN_7__trialT_5__fileType_cropped.png,1,,saveTime_2510261721__sessionTime_202510261600__participant_P393__trialN_7__trialT_5__fileType_cropped.png
P393,202510261600,2510261725,8,3,10 Hz,10.0,EXPERIMENTAL,LIGHT,True,,saveTime_2510261725__sessionTime_202510261600__participant_P393__trialN_8__trialT_3__fileType_cropped.png,1,,saveTime_2510261725__sessionTime_202510261600__participant_P393__trialN_8__trialT_3__fileType_cropped.png
P393,202510261600,2510261729,9,5,20 Hz,20.0,EXPERIMENTAL,LIGHT,True,,saveTime_2510261729__sessionTime_202510261600__participant_P393__trialN_9__trialT_5__fileType_cropped.png,1,,saveTime_2510261729__sessionTime_202510261600__participant_P393__trialN_9__trialT_5__fileType_cropped.png
P393,202510261600,2510261732,10,6,40 Hz,40.0,EXPERIMENTAL,LIGHT,True,,saveTime_2510261732__sessionTime_202510261600__participant_P393__trialN_10__trialT_6__fileType_cropped.png,1,,saveTime_2510261732__sessionTime_202510261600__participant_P393__trialN_10__trialT_6__fileType_cropped.png
P393,202510261600,2510261736,11,3,10 Hz,10.0,EXPERIMENTAL,LIGHT,True,,saveTime_2510261736__sessionTime_202510261600__participant_P393__trialN_11__trialT_3__fileType_cropped.png,1,,saveTime_2510261736__sessionTime_202510261600__participant_P393__trialN_11__trialT_3__fileType_cropped.png
P393,202510261600,2510261750,12,C03,,,VALIDATION,IMAGE,True,,saveTime_2510261750__sessionTime_202510261600__participant_P393__trialN_12__trialT_C03__fileType_cropped.png,1,,saveTime_2510261750__sessionTime_202510261600__participant_P393__trialN_12__trialT_C03__fileType_cropped.png
P393,202510261600,2510261755,13,7,80 Hz,80.0,CONTROL,LIGHT,True,,saveTime_2510261755__sessionTime_202510261600__participant_P393__trialN_13__trialT_7__fileType_cropped.png,1,,saveTime_2510261755__sessionTime_202510261600__participant_P393__trialN_13__trialT_7__fileType_cropped.png
P393,202510261600,2510261759,14,2,5 Hz,5.0,EXPERIMENTAL,LIGHT,True,,saveTime_2510261759__sessionTime_202510261600__participant_P393__trialN_14__trialT_2__fileType_cropped.png,1,,saveTime_2510261759__sessionTime_202510261600__participant_P393__trialN_14__trialT_2__fileType_cropped.png
P393,202510261600,2510261803,15,A07,,,VALIDATION,IMAGE,True,,saveTime_2510261803__sessionTime_202510261600__participant_P393__trialN_15__trialT_A07__fileType_cropped.png,1,,saveTime_2510261803__sessionTime_202510261600__participant_P393__trialN_15__trialT_A07__fileType_cropped.png
P393,202510261600,2510261806,16,2,5 Hz,5.0,EXPERIMENTAL,LIGHT,True,,saveTime_2510261806__sessionTime_202510261600__participant_P393__trialN_16__trialT_2__fileType_cropped.png,1,,saveTime_2510261806__sessionTime_202510261600__participant_P393__trialN_16__trialT_2__fileType_cropped.png
P393,202510261600,2510261811,17,1,2.5 Hz,2.5,EXPERIMENTAL,LIGHT,True,,saveTime_2510261811__sessionTime_202510261600__participant_P393__trialN_17__trialT_1__fileType_cropped.png,1,,saveTime_2510261811__sessionTime_202510261600__participant_P393__trialN_17__trialT_1__fileType_cropped.png
P394,202510261600,2510261652,2,6,40 Hz,40.0,EXPERIMENTAL,LIGHT,True,,saveTime_2510261652__sessionTime_202510261600__participant_P394__trialN_2__trialT_6__fileType_cropped.png,1,,saveTime_2510261652__sessionTime_202510261600__participant_P394__trialN_2__trialT_6__fileType_cropped.png
P394,202510261600,2510261657,3,4,15 Hz,15.0,EXPERIMENTAL,LIGHT,True,,saveTime_2510261657__sessionTime_202510261600__participant_P394__trialN_3__trialT_4__fileType_cropped.png,1,,saveTime_2510261657__sessionTime_202510261600__participant_P394__trialN_3__trialT_4__fileType_cropped.png
P394,202510261600,2510261700,4,1,2.5 Hz,2.5,EXPERIMENTAL,LIGHT,True,,saveTime_2510261700__sessionTime_202510261600__participant_P394__trialN_4__trialT_1__fileType_cropped.png,1,,saveTime_2510261700__sessionTime_202510261600__participant_P394__trialN_4__trialT_1__fileType_cropped.png
P394,202510261600,2510261704,5,4,15 Hz,15.0,EXPERIMENTAL,LIGHT,True,,saveTime_2510261704__sessionTime_202510261600__participant_P394__trialN_5__trialT_4__fileType_cropped.png,1,,saveTime_2510261704__sessionTime_202510261600__participant_P394__trialN_5__trialT_4__fileType_cropped.png
P394,202510261600,2510261717,6,B07,,,VALIDATION,IMAGE,True,,saveTime_2510261717__sessionTime_202510261600__participant_P394__trialN_6__trialT_B07__fileType_cropped.png,1,,saveTime_2510261717__sessionTime_202510261600__participant_P394__trialN_6__trialT_B07__fileType_cropped.png
P394,202510261600,2510261721,7,5,20 Hz,20.0,EXPERIMENTAL,LIGHT,True,,saveTime_2510261721__sessionTime_202510261600__participant_P394__trialN_7__trialT_5__fileType_cropped.png,1,,saveTime_2510261721__sessionTime_202510261600__participant_P394__trialN_7__trialT_5__fileType_cropped.png
P394,202510261600,2510261724,8,3,10 Hz,10.0,EXPERIMENTAL,LIGHT,True,,saveTime_2510261724__sessionTime_202510261600__participant_P394__trialN_8__trialT_3__fileType_cropped.png,1,,saveTime_2510261724__sessionTime_202510261600__participant_P394__trialN_8__trialT_3__fileType_cropped.png
P394,202510261600,2510261728,9,5,20 Hz,20.0,EXPERIMENTAL,LIGHT,True,,saveTime_2510261728__sessionTime_202510261600__participant_P394__trialN_9__trialT_5__fileType_cropped.png,1,,saveTime_2510261728__sessionTime_202510261600__participant_P394__trialN_9__trialT_5__fileType_cropped.png
P394,202510261600,2510261733,10,6,40 Hz,40.0,EXPERIMENTAL,LIGHT,True,,saveTime_2510261733__sessionTime_202510261600__participant_P394__trialN_10__trialT_6__fileType_cropped.png,1,,saveTime_2510261733__sessionTime_202510261600__participant_P394__trialN_10__trialT_6__fileType_cropped.png
P394,202510261600,2510261736,11,3,10 Hz,10.0,EXPERIMENTAL,LIGHT,True,,saveTime_2510261736__sessionTime_202510261600__participant_P394__trialN_11__trialT_3__fileType_cropped.png,1,,saveTime_2510261736__sessionTime_202510261600__participant_P394__trialN_11__trialT_3__fileType_cropped.png
P394,202510261600,2510261751,12,C12,,,VALIDATION,IMAGE,True,,saveTime_2510261751__sessionTime_202510261600__participant_P394__trialN_12__trialT_C12__fileType_cropped.png,1,,saveTime_2510261751__sessionTime_202510261600__participant_P394__trialN_12__trialT_C12__fileType_cropped.png
P394,202510261600,2510261754,13,7,80 Hz,80.0,CONTROL,LIGHT,True,,saveTime_2510261754__sessionTime_202510261600__participant_P394__trialN_13__trialT_7__fileType_cropped.png,1,,saveTime_2510261754__sessionTime_202510261600__participant_P394__trialN_13__trialT_7__fileType_cropped.png
P394,202510261600,2510261758,14,2,5 Hz,5.0,EXPERIMENTAL,LIGHT,True,,saveTime_2510261758__sessionTime_202510261600__participant_P394__trialN_14__trialT_2__fileType_cropped.png,1,,saveTime_2510261758__sessionTime_202510261600__participant_P394__trialN_14__trialT_2__fileType_cropped.png
P394,202510261600,2510261802,15,A14,,,VALIDATION,IMAGE,True,,saveTime_2510261802__sessionTime_202510261600__participant_P394__trialN_15__trialT_A14__fileType_cropped.png,1,,saveTime_2510261802__sessionTime_202510261600__participant_P394__trialN_15__trialT_A14__fileType_cropped.png
P394,202510261600,2510261805,16,2,5 Hz,5.0,EXPERIMENTAL,LIGHT,True,,saveTime_2510261805__sessionTime_202510261600__participant_P394__trialN_16__trialT_2__fileType_cropped.png,1,,saveTime_2510261805__sessionTime_202510261600__participant_P394__trialN_16__trialT_2__fileType_cropped.png
P394,202510261600,2510261809,17,1,2.5 Hz,2.5,EXPERIMENTAL,LIGHT,True,,saveTime_2510261809__sessionTime_202510261600__participant_P394__trialN_17__trialT_1__fileType_cropped.png,1,,saveTime_2510261809__sessionTime_202510261600__participant_P394__trialN_17__trialT_1__fileType_cropped.png
P395,202510261600,2510261653,2,6,40 Hz,40.0,EXPERIMENTAL,LIGHT,True,,saveTime_2510261653__sessionTime_202510261600__participant_P395__trialN_2__trialT_6__fileType_cropped.png,1,,saveTime_2510261653__sessionTime_202510261600__participant_P395__trialN_2__trialT_6__fileType_cropped.png
P395,202510261600,2510261657,3,4,15 Hz,15.0,EXPERIMENTAL,LIGHT,True,,saveTime_2510261657__sessionTime_202510261600__participant_P395__trialN_3__trialT_4__fileType_cropped.png,1,,saveTime_2510261657__sessionTime_202510261600__participant_P395__trialN_3__trialT_4__fileType_cropped.png
P395,202510261600,2510261701,4,1,2.5 Hz,2.5,EXPERIMENTAL,LIGHT,True,,saveTime_2510261701__sessionTime_202510261600__participant_P395__trialN_4__trialT_1__fileType_cropped.png,1,,saveTime_2510261701__sessionTime_202510261600__participant_P395__trialN_4__trialT_1__fileType_cropped.png
P395,202510261600,2510261704,5,4,15 Hz,15.0,EXPERIMENTAL,LIGHT,True,,saveTime_2510261704__sessionTime_202510261600__participant_P395__trialN_5__trialT_4__fileType_cropped.png,1,,saveTime_2510261704__sessionTime_202510261600__participant_P395__trialN_5__trialT_4__fileType_cropped.png
P395,202510261600,2510261716,6,B08,,,VALIDATION,IMAGE,True,,saveTime_2510261716__sessionTime_202510261600__participant_P395__trialN_6__trialT_B08__fileType_cropped.png,1,,saveTime_2510261716__sessionTime_202510261600__participant_P395__trialN_6__trialT_B08__fileType_cropped.png
P395,202510261600,2510261721,7,5,20 Hz,20.0,EXPERIMENTAL,LIGHT,True,,saveTime_2510261721__sessionTime_202510261600__participant_P395__trialN_7__trialT_5__fileType_cropped.png,1,,saveTime_2510261721__sessionTime_202510261600__participant_P395__trialN_7__trialT_5__fileType_cropped.png
P395,202510261600,2510261724,8,3,10 Hz,10.0,EXPERIMENTAL,LIGHT,True,,saveTime_2510261724__sessionTime_202510261600__participant_P395__trialN_8__trialT_3__fileType_cropped.png,1,,saveTime_2510261724__sessionTime_202510261600__participant_P395__trialN_8__trialT_3__fileType_cropped.png
P395,202510261600,2510261729,9,5,20 Hz,20.0,EXPERIMENTAL,LIGHT,True,,saveTime_2510261729__sessionTime_202510261600__participant_P395__trialN_9__trialT_5__fileType_cropped.png,1,,saveTime_2510261729__sessionTime_202510261600__participant_P395__trialN_9__trialT_5__fileType_cropped.png
P395,202510261600,2510261733,10,6,40 Hz,40.0,EXPERIMENTAL,LIGHT,True,,saveTime_2510261733__sessionTime_202510261600__participant_P395__trialN_10__trialT_6__fileType_cropped.png,1,,saveTime_2510261733__sessionTime_202510261600__participant_P395__trialN_10__trialT_6__fileType_cropped.png
P395,202510261600,2510261737,11,3,10 Hz,10.0,EXPERIMENTAL,LIGHT,True,,saveTime_2510261737__sessionTime_202510261600__participant_P395__trialN_11__trialT_3__fileType_cropped.png,1,,saveTime_2510261737__sessionTime_202510261600__participant_P395__trialN_11__trialT_3__fileType_cropped.png
P395,202510261600,2510261750,12,C09,,,VALIDATION,IMAGE,True,,saveTime_2510261750__sessionTime_202510261600__participant_P395__trialN_12__trialT_C09__fileType_cropped.png,1,,saveTime_2510261750__sessionTime_202510261600__participant_P395__trialN_12__trialT_C09__fileType_cropped.png
P395,202510261600,2510261753,13,7,80 Hz,80.0,CONTROL,LIGHT,True,,saveTime_2510261753__sessionTime_202510261600__participant_P395__trialN_13__trialT_7__fileType_cropped.png,1,,saveTime_2510261753__sessionTime_202510261600__participant_P395__trialN_13__trialT_7__fileType_cropped.png
P395,202510261600,2510261759,14,2,5 Hz,5.0,EXPERIMENTAL,LIGHT,True,,saveTime_2510261759__sessionTime_202510261600__participant_P395__trialN_14__trialT_2__fileType_cropped.png,1,,saveTime_2510261759__sessionTime_202510261600__participant_P395__trialN_14__trialT_2__fileType_cropped.png
P395,202510261600,2510261803,15,A11,,,VALIDATION,IMAGE,True,,saveTime_2510261803__sessionTime_202510261600__participant_P395__trialN_15__trialT_A11__fileType_cropped.png,1,,saveTime_2510261803__sessionTime_202510261600__participant_P395__trialN_15__trialT_A11__fileType_cropped.png
P395,202510261600,2510261807,16,2,5 Hz,5.0,EXPERIMENTAL,LIGHT,True,,saveTime_2510261807__sessionTime_202510261600__participant_P395__trialN_16__trialT_2__fileType_cropped.png,1,,saveTime_2510261807__sessionTime_202510261600__participant_P395__trialN_16__trialT_2__fileType_cropped.png
P395,202510261600,2510261811,17,1,2.5 Hz,2.5,EXPERIMENTAL,LIGHT,True,,saveTime_2510261811__sessionTime_202510261600__participant_P395__trialN_17__trialT_1__fileType_cropped.png,1,,saveTime_2510261811__sessionTime_202510261600__participant_P395__trialN_17__trialT_1__fileType_cropped.png
P396,202510261600,2510261653,2,6,40 Hz,40.0,EXPERIMENTAL,LIGHT,True,,saveTime_2510261653__sessionTime_202510261600__participant_P396__trialN_2__trialT_6__fileType_cropped.png,1,,saveTime_2510261653__sessionTime_202510261600__participant_P396__trialN_2__trialT_6__fileType_cropped.png
P396,202510261600,2510261656,3,4,15 Hz,15.0,EXPERIMENTAL,LIGHT,True,,saveTime_2510261656__sessionTime_202510261600__participant_P396__trialN_3__trialT_4__fileType_cropped.png,1,,saveTime_2510261656__sessionTime_202510261600__participant_P396__trialN_3__trialT_4__fileType_cropped.png
P396,202510261600,2510261701,4,1,2.5 Hz,2.5,EXPERIMENTAL,LIGHT,True,,saveTime_2510261701__sessionTime_202510261600__participant_P396__trialN_4__trialT_1__fileType_cropped.png,1,,saveTime_2510261701__sessionTime_202510261600__participant_P396__trialN_4__trialT_1__fileType_cropped.png
P396,202510261600,2510261705,5,4,15 Hz,15.0,EXPERIMENTAL,LIGHT,True,,saveTime_2510261705__sessionTime_202510261600__participant_P396__trialN_5__trialT_4__fileType_cropped.png,1,,saveTime_2510261705__sessionTime_202510261600__participant_P396__trialN_5__trialT_4__fileType_cropped.png
P396,202510261600,2510261717,6,B05,,,VALIDATION,IMAGE,True,,saveTime_2510261717__sessionTime_202510261600__participant_P396__trialN_6__trialT_B05__fileType_cropped.png,1,,saveTime_2510261717__sessionTime_202510261600__participant_P396__trialN_6__trialT_B05__fileType_cropped.png
P396,202510261600,2510261721,7,5,20 Hz,20.0,EXPERIMENTAL,LIGHT,True,,saveTime_2510261721__sessionTime_202510261600__participant_P396__trialN_7__trialT_5__fileType_cropped.png,1,,saveTime_2510261721__sessionTime_202510261600__participant_P396__trialN_7__trialT_5__fileType_cropped.png
P396,202510261600,2510261725,8,3,10 Hz,10.0,EXPERIMENTAL,LIGHT,True,,saveTime_2510261725__sessionTime_202510261600__participant_P396__trialN_8__trialT_3__fileType_cropped.png,1,,saveTime_2510261725__sessionTime_202510261600__participant_P396__trialN_8__trialT_3__fileType_cropped.png
P396,202510261600,2510261729,9,5,20 Hz,20.0,EXPERIMENTAL,LIGHT,True,,saveTime_2510261729__sessionTime_202510261600__participant_P396__trialN_9__trialT_5__fileType_cropped.png,1,,saveTime_2510261729__sessionTime_202510261600__participant_P396__trialN_9__trialT_5__fileType_cropped.png
P396,202510261600,2510261733,10,6,40 Hz,40.0,EXPERIMENTAL,LIGHT,True,,saveTime_2510261733__sessionTime_202510261600__participant_P396__trialN_10__trialT_6__fileType_cropped.png,1,,saveTime_2510261733__sessionTime_202510261600__participant_P396__trialN_10__trialT_6__fileType_cropped.png
P396,202510261600,2510261737,11,3,10 Hz,10.0,EXPERIMENTAL,LIGHT,True,,saveTime_2510261737__sessionTime_202510261600__participant_P396__trialN_11__trialT_3__fileType_cropped.png,1,,saveTime_2510261737__sessionTime_202510261600__participant_P396__trialN_11__trialT_3__fileType_cropped.png
P396,202510261600,2510261751,12,C07,,,VALIDATION,IMAGE,True,,saveTime_2510261751__sessionTime_202510261600__participant_P396__trialN_12__trialT_C07__fileType_cropped.png,1,,saveTime_2510261751__sessionTime_202510261600__participant_P396__trialN_12__trialT_C07__fileType_cropped.png
P396,202510261600,2510261755,13,7,80 Hz,80.0,CONTROL,LIGHT,True,,saveTime_2510261755__sessionTime_202510261600__participant_P396__trialN_13__trialT_7__fileType_cropped.png,1,,saveTime_2510261755__sessionTime_202510261600__participant_P396__trialN_13__trialT_7__fileType_cropped.png
P396,202510261600,2510261759,14,2,5 Hz,5.0,EXPERIMENTAL,LIGHT,True,,saveTime_2510261759__sessionTime_202510261600__participant_P396__trialN_14__trialT_2__fileType_cropped.png,1,,saveTime_2510261759__sessionTime_202510261600__participant_P396__trialN_14__trialT_2__fileType_cropped.png
P396,202510261600,2510261802,15,A04,,,VALIDATION,IMAGE,True,,saveTime_2510261802__sessionTime_202510261600__participant_P396__trialN_15__trialT_A04__fileType_cropped.png,1,,saveTime_2510261802__sessionTime_202510261600__participant_P396__trialN_15__trialT_A04__fileType_cropped.png
P396,202510261600,2510261807,16,2,5 Hz,5.0,EXPERIMENTAL,LIGHT,True,,saveTime_2510261807__sessionTime_202510261600__participant_P396__trialN_16__trialT_2__fileType_cropped.png,1,,saveTime_2510261807__sessionTime_202510261600__participant_P396__trialN_16__trialT_2__fileType_cropped.png
P396,202510261600,2510261810,17,1,2.5 Hz,2.5,EXPERIMENTAL,LIGHT,True,,saveTime_2510261810__sessionTime_202510261600__participant_P396__trialN_17__trialT_1__fileType_cropped.png,1,,saveTime_2510261810__sessionTime_202510261600__participant_P396__trialN_17__trialT_1__fileType_cropped.png
P397,202510261600,2510261653,2,6,40 Hz,40.0,EXPERIMENTAL,LIGHT,True,,saveTime_2510261653__sessionTime_202510261600__participant_P397__trialN_2__trialT_6__fileType_cropped.png,1,,saveTime_2510261653__sessionTime_202510261600__participant_P397__trialN_2__trialT_6__fileType_cropped.png
P397,202510261600,2510261657,3,4,15 Hz,15.0,EXPERIMENTAL,LIGHT,True,,saveTime_2510261657__sessionTime_202510261600__participant_P397__trialN_3__trialT_4__fileType_cropped.png,1,,saveTime_2510261657__sessionTime_202510261600__participant_P397__trialN_3__trialT_4__fileType_cropped.png
P397,202510261600,2510261701,4,1,2.5 Hz,2.5,EXPERIMENTAL,LIGHT,True,,saveTime_2510261701__sessionTime_202510261600__participant_P397__trialN_4__trialT_1__fileType_cropped.png,1,,saveTime_2510261701__sessionTime_202510261600__participant_P397__trialN_4__trialT_1__fileType_cropped.png
P397,202510261600,2510261705,5,4,15 Hz,15.0,EXPERIMENTAL,LIGHT,True,,saveTime_2510261705__sessionTime_202510261600__participant_P397__trialN_5__trialT_4__fileType_cropped.png,1,,saveTime_2510261705__sessionTime_202510261600__participant_P397__trialN_5__trialT_4__fileType_cropped.png
P397,202510261600,2510261717,6,B07,,,VALIDATION,IMAGE,True,,saveTime_2510261717__sessionTime_202510261600__participant_P397__trialN_6__trialT_B07__fileType_cropped.png,1,,saveTime_2510261717__sessionTime_202510261600__participant_P397__trialN_6__trialT_B07__fileType_cropped.png
P397,202510261600,2510261721,7,5,20 Hz,20.0,EXPERIMENTAL,LIGHT,True,,saveTime_2510261721__sessionTime_202510261600__participant_P397__trialN_7__trialT_5__fileType_cropped.png,1,,saveTime_2510261721__sessionTime_202510261600__participant_P397__trialN_7__trialT_5__fileType_cropped.png
P397,202510261600,2510261724,8,3,10 Hz,10.0,EXPERIMENTAL,LIGHT,True,,saveTime_2510261724__sessionTime_202510261600__participant_P397__trialN_8__trialT_3__fileType_cropped.png,1,,saveTime_2510261724__sessionTime_202510261600__participant_P397__trialN_8__trialT_3__fileType_cropped.png
P397,202510261600,2510261729,9,5,20 Hz,20.0,EXPERIMENTAL,LIGHT,True,,saveTime_2510261729__sessionTime_202510261600__participant_P397__trialN_9__trialT_5__fileType_cropped.png,1,,saveTime_2510261729__sessionTime_202510261600__participant_P397__trialN_9__trialT_5__fileType_cropped.png
P397,202510261600,2510261733,10,6,40 Hz,40.0,EXPERIMENTAL,LIGHT,True,,saveTime_2510261733__sessionTime_202510261600__participant_P397__trialN_10__trialT_6__fileType_cropped.png,1,,saveTime_2510261733__sessionTime_202510261600__participant_P397__trialN_10__trialT_6__fileType_cropped.png
P397,202510261600,2510261737,11,3,10 Hz,10.0,EXPERIMENTAL,LIGHT,True,,saveTime_2510261737__sessionTime_202510261600__participant_P397__trialN_11__trialT_3__fileType_cropped.png,1,,saveTime_2510261737__sessionTime_202510261600__participant_P397__trialN_11__trialT_3__fileType_cropped.png
P397,202510261600,2510261751,12,C10,,,VALIDATION,IMAGE,True,,saveTime_2510261751__sessionTime_202510261600__participant_P397__trialN_12__trialT_C10__fileType_cropped.png,1,,saveTime_2510261751__sessionTime_202510261600__participant_P397__trialN_12__trialT_C10__fileType_cropped.png
P397,202510261600,2510261755,13,7,80 Hz,80.0,CONTROL,LIGHT,True,,saveTime_2510261755__sessionTime_202510261600__participant_P397__trialN_13__trialT_7__fileType_cropped.png,1,,saveTime_2510261755__sessionTime_202510261600__participant_P397__trialN_13__trialT_7__fileType_cropped.png
P397,202510261600,2510261759,14,2,5 Hz,5.0,EXPERIMENTAL,LIGHT,True,,saveTime_2510261759__sessionTime_202510261600__participant_P397__trialN_14__trialT_2__fileType_cropped.png,1,,saveTime_2510261759__sessionTime_202510261600__participant_P397__trialN_14__trialT_2__fileType_cropped.png
P397,202510261600,2510261802,15,A11,,,VALIDATION,IMAGE,True,,saveTime_2510261802__sessionTime_202510261600__participant_P397__trialN_15__trialT_A11__fileType_cropped.png,1,,saveTime_2510261802__sessionTime_202510261600__participant_P397__trialN_15__trialT_A11__fileType_cropped.png
P397,202510261600,2510261806,16,2,5 Hz,5.0,EXPERIMENTAL,LIGHT,True,,saveTime_2510261806__sessionTime_202510261600__participant_P397__trialN_16__trialT_2__fileType_cropped.png,1,,saveTime_2510261806__sessionTime_202510261600__participant_P397__trialN_16__trialT_2__fileType_cropped.png
P397,202510261600,2510261811,17,1,2.5 Hz,2.5,EXPERIMENTAL,LIGHT,True,,saveTime_2510261811__sessionTime_202510261600__participant_P397__trialN_17__trialT_1__fileType_cropped.png,1,,saveTime_2510261811__sessionTime_202510261600__participant_P397__trialN_17__trialT_1__fileType_cropped.png
P398,202510261600,2510261653,2,6,40 Hz,40.0,EXPERIMENTAL,LIGHT,True,,saveTime_2510261653__sessionTime_202510261600__participant_P398__trialN_2__trialT_6__fileType_cropped.png,1,,saveTime_2510261653__sessionTime_202510261600__participant_P398__trialN_2__trialT_6__fileType_cropped.png
P398,202510261600,2510261657,3,4,15 Hz,15.0,EXPERIMENTAL,LIGHT,True,,saveTime_2510261657__sessionTime_202510261600__participant_P398__trialN_3__trialT_4__fileType_cropped.png,1,,saveTime_2510261657__sessionTime_202510261600__participant_P398__trialN_3__trialT_4__fileType_cropped.png
P398,202510261600,2510261701,4,1,2.5 Hz,2.5,EXPERIMENTAL,LIGHT,True,,saveTime_2510261701__sessionTime_202510261600__participant_P398__trialN_4__trialT_1__fileType_cropped.png,1,,saveTime_2510261701__sessionTime_202510261600__participant_P398__trialN_4__trialT_1__fileType_cropped.png
P398,202510261600,2510261705,5,4,15 Hz,15.0,EXPERIMENTAL,LIGHT,True,,saveTime_2510261705__sessionTime_202510261600__participant_P398__trialN_5__trialT_4__fileType_cropped.png,1,,saveTime_2510261705__sessionTime_202510261600__participant_P398__trialN_5__trialT_4__fileType_cropped.png
P398,202510261600,2510261716,6,B12,,,VALIDATION,IMAGE,True,,saveTime_2510261716__sessionTime_202510261600__participant_P398__trialN_6__trialT_B12__fileType_cropped.png,1,,saveTime_2510261716__sessionTime_202510261600__participant_P398__trialN_6__trialT_B12__fileType_cropped.png
P398,202510261600,2510261721,7,5,20 Hz,20.0,EXPERIMENTAL,LIGHT,True,,saveTime_2510261721__sessionTime_202510261600__participant_P398__trialN_7__trialT_5__fileType_cropped.png,1,,saveTime_2510261721__sessionTime_202510261600__participant_P398__trialN_7__trialT_5__fileType_cropped.png
P398,202510261600,2510261725,8,3,10 Hz,10.0,EXPERIMENTAL,LIGHT,True,,saveTime_2510261725__sessionTime_202510261600__participant_P398__trialN_8__trialT_3__fileType_cropped.png,1,,saveTime_2510261725__sessionTime_202510261600__participant_P398__trialN_8__trialT_3__fileType_cropped.png
P398,202510261600,2510261729,9,5,20 Hz,20.0,EXPERIMENTAL,LIGHT,True,,saveTime_2510261729__sessionTime_202510261600__participant_P398__trialN_9__trialT_5__fileType_cropped.png,1,,saveTime_2510261729__sessionTime_202510261600__participant_P398__trialN_9__trialT_5__fileType_cropped.png
P398,202510261600,2510261733,10,6,40 Hz,40.0,EXPERIMENTAL,LIGHT,True,,saveTime_2510261733__sessionTime_202510261600__participant_P398__trialN_10__trialT_6__fileType_cropped.png,1,,saveTime_2510261733__sessionTime_202510261600__participant_P398__trialN_10__trialT_6__fileType_cropped.png
P398,202510261600,2510261737,11,3,10 Hz,10.0,EXPERIMENTAL,LIGHT,True,,saveTime_2510261737__sessionTime_202510261600__participant_P398__trialN_11__trialT_3__fileType_cropped.png,1,,saveTime_2510261737__sessionTime_202510261600__participant_P398__trialN_11__trialT_3__fileType_cropped.png
P398,202510261600,2510261751,12,C09,,,VALIDATION,IMAGE,True,,saveTime_2510261751__sessionTime_202510261600__participant_P398__trialN_12__trialT_C09__fileType_cropped.png,1,,saveTime_2510261751__sessionTime_202510261600__participant_P398__trialN_12__trialT_C09__fileType_cropped.png
P398,202510261600,2510261755,13,7,80 Hz,80.0,CONTROL,LIGHT,True,,saveTime_2510261755__sessionTime_202510261600__participant_P398__trialN_13__trialT_7__fileType_cropped.png,1,,saveTime_2510261755__sessionTime_202510261600__participant_P398__trialN_13__trialT_7__fileType_cropped.png
P398,202510261600,2510261759,14,2,5 Hz,5.0,EXPERIMENTAL,LIGHT,True,,saveTime_2510261759__sessionTime_202510261600__participant_P398__trialN_14__trialT_2__fileType_cropped.png,1,,saveTime_2510261759__sessionTime_202510261600__participant_P398__trialN_14__trialT_2__fileType_cropped.png
P398,202510261600,2510261802,15,A02,,,VALIDATION,IMAGE,True,,saveTime_2510261802__sessionTime_202510261600__participant_P398__trialN_15__trialT_A02__fileType_cropped.png,1,,saveTime_2510261802__sessionTime_202510261600__participant_P398__trialN_15__trialT_A02__fileType_cropped.png
P398,202510261600,2510261806,16,2,5 Hz,5.0,EXPERIMENTAL,LIGHT,True,,saveTime_2510261806__sessionTime_202510261600__participant_P398__trialN_16__trialT_2__fileType_cropped.png,1,,saveTime_2510261806__sessionTime_202510261600__participant_P398__trialN_16__trialT_2__fileType_cropped.png
P398,202510261600,2510261811,17,1,2.5 Hz,2.5,EXPERIMENTAL,LIGHT,True,,saveTime_2510261811__sessionTime_202510261600__participant_P398__trialN_17__trialT_1__fileType_cropped.png,1,,saveTime_2510261811__sessionTime_202510261600__participant_P398__trialN_17__trialT_1__fileType_cropped.png
