Feature,DT,DN,HT,HN
detail,0.0,0.0427889455007034,0.0289707226253238,0.0
r_directionality,0.0,0.0074373379491409,0.0,0.0465363255326357
theta_directionality,0.0,0.0059596891078554,0.0,0.043303637958196396
brightness,0.0,0.0103821455175132,0.0,0.0118628919365428
contrast,0.0,0.002495829391534,0.0,0.0041710358353097
