participant_code,session_time,save_time,trialn,condition_code,condition_name,condition_hz,condition_type,stimulus_type,in_analysis,exclusion_reason,png_filename,n_files,missing_file_types,file_cropped,detail_raw,detail,r_directionality_raw,r_directionality,theta_directionality_raw,theta_directionality,brightness_raw,brightness,contrast_raw,contrast
P301,202510170920,2510171012,2,7,80 Hz,80.0,CONTROL,LIGHT,True,,saveTime_2510171012__sessionTime_202510170920__participant_P301__trialN_2__trialT_7__fileType_cropped.png,1,,saveTime_2510171012__sessionTime_202510170920__participant_P301__trialN_2__trialT_7__fileType_cropped.png,0.00087167,0.039372172,0.058478698,0.080751315,0.7149904,0.91532207,0.74662304,0.74662304,0.057108812,0.057108812
P301,202510170920,2510171017,3,2,5 Hz,5.0,EXPERIMENTAL,LIGHT,True,,saveTime_2510171017__sessionTime_202510170920__participant_P301__trialN_3__trialT_2__fileType_cropped.png,1,,saveTime_2510171017__sessionTime_202510170920__participant_P301__trialN_3__trialT_2__fileType_cropped.png,0.0007171157,0.03239116,0.08440801,0.11655624,0.5228878,0.6693947,0.72385925,0.72385925,0.11603404,0.11603404
P301,202510170920,2510171020,4,B09,,,VALIDATION,IMAGE,True,,saveTime_2510171020__sessionTime_202510170920__participant_P301__trialN_4__trialT_B09__fileType_cropped.png,1,,saveTime_2510171020__sessionTime_202510170920__participant_P301__trialN_4__trialT_B09__fileType_cropped.png,0.020521017,0.92690694,0.012184502,0.016825179,0.7584067,0.9709031,0.26773813,0.26773813,0.27450028,0.27450028
P301,202510170920,2510171023,5,2,5 Hz,5.0,EXPERIMENTAL,LIGHT,True,,saveTime_2510171023__sessionTime_202510170920__participant_P301__trialN_5__trialT_2__fileType_cropped.png,1,,saveTime_2510171023__sessionTime_202510170920__participant_P301__trialN_5__trialT_2__fileType_cropped.png,0.0007393141,0.033393834,0.08774295,0.12116135,0.56015986,0.7171099,0.7101676,0.7101676,0.091550805,0.091550805
P301,202510170920,2510171038,6,C00,,,VALIDATION,IMAGE,True,,saveTime_2510171038__sessionTime_202510170920__participant_P301__trialN_6__trialT_C00__fileType_cropped.png,1,,saveTime_2510171038__sessionTime_202510170920__participant_P301__trialN_6__trialT_C00__fileType_cropped.png,0.021250594,0.95986104,0.6087172,0.8405576,0.19835532,0.2539321,0.55772966,0.55772966,0.14073831,0.14073831
P301,202510170920,2510171041,7,4,15 Hz,15.0,EXPERIMENTAL,LIGHT,True,,saveTime_2510171041__sessionTime_202510170920__participant_P301__trialN_7__trialT_4__fileType_cropped.png,1,,saveTime_2510171041__sessionTime_202510170920__participant_P301__trialN_7__trialT_4__fileType_cropped.png,0.00058180076,0.026279164,0.2813899,0.38856205,0.28360945,0.3630734,0.80354285,0.80354285,0.10014987,0.10014987
P301,202510170920,2510171045,8,5,20 Hz,20.0,EXPERIMENTAL,LIGHT,True,,saveTime_2510171045__sessionTime_202510170920__participant_P301__trialN_8__trialT_5__fileType_cropped.png,1,,saveTime_2510171045__sessionTime_202510170920__participant_P301__trialN_8__trialT_5__fileType_cropped.png,0.0014018681,0.06332051,0.3601952,0.4973817,0.22541447,0.28857288,0.7688585,0.7688585,0.0530488,0.0530488
P301,202510170920,2510171048,9,3,10 Hz,10.0,EXPERIMENTAL,LIGHT,True,,saveTime_2510171048__sessionTime_202510170920__participant_P301__trialN_9__trialT_3__fileType_cropped.png,1,,saveTime_2510171048__sessionTime_202510170920__participant_P301__trialN_9__trialT_3__fileType_cropped.png,0.00031516913,0.014235769,0.21775138,0.30068573,0.449622,0.5756007,0.7876656,0.7876656,0.101700924,0.101700924
P301,202510170920,2510171052,10,4,15 Hz,15.0,EXPERIMENTAL,LIGHT,True,,saveTime_2510171052__sessionTime_202510170920__participant_P301__trialN_10__trialT_4__fileType_cropped.png,1,,saveTime_2510171052__sessionTime_202510170920__participant_P301__trialN_10__trialT_4__fileType_cropped.png,0.0016618087,0.07506169,0.74408793,1.0274866,0.039993584,0.051199306,0.7362215,0.7362215,0.13171527,0.13171527
P301,202510170920,2510171055,11,A10,,,VALIDATION,IMAGE,True,,saveTime_2510171055__sessionTime_202510170920__participant_P301__trialN_11__trialT_A10__fileType_cropped.png,1,,saveTime_2510171055__sessionTime_202510170920__participant_P301__trialN_11__trialT_A10__fileType_cropped.png,0.018522032,0.8366155,0.345463,0.4770385,0.46409458,0.5941283,0.6201055,0.6201055,0.027810229,0.027810229
P301,202510170920,2510171105,12,5,20 Hz,20.0,EXPERIMENTAL,LIGHT,True,,saveTime_2510171105__sessionTime_202510170920__participant_P301__trialN_12__trialT_5__fileType_cropped.png,1,,saveTime_2510171105__sessionTime_202510170920__participant_P301__trialN_12__trialT_5__fileType_cropped.png,0.0020224494,0.091351345,0.005544667,0.0076564485,0.90374374,1.1569619,0.8136474,0.8136474,0.10727783,0.10727783
P301,202510170920,2510171108,13,6,40 Hz,40.0,EXPERIMENTAL,LIGHT,True,,saveTime_2510171108__sessionTime_202510170920__participant_P301__trialN_13__trialT_6__fileType_cropped.png,1,,saveTime_2510171108__sessionTime_202510170920__participant_P301__trialN_13__trialT_6__fileType_cropped.png,0.0014291425,0.06455246,0.012984195,0.017929448,0.7739329,0.9907796,0.722114,0.722114,0.07344362,0.07344362
P301,202510170920,2510171112,14,6,40 Hz,40.0,EXPERIMENTAL,LIGHT,True,,saveTime_2510171112__sessionTime_202510170920__participant_P301__trialN_14__trialT_6__fileType_cropped.png,1,,saveTime_2510171112__sessionTime_202510170920__participant_P301__trialN_14__trialT_6__fileType_cropped.png,0.00065880513,0.029757349,0.34414643,0.4752205,0.25233048,0.32303044,0.8534399,0.8534399,0.06338793,0.06338793
P301,202510170920,2510171116,15,3,10 Hz,10.0,EXPERIMENTAL,LIGHT,True,,saveTime_2510171116__sessionTime_202510170920__participant_P301__trialN_15__trialT_3__fileType_cropped.png,1,,saveTime_2510171116__sessionTime_202510170920__participant_P301__trialN_15__trialT_3__fileType_cropped.png,0.0002947361,0.013312836,0.20127025,0.2779275,0.41608617,0.53266853,0.74422675,0.74422675,0.12709177,0.12709177
P301,202510170920,2510171119,16,1,2.5 Hz,2.5,EXPERIMENTAL,LIGHT,True,,saveTime_2510171119__sessionTime_202510170920__participant_P301__trialN_16__trialT_1__fileType_cropped.png,1,,saveTime_2510171119__sessionTime_202510170920__participant_P301__trialN_16__trialT_1__fileType_cropped.png,0.0013442354,0.060717322,0.044713147,0.061742913,0.82233226,1.0527399,0.75802076,0.75802076,0.13580035,0.13580035
P301,202510170920,2510171122,17,1,2.5 Hz,2.5,EXPERIMENTAL,LIGHT,True,,saveTime_2510171122__sessionTime_202510170920__participant_P301__trialN_17__trialT_1__fileType_cropped.png,1,,saveTime_2510171122__sessionTime_202510170920__participant_P301__trialN_17__trialT_1__fileType_cropped.png,0.0010188345,0.046019398,0.027971141,0.03862443,0.8589469,1.0996135,0.8292753,0.8292753,0.06753016,0.06753016
P302,202510170920,2510171013,2,7,80 Hz,80.0,CONTROL,LIGHT,True,,saveTime_2510171013__sessionTime_202510170920__participant_P302__trialN_2__trialT_7__fileType_cropped.png,1,,saveTime_2510171013__sessionTime_202510170920__participant_P302__trialN_2__trialT_7__fileType_cropped.png,0.003952876,0.17854615,0.82521975,1.1395189,0.028801395,0.0368712,0.99729615,0.99729615,0.011737228,0.011737228
P302,202510170920,2510171017,3,2,5 Hz,5.0,EXPERIMENTAL,LIGHT,True,,saveTime_2510171017__sessionTime_202510170920__participant_P302__trialN_3__trialT_2__fileType_cropped.png,1,,saveTime_2510171017__sessionTime_202510170920__participant_P302__trialN_3__trialT_2__fileType_cropped.png,0.0015149994,0.068430506,0.83597535,1.1543709,0.023807378,0.030477919,0.872286,0.872286,0.093229726,0.093229726
P302,202510170920,2510171021,4,B09,,,VALIDATION,IMAGE,True,,saveTime_2510171021__sessionTime_202510170920__participant_P302__trialN_4__trialT_B09__fileType_cropped.png,1,,saveTime_2510171021__sessionTime_202510170920__participant_P302__trialN_4__trialT_B09__fileType_cropped.png,0.021024188,0.94963455,0.016291557,0.022496475,0.69678587,0.8920169,0.40281063,0.40281063,0.48436436,0.48436436
P302,202510170920,2510171024,5,2,5 Hz,5.0,EXPERIMENTAL,LIGHT,True,,saveTime_2510171024__sessionTime_202510170920__participant_P302__trialN_5__trialT_2__fileType_cropped.png,1,,saveTime_2510171024__sessionTime_202510170920__participant_P302__trialN_5__trialT_2__fileType_cropped.png,0.00070103334,0.03166474,0.780937,1.0783702,0.059000596,0.075531855,0.99309486,0.99309486,0.044108897,0.044108897
P302,202510170920,2510171038,6,C14,,,VALIDATION,IMAGE,True,,saveTime_2510171038__sessionTime_202510170920__participant_P302__trialN_6__trialT_C14__fileType_cropped.png,1,,saveTime_2510171038__sessionTime_202510170920__participant_P302__trialN_6__trialT_C14__fileType_cropped.png,0.008568264,0.38701704,0.3216976,0.44422162,0.24692294,0.31610778,0.83449745,0.83449745,0.18565592,0.18565592
P302,202510170920,2510171041,7,4,15 Hz,15.0,EXPERIMENTAL,LIGHT,True,,saveTime_2510171041__sessionTime_202510170920__participant_P302__trialN_7__trialT_4__fileType_cropped.png,1,,saveTime_2510171041__sessionTime_202510170920__participant_P302__trialN_7__trialT_4__fileType_cropped.png,0.0031479208,0.14218739,0.5711459,0.78867656,0.15391776,0.19704366,0.9086239,0.9086239,0.065447435,0.065447435
P302,202510170920,2510171045,8,5,20 Hz,20.0,EXPERIMENTAL,LIGHT,True,,saveTime_2510171045__sessionTime_202510170920__participant_P302__trialN_8__trialT_5__fileType_cropped.png,1,,saveTime_2510171045__sessionTime_202510170920__participant_P302__trialN_8__trialT_5__fileType_cropped.png,0.0033019315,0.14914384,0.26494792,0.36585787,0.3015775,0.38607588,0.9952105,0.9952105,0.04042903,0.04042903
P302,202510170920,2510171049,9,3,10 Hz,10.0,EXPERIMENTAL,LIGHT,True,,saveTime_2510171049__sessionTime_202510170920__participant_P302__trialN_9__trialT_3__fileType_cropped.png,1,,saveTime_2510171049__sessionTime_202510170920__participant_P302__trialN_9__trialT_3__fileType_cropped.png,0.009285668,0.41942123,0.6956845,0.9606478,0.09601551,0.122917905,0.90481293,0.90481293,0.08081203,0.08081203
P302,202510170920,2510171052,10,4,15 Hz,15.0,EXPERIMENTAL,LIGHT,True,,saveTime_2510171052__sessionTime_202510170920__participant_P302__trialN_10__trialT_4__fileType_cropped.png,1,,saveTime_2510171052__sessionTime_202510170920__participant_P302__trialN_10__trialT_4__fileType_cropped.png,0.005514525,0.24908374,0.70866424,0.9785712,0.07867386,0.10071733,0.89839214,0.89839214,0.123864286,0.123864286
P302,202510170920,2510171056,11,A11,,,VALIDATION,IMAGE,True,,saveTime_2510171056__sessionTime_202510170920__participant_P302__trialN_11__trialT_A11__fileType_cropped.png,1,,saveTime_2510171056__sessionTime_202510170920__participant_P302__trialN_11__trialT_A11__fileType_cropped.png,0.016180938,0.7308714,0.3174563,0.43836498,0.3132265,0.4009888,0.4317545,0.4317545,0.25125453,0.25125453
P302,202510170920,2510171106,12,5,20 Hz,20.0,EXPERIMENTAL,LIGHT,True,,saveTime_2510171106__sessionTime_202510170920__participant_P302__trialN_12__trialT_5__fileType_cropped.png,1,,saveTime_2510171106__sessionTime_202510170920__participant_P302__trialN_12__trialT_5__fileType_cropped.png,0.0038129664,0.17222661,0.7053798,0.97403574,0.058854986,0.07534544,0.8700614,0.8700614,0.18315941,0.18315941
P302,202510170920,2510171109,13,6,40 Hz,40.0,EXPERIMENTAL,LIGHT,True,,saveTime_2510171109__sessionTime_202510170920__participant_P302__trialN_13__trialT_6__fileType_cropped.png,1,,saveTime_2510171109__sessionTime_202510170920__participant_P302__trialN_13__trialT_6__fileType_cropped.png,0.002390729,0.10798604,0.32081044,0.4429966,0.2640064,0.33797783,0.89982736,0.89982736,0.024258194,0.024258194
P302,202510170920,2510171112,14,6,40 Hz,40.0,EXPERIMENTAL,LIGHT,True,,saveTime_2510171112__sessionTime_202510170920__participant_P302__trialN_14__trialT_6__fileType_cropped.png,1,,saveTime_2510171112__sessionTime_202510170920__participant_P302__trialN_14__trialT_6__fileType_cropped.png,0.0039643073,0.17906247,0.32044578,0.44249305,0.24674729,0.3158829,0.83897364,0.83897364,0.14287958,0.14287958
P302,202510170920,2510171116,15,3,10 Hz,10.0,EXPERIMENTAL,LIGHT,True,,saveTime_2510171116__sessionTime_202510170920__participant_P302__trialN_15__trialT_3__fileType_cropped.png,1,,saveTime_2510171116__sessionTime_202510170920__participant_P302__trialN_15__trialT_3__fileType_cropped.png,0.010514543,0.4749279,0.46665582,0.6443897,0.15849088,0.20289811,0.82909584,0.82909584,0.2362697,0.2362697
P302,202510170920,2510171120,16,1,2.5 Hz,2.5,EXPERIMENTAL,LIGHT,True,,saveTime_2510171120__sessionTime_202510170920__participant_P302__trialN_16__trialT_1__fileType_cropped.png,1,,saveTime_2510171120__sessionTime_202510170920__participant_P302__trialN_16__trialT_1__fileType_cropped.png,0.0006257747,0.028265407,0.63533103,0.8773077,0.09075399,0.11618216,0.99088264,0.99088264,0.020941976,0.020941976
P302,202510170920,2510171124,17,1,2.5 Hz,2.5,EXPERIMENTAL,LIGHT,True,,saveTime_2510171124__sessionTime_202510170920__participant_P302__trialN_17__trialT_1__fileType_cropped.png,1,,saveTime_2510171124__sessionTime_202510170920__participant_P302__trialN_17__trialT_1__fileType_cropped.png,0.00080649403,0.03642826,0.03618437,0.049965806,0.54390955,0.69630647,0.90569377,0.90569377,0.034168944,0.034168944
P303,202510170920,2510171013,2,7,80 Hz,80.0,CONTROL,LIGHT,True,,saveTime_2510171013__sessionTime_202510170920__participant_P303__trialN_2__trialT_7__fileType_cropped.png,1,,saveTime_2510171013__sessionTime_202510170920__participant_P303__trialN_2__trialT_7__fileType_cropped.png,0.00025597255,0.0115619395,0.05034421,0.06951866,0.770873,0.98686236,0.6338764,0.6338764,0.26057458,0.26057458
P303,202510170920,2510171017,3,2,5 Hz,5.0,EXPERIMENTAL,LIGHT,True,,saveTime_2510171017__sessionTime_202510170920__participant_P303__trialN_3__trialT_2__fileType_cropped.png,1,,saveTime_2510171017__sessionTime_202510170920__participant_P303__trialN_3__trialT_2__fileType_cropped.png,0.0003761905,0.016992023,0.09606979,0.13265961,0.59178287,0.75759333,0.7683154,0.7683154,0.12496844,0.12496844
P303,202510170920,2510171020,4,B10,,,VALIDATION,IMAGE,True,,saveTime_2510171020__sessionTime_202510170920__participant_P303__trialN_4__trialT_B10__fileType_cropped.png,1,,saveTime_2510171020__sessionTime_202510170920__participant_P303__trialN_4__trialT_B10__fileType_cropped.png,0.016313612,0.73686415,0.82207525,1.1351767,0.020876328,0.026725624,0.25806576,0.25806576,0.25574154,0.25574154
P303,202510170920,2510171025,5,2,5 Hz,5.0,EXPERIMENTAL,LIGHT,True,,saveTime_2510171025__sessionTime_202510170920__participant_P303__trialN_5__trialT_2__fileType_cropped.png,1,,saveTime_2510171025__sessionTime_202510170920__participant_P303__trialN_5__trialT_2__fileType_cropped.png,0.00047548255,0.021476913,0.44565696,0.61539304,0.21933603,0.28079134,0.7497508,0.7497508,0.11388095,0.11388095
P303,202510170920,2510171038,6,C04,,,VALIDATION,IMAGE,True,,saveTime_2510171038__sessionTime_202510170920__participant_P303__trialN_6__trialT_C04__fileType_cropped.png,1,,saveTime_2510171038__sessionTime_202510170920__participant_P303__trialN_6__trialT_C04__fileType_cropped.png,0.027964234,1.2631072,0.2790043,0.38526788,0.30991763,0.3967528,0.15647572,0.15647572,0.2848773,0.2848773
P303,202510170920,2510171042,7,4,15 Hz,15.0,EXPERIMENTAL,LIGHT,True,,saveTime_2510171042__sessionTime_202510170920__participant_P303__trialN_7__trialT_4__fileType_cropped.png,1,,saveTime_2510171042__sessionTime_202510170920__participant_P303__trialN_7__trialT_4__fileType_cropped.png,0.00042300226,0.019106448,0.4949083,0.6834026,0.16491778,0.21112576,0.52962,0.52962,0.11715208,0.11715208
P303,202510170920,2510171046,8,5,20 Hz,20.0,EXPERIMENTAL,LIGHT,True,,saveTime_2510171046__sessionTime_202510170920__participant_P303__trialN_8__trialT_5__fileType_cropped.png,1,,saveTime_2510171046__sessionTime_202510170920__participant_P303__trialN_8__trialT_5__fileType_cropped.png,0.00036443974,0.016461257,0.10997008,0.15185407,0.58299214,0.7463395,0.62353486,0.62353486,0.13445486,0.13445486
P303,202510170920,2510171049,9,3,10 Hz,10.0,EXPERIMENTAL,LIGHT,True,,saveTime_2510171049__sessionTime_202510170920__participant_P303__trialN_9__trialT_3__fileType_cropped.png,1,,saveTime_2510171049__sessionTime_202510170920__participant_P303__trialN_9__trialT_3__fileType_cropped.png,0.00060901843,0.027508551,0.3181699,0.43935034,0.30347288,0.38850233,0.611722,0.611722,0.09979712,0.09979712
P303,202510170920,2510171052,10,4,15 Hz,15.0,EXPERIMENTAL,LIGHT,True,,saveTime_2510171052__sessionTime_202510170920__participant_P303__trialN_10__trialT_4__fileType_cropped.png,1,,saveTime_2510171052__sessionTime_202510170920__participant_P303__trialN_10__trialT_4__fileType_cropped.png,0.0005489003,0.024793094,0.20949274,0.28928164,0.41761225,0.5346222,0.656942,0.656942,0.11089034,0.11089034
P303,202510170920,2510171056,11,A09,,,VALIDATION,IMAGE,True,,saveTime_2510171056__sessionTime_202510170920__participant_P303__trialN_11__trialT_A09__fileType_cropped.png,1,,saveTime_2510171056__sessionTime_202510170920__participant_P303__trialN_11__trialT_A09__fileType_cropped.png,0.01324407,0.598217,0.8110175,1.1199074,0.021877285,0.028007038,0.12374339,0.12374339,0.11949678,0.11949678
P303,202510170920,2510171106,12,5,20 Hz,20.0,EXPERIMENTAL,LIGHT,True,,saveTime_2510171106__sessionTime_202510170920__participant_P303__trialN_12__trialT_5__fileType_cropped.png,1,,saveTime_2510171106__sessionTime_202510170920__participant_P303__trialN_12__trialT_5__fileType_cropped.png,0.00043662256,0.019721659,0.22397697,0.30928242,0.3234973,0.41413733,0.66641724,0.66641724,0.13802253,0.13802253
P303,202510170920,2510171109,13,6,40 Hz,40.0,EXPERIMENTAL,LIGHT,True,,saveTime_2510171109__sessionTime_202510170920__participant_P303__trialN_13__trialT_6__fileType_cropped.png,1,,saveTime_2510171109__sessionTime_202510170920__participant_P303__trialN_13__trialT_6__fileType_cropped.png,0.00045405806,0.020509196,0.12849762,0.17743814,0.49875787,0.63850385,0.6955975,0.6955975,0.1381517,0.1381517
P303,202510170920,2510171112,14,6,40 Hz,40.0,EXPERIMENTAL,LIGHT,True,,saveTime_2510171112__sessionTime_202510170920__participant_P303__trialN_14__trialT_6__fileType_cropped.png,1,,saveTime_2510171112__sessionTime_202510170920__participant_P303__trialN_14__trialT_6__fileType_cropped.png,0.00037497742,0.01693723,0.23761013,0.328108,0.41498238,0.5312554,0.7808257,0.7808257,0.13077183,0.13077183
P303,202510170920,2510171116,15,3,10 Hz,10.0,EXPERIMENTAL,LIGHT,True,,saveTime_2510171116__sessionTime_202510170920__participant_P303__trialN_15__trialT_3__fileType_cropped.png,1,,saveTime_2510171116__sessionTime_202510170920__participant_P303__trialN_15__trialT_3__fileType_cropped.png,0.00041259098,0.018636184,0.19024548,0.26270372,0.43637457,0.5586415,0.77846974,0.77846974,0.0866184,0.0866184
P303,202510170920,2510171120,16,1,2.5 Hz,2.5,EXPERIMENTAL,LIGHT,True,,saveTime_2510171120__sessionTime_202510170920__participant_P303__trialN_16__trialT_1__fileType_cropped.png,1,,saveTime_2510171120__sessionTime_202510170920__participant_P303__trialN_16__trialT_1__fileType_cropped.png,0.0002568469,0.011601431,0.3051389,0.42135626,0.45204136,0.5786979,0.8382951,0.8382951,0.09765838,0.09765838
P303,202510170920,2510171124,17,1,2.5 Hz,2.5,EXPERIMENTAL,LIGHT,True,,saveTime_2510171124__sessionTime_202510170920__participant_P303__trialN_17__trialT_1__fileType_cropped.png,1,,saveTime_2510171124__sessionTime_202510170920__participant_P303__trialN_17__trialT_1__fileType_cropped.png,0.000261552,0.011813954,0.27027148,0.373209,0.42735618,0.54709625,0.83151877,0.83151877,0.11104536,0.11104536
P304,202510170920,2510171013,2,7,80 Hz,80.0,CONTROL,LIGHT,True,,saveTime_2510171013__sessionTime_202510170920__participant_P304__trialN_2__trialT_7__fileType_cropped.png,1,,saveTime_2510171013__sessionTime_202510170920__participant_P304__trialN_2__trialT_7__fileType_cropped.png,0.000522724,0.023610746,0.15825243,0.21852559,0.38250193,0.48967436,0.8341155,0.8341155,0.18795641,0.18795641
P304,202510170920,2510171017,3,2,5 Hz,5.0,EXPERIMENTAL,LIGHT,True,,saveTime_2510171017__sessionTime_202510170920__participant_P304__trialN_3__trialT_2__fileType_cropped.png,1,,saveTime_2510171017__sessionTime_202510170920__participant_P304__trialN_3__trialT_2__fileType_cropped.png,0.0005801008,0.02620238,0.07578814,0.10465335,0.582626,0.74587077,0.71748525,0.71748525,0.08617957,0.08617957
P304,202510170920,2510171021,4,B05,,,VALIDATION,IMAGE,True,,saveTime_2510171021__sessionTime_202510170920__participant_P304__trialN_4__trialT_B05__fileType_cropped.png,1,,saveTime_2510171021__sessionTime_202510170920__participant_P304__trialN_4__trialT_B05__fileType_cropped.png,0.025318898,1.1436208,0.013045731,0.018014422,0.7692199,0.98474604,0.08061054,0.08061054,0.15481654,0.15481654
P304,202510170920,2510171024,5,2,5 Hz,5.0,EXPERIMENTAL,LIGHT,True,,saveTime_2510171024__sessionTime_202510170920__participant_P304__trialN_5__trialT_2__fileType_cropped.png,1,,saveTime_2510171024__sessionTime_202510170920__participant_P304__trialN_5__trialT_2__fileType_cropped.png,0.00028209563,0.012741883,0.033836428,0.04672361,0.64539385,0.82622546,0.343281,0.343281,0.33534992,0.33534992
P304,202510170920,2510171037,6,C09,,,VALIDATION,IMAGE,True,,saveTime_2510171037__sessionTime_202510170920__participant_P304__trialN_6__trialT_C09__fileType_cropped.png,1,,saveTime_2510171037__sessionTime_202510170920__participant_P304__trialN_6__trialT_C09__fileType_cropped.png,0.013468048,0.60833377,0.033033032,0.045614228,0.6561581,0.8400057,0.46031225,0.46031225,0.07814427,0.07814427
P304,202510170920,2510171041,7,4,15 Hz,15.0,EXPERIMENTAL,LIGHT,True,,saveTime_2510171041__sessionTime_202510170920__participant_P304__trialN_7__trialT_4__fileType_cropped.png,1,,saveTime_2510171041__sessionTime_202510170920__participant_P304__trialN_7__trialT_4__fileType_cropped.png,0.00047674906,0.021534119,0.09218274,0.12729211,0.5229971,0.66953456,0.29216588,0.29216588,0.24385165,0.24385165
P304,202510170920,2510171045,8,5,20 Hz,20.0,EXPERIMENTAL,LIGHT,True,,saveTime_2510171045__sessionTime_202510170920__participant_P304__trialN_8__trialT_5__fileType_cropped.png,1,,saveTime_2510171045__sessionTime_202510170920__participant_P304__trialN_8__trialT_5__fileType_cropped.png,0.00022468464,0.010148706,0.08849448,0.12219912,0.4871145,0.6235981,0.47413594,0.47413594,0.32975262,0.32975262
P304,202510170920,2510171049,9,3,10 Hz,10.0,EXPERIMENTAL,LIGHT,True,,saveTime_2510171049__sessionTime_202510170920__participant_P304__trialN_9__trialT_3__fileType_cropped.png,1,,saveTime_2510171049__sessionTime_202510170920__participant_P304__trialN_9__trialT_3__fileType_cropped.png,0.0024368542,0.11006945,0.20652819,0.285188,0.33744994,0.43199936,0.2130914,0.2130914,0.19399323,0.19399323
P304,202510170920,2510171052,10,4,15 Hz,15.0,EXPERIMENTAL,LIGHT,True,,saveTime_2510171052__sessionTime_202510170920__participant_P304__trialN_10__trialT_4__fileType_cropped.png,1,,saveTime_2510171052__sessionTime_202510170920__participant_P304__trialN_10__trialT_4__fileType_cropped.png,0.00019616143,0.008860351,0.06764534,0.093409225,0.56075877,0.7178766,0.29364032,0.29364032,0.18125129,0.18125129
P304,202510170920,2510171056,11,A12,,,VALIDATION,IMAGE,True,,saveTime_2510171056__sessionTime_202510170920__participant_P304__trialN_11__trialT_A12__fileType_cropped.png,1,,saveTime_2510171056__sessionTime_202510170920__participant_P304__trialN_11__trialT_A12__fileType_cropped.png,0.0024025189,0.10851858,0.22741108,0.31402448,0.36824512,0.47142297,0.7155115,0.7155115,0.24327461,0.24327461
P304,202510170920,2510171106,12,5,20 Hz,20.0,EXPERIMENTAL,LIGHT,True,,saveTime_2510171106__sessionTime_202510170920__participant_P304__trialN_12__trialT_5__fileType_cropped.png,1,,saveTime_2510171106__sessionTime_202510170920__participant_P304__trialN_12__trialT_5__fileType_cropped.png,0.00058669725,0.026500333,0.08926336,0.12326083,0.52592576,0.6732838,0.30885866,0.30885866,0.2222167,0.2222167
P304,202510170920,2510171109,13,6,40 Hz,40.0,EXPERIMENTAL,LIGHT,True,,saveTime_2510171109__sessionTime_202510170920__participant_P304__trialN_13__trialT_6__fileType_cropped.png,1,,saveTime_2510171109__sessionTime_202510170920__participant_P304__trialN_13__trialT_6__fileType_cropped.png,0.00047496625,0.021453593,0.16803712,0.23203693,0.43132576,0.552178,0.46633983,0.46633983,0.10960659,0.10960659
P304,202510170920,2510171112,14,6,40 Hz,40.0,EXPERIMENTAL,LIGHT,True,,saveTime_2510171112__sessionTime_202510170920__participant_P304__trialN_14__trialT_6__fileType_cropped.png,1,,saveTime_2510171112__sessionTime_202510170920__participant_P304__trialN_14__trialT_6__fileType_cropped.png,0.00024771635,0.011189017,0.05072595,0.0700458,0.611858,0.78329325,0.47550088,0.47550088,0.1092528,0.1092528
P304,202510170920,2510171116,15,3,10 Hz,10.0,EXPERIMENTAL,LIGHT,True,,saveTime_2510171116__sessionTime_202510170920__participant_P304__trialN_15__trialT_3__fileType_cropped.png,1,,saveTime_2510171116__sessionTime_202510170920__participant_P304__trialN_15__trialT_3__fileType_cropped.png,0.0004803202,0.021695422,0.09491937,0.13107103,0.5717608,0.73196125,0.47919807,0.47919807,0.1486838,0.1486838
P304,202510170920,2510171120,16,1,2.5 Hz,2.5,EXPERIMENTAL,LIGHT,True,,saveTime_2510171120__sessionTime_202510170920__participant_P304__trialN_16__trialT_1__fileType_cropped.png,1,,saveTime_2510171120__sessionTime_202510170920__participant_P304__trialN_16__trialT_1__fileType_cropped.png,0.0001819257,0.008217341,0.024035463,0.03318978,0.6619181,0.84737957,0.5631894,0.5631894,0.39366642,0.39366642
P304,202510170920,2510171124,17,1,2.5 Hz,2.5,EXPERIMENTAL,LIGHT,True,,saveTime_2510171124__sessionTime_202510170920__participant_P304__trialN_17__trialT_1__fileType_cropped.png,1,,saveTime_2510171124__sessionTime_202510170920__participant_P304__trialN_17__trialT_1__fileType_cropped.png,0.00020497834,0.009258598,0.045788594,0.06322797,0.565074,0.72340095,0.66534185,0.66534185,0.29313248,0.29313248
P305,202510170920,2510171013,2,7,80 Hz,80.0,CONTROL,LIGHT,True,,saveTime_2510171013__sessionTime_202510170920__participant_P305__trialN_2__trialT_7__fileType_cropped.png,1,,saveTime_2510171013__sessionTime_202510170920__participant_P305__trialN_2__trialT_7__fileType_cropped.png,0.00033385723,0.015079886,0.0360246,0.049745187,0.81672174,1.0455574,0.80325705,0.80325705,0.15042779,0.15042779
P305,202510170920,2510171017,3,2,5 Hz,5.0,EXPERIMENTAL,LIGHT,True,,saveTime_2510171017__sessionTime_202510170920__participant_P305__trialN_3__trialT_2__fileType_cropped.png,1,,saveTime_2510171017__sessionTime_202510170920__participant_P305__trialN_3__trialT_2__fileType_cropped.png,0.0018866052,0.08521544,0.2622518,0.36213487,0.32126743,0.4112827,0.9359429,0.9359429,0.081009686,0.081009686
P305,202510170920,2510171020,4,B12,,,VALIDATION,IMAGE,True,,saveTime_2510171020__sessionTime_202510170920__participant_P305__trialN_4__trialT_B12__fileType_cropped.png,1,,saveTime_2510171020__sessionTime_202510170920__participant_P305__trialN_4__trialT_B12__fileType_cropped.png,0.0076648407,0.34621063,0.2543362,0.3512045,0.27066872,0.34650683,0.17571813,0.17571813,0.33659923,0.33659923
P305,202510170920,2510171024,5,2,5 Hz,5.0,EXPERIMENTAL,LIGHT,True,,saveTime_2510171024__sessionTime_202510170920__participant_P305__trialN_5__trialT_2__fileType_cropped.png,1,,saveTime_2510171024__sessionTime_202510170920__participant_P305__trialN_5__trialT_2__fileType_cropped.png,0.004725629,0.21345036,0.27103367,0.3742615,0.4329578,0.55426735,0.91348064,0.91348064,0.18143705,0.18143705
P305,202510170920,2510171038,6,C05,,,VALIDATION,IMAGE,True,,saveTime_2510171038__sessionTime_202510170920__participant_P305__trialN_6__trialT_C05__fileType_cropped.png,1,,saveTime_2510171038__sessionTime_202510170920__participant_P305__trialN_6__trialT_C05__fileType_cropped.png,0.011622336,0.5249654,0.2857783,0.39462188,0.28896213,0.36992583,0.18187608,0.18187608,0.13940361,0.13940361
P305,202510170920,2510171041,7,4,15 Hz,15.0,EXPERIMENTAL,LIGHT,True,,saveTime_2510171041__sessionTime_202510170920__participant_P305__trialN_7__trialT_4__fileType_cropped.png,1,,saveTime_2510171041__sessionTime_202510170920__participant_P305__trialN_7__trialT_4__fileType_cropped.png,0.003426791,0.15478358,0.2107744,0.29105145,0.28552157,0.36552128,0.9225589,0.9225589,0.11532583,0.11532583
P305,202510170920,2510171045,8,5,20 Hz,20.0,EXPERIMENTAL,LIGHT,True,,saveTime_2510171045__sessionTime_202510170920__participant_P305__trialN_8__trialT_5__fileType_cropped.png,1,,saveTime_2510171045__sessionTime_202510170920__participant_P305__trialN_8__trialT_5__fileType_cropped.png,0.0059951455,0.27079272,0.36311674,0.50141597,0.23796341,0.30463788,0.9519545,0.9519545,0.075251445,0.075251445
P305,202510170920,2510171049,9,3,10 Hz,10.0,EXPERIMENTAL,LIGHT,True,,saveTime_2510171049__sessionTime_202510170920__participant_P305__trialN_9__trialT_3__fileType_cropped.png,1,,saveTime_2510171049__sessionTime_202510170920__participant_P305__trialN_9__trialT_3__fileType_cropped.png,0.0026884244,0.12143255,0.36542758,0.50460696,0.24834834,0.31793255,0.8117699,0.8117699,0.04151782,0.04151782
P305,202510170920,2510171053,10,4,15 Hz,15.0,EXPERIMENTAL,LIGHT,True,,saveTime_2510171053__sessionTime_202510170920__participant_P305__trialN_10__trialT_4__fileType_cropped.png,1,,saveTime_2510171053__sessionTime_202510170920__participant_P305__trialN_10__trialT_4__fileType_cropped.png,0.0050676796,0.22890033,0.26193237,0.3616938,0.27414316,0.35095477,0.9075285,0.9075285,0.14467034,0.14467034
P305,202510170920,2510171056,11,A04,,,VALIDATION,IMAGE,True,,saveTime_2510171056__sessionTime_202510170920__participant_P305__trialN_11__trialT_A04__fileType_cropped.png,1,,saveTime_2510171056__sessionTime_202510170920__participant_P305__trialN_11__trialT_A04__fileType_cropped.png,0.010812485,0.48838553,0.7242138,1.000043,0.11588967,0.14836057,0.008257498,0.008257498,0.034283284,0.034283284
P305,202510170920,2510171106,12,5,20 Hz,20.0,EXPERIMENTAL,LIGHT,True,,saveTime_2510171106__sessionTime_202510170920__participant_P305__trialN_12__trialT_5__fileType_cropped.png,1,,saveTime_2510171106__sessionTime_202510170920__participant_P305__trialN_12__trialT_5__fileType_cropped.png,0.0041408823,0.18703814,0.35850325,0.49504536,0.20231768,0.25900465,0.95019364,0.95019364,0.11281183,0.11281183
P305,202510170920,2510171109,13,6,40 Hz,40.0,EXPERIMENTAL,LIGHT,True,,saveTime_2510171109__sessionTime_202510170920__participant_P305__trialN_13__trialT_6__fileType_cropped.png,1,,saveTime_2510171109__sessionTime_202510170920__participant_P305__trialN_13__trialT_6__fileType_cropped.png,0.008311029,0.37539807,0.3582135,0.49464527,0.36041716,0.4614017,0.57600725,0.57600725,0.08692471,0.08692471
P305,202510170920,2510171113,14,6,40 Hz,40.0,EXPERIMENTAL,LIGHT,True,,saveTime_2510171113__sessionTime_202510170920__participant_P305__trialN_14__trialT_6__fileType_cropped.png,1,,saveTime_2510171113__sessionTime_202510170920__participant_P305__trialN_14__trialT_6__fileType_cropped.png,0.0006206925,0.028035853,0.34278908,0.47334617,0.32126182,0.4112755,0.56206626,0.56206626,0.2017053,0.2017053
P305,202510170920,2510171116,15,3,10 Hz,10.0,EXPERIMENTAL,LIGHT,True,,saveTime_2510171116__sessionTime_202510170920__participant_P305__trialN_15__trialT_3__fileType_cropped.png,1,,saveTime_2510171116__sessionTime_202510170920__participant_P305__trialN_15__trialT_3__fileType_cropped.png,0.0010796855,0.048767954,0.50240123,0.69374937,0.17222346,0.2204784,0.28747892,0.28747892,0.1879291,0.1879291
P305,202510170920,2510171120,16,1,2.5 Hz,2.5,EXPERIMENTAL,LIGHT,True,,saveTime_2510171120__sessionTime_202510170920__participant_P305__trialN_16__trialT_1__fileType_cropped.png,1,,saveTime_2510171120__sessionTime_202510170920__participant_P305__trialN_16__trialT_1__fileType_cropped.png,0.0005498646,0.024836652,0.3894032,0.53771406,0.27320588,0.34975487,0.43121332,0.43121332,0.43084866,0.43084866
P305,202510170920,2510171124,17,1,2.5 Hz,2.5,EXPERIMENTAL,LIGHT,True,,saveTime_2510171124__sessionTime_202510170920__participant_P305__trialN_17__trialT_1__fileType_cropped.png,1,,saveTime_2510171124__sessionTime_202510170920__participant_P305__trialN_17__trialT_1__fileType_cropped.png,0.0006638201,0.029983867,0.2940469,0.4060397,0.41899642,0.5363942,0.49636734,0.49636734,0.36289382,0.36289382
P306,202510171240,2510171332,2,2,5 Hz,5.0,EXPERIMENTAL,LIGHT,True,,saveTime_2510171332__sessionTime_202510171240__participant_P306__trialN_2__trialT_2__fileType_cropped.png,1,,saveTime_2510171332__sessionTime_202510171240__participant_P306__trialN_2__trialT_2__fileType_cropped.png,0.0004352173,0.019658186,0.6037101,0.83364344,0.11077136,0.14180815,0.96190774,0.96190774,0.09978152,0.09978152
P306,202510171240,2510171336,3,5,20 Hz,20.0,EXPERIMENTAL,LIGHT,True,,saveTime_2510171336__sessionTime_202510171240__participant_P306__trialN_3__trialT_5__fileType_cropped.png,1,,saveTime_2510171336__sessionTime_202510171240__participant_P306__trialN_3__trialT_5__fileType_cropped.png,0.00090241636,0.040760946,0.44916072,0.6202313,0.21182206,0.27117205,0.9749564,0.9749564,0.03468325,0.03468325
P306,202510171240,2510171355,5,5,20 Hz,20.0,EXPERIMENTAL,LIGHT,True,,saveTime_2510171355__sessionTime_202510171240__participant_P306__trialN_5__trialT_5__fileType_cropped.png,1,,saveTime_2510171355__sessionTime_202510171240__participant_P306__trialN_5__trialT_5__fileType_cropped.png,0.00066717016,0.030135186,0.38308293,0.52898663,0.10961903,0.14033297,0.85529363,0.85529363,0.18143308,0.18143308
P306,202510171240,2510171403,7,4,15 Hz,15.0,EXPERIMENTAL,LIGHT,True,,saveTime_2510171403__sessionTime_202510171240__participant_P306__trialN_7__trialT_4__fileType_cropped.png,1,,saveTime_2510171403__sessionTime_202510171240__participant_P306__trialN_7__trialT_4__fileType_cropped.png,0.00044373822,0.020043064,0.0566517,0.07822847,0.5787774,0.74094385,0.8399724,0.8399724,0.16418338,0.16418338
P306,202510171240,2510171408,8,6,40 Hz,40.0,EXPERIMENTAL,LIGHT,True,,saveTime_2510171408__sessionTime_202510171240__participant_P306__trialN_8__trialT_6__fileType_cropped.png,1,,saveTime_2510171408__sessionTime_202510171240__participant_P306__trialN_8__trialT_6__fileType_cropped.png,0.0012296871,0.05554333,0.21114142,0.29155824,0.37083346,0.47473654,0.9733992,0.9733992,0.029807804,0.029807804
P306,202510171240,2510171412,9,1,2.5 Hz,2.5,EXPERIMENTAL,LIGHT,True,,saveTime_2510171412__sessionTime_202510171240__participant_P306__trialN_9__trialT_1__fileType_cropped.png,1,,saveTime_2510171412__sessionTime_202510171240__participant_P306__trialN_9__trialT_1__fileType_cropped.png,0.00019630663,0.008866909,0.67496973,0.9320435,0.06295618,0.08059574,0.59043586,0.59043586,0.46572945,0.46572945
P306,202510171240,2510171416,10,6,40 Hz,40.0,EXPERIMENTAL,LIGHT,True,,saveTime_2510171416__sessionTime_202510171240__participant_P306__trialN_10__trialT_6__fileType_cropped.png,1,,saveTime_2510171416__sessionTime_202510171240__participant_P306__trialN_10__trialT_6__fileType_cropped.png,0.0014904438,0.06732136,0.39636737,0.5473307,0.2080661,0.2663637,0.977112,0.977112,0.031393886,0.031393886
P306,202510171240,2510171420,11,A07,,,VALIDATION,IMAGE,True,,saveTime_2510171420__sessionTime_202510171240__participant_P306__trialN_11__trialT_A07__fileType_cropped.png,1,,saveTime_2510171420__sessionTime_202510171240__participant_P306__trialN_11__trialT_A07__fileType_cropped.png,0.009333758,0.4215934,0.4009185,0.5536152,0.24927807,0.3191228,0.27719957,0.27719957,0.09707083,0.09707083
P306,202510171240,2510171436,12,7,80 Hz,80.0,CONTROL,LIGHT,True,,saveTime_2510171436__sessionTime_202510171240__participant_P306__trialN_12__trialT_7__fileType_cropped.png,1,,saveTime_2510171436__sessionTime_202510171240__participant_P306__trialN_12__trialT_7__fileType_cropped.png,0.00054865057,0.024781814,0.03698062,0.051065326,0.71831375,0.91957664,0.9581274,0.9581274,0.059328604,0.059328604
P306,202510171240,2510171440,13,C14,,,VALIDATION,IMAGE,True,,saveTime_2510171440__sessionTime_202510171240__participant_P306__trialN_13__trialT_C14__fileType_cropped.png,1,,saveTime_2510171440__sessionTime_202510171240__participant_P306__trialN_13__trialT_C14__fileType_cropped.png,0.015185584,0.6859126,0.28451574,0.39287844,0.30204272,0.38667145,0.51064134,0.51064134,0.1336104,0.1336104
P306,202510171240,2510171445,14,1,2.5 Hz,2.5,EXPERIMENTAL,LIGHT,True,,saveTime_2510171445__sessionTime_202510171240__participant_P306__trialN_14__trialT_1__fileType_cropped.png,1,,saveTime_2510171445__sessionTime_202510171240__participant_P306__trialN_14__trialT_1__fileType_cropped.png,0.00050380407,0.022756157,0.78920746,1.0897906,0.03449411,0.044158943,0.86501044,0.86501044,0.19787402,0.19787402
P306,202510171240,2510171449,15,3,10 Hz,10.0,EXPERIMENTAL,LIGHT,True,,saveTime_2510171449__sessionTime_202510171240__participant_P306__trialN_15__trialT_3__fileType_cropped.png,1,,saveTime_2510171449__sessionTime_202510171240__participant_P306__trialN_15__trialT_3__fileType_cropped.png,0.00028680195,0.012954461,0.33311787,0.4599915,0.29163525,0.37334794,0.9004825,0.9004825,0.18026868,0.18026868
P306,202510171240,2510171454,16,4,15 Hz,15.0,EXPERIMENTAL,LIGHT,True,,saveTime_2510171454__sessionTime_202510171240__participant_P306__trialN_16__trialT_4__fileType_cropped.png,1,,saveTime_2510171454__sessionTime_202510171240__participant_P306__trialN_16__trialT_4__fileType_cropped.png,0.0014307395,0.0646246,0.3102168,0.4283682,0.32530168,0.41644728,0.8229589,0.8229589,0.23190185,0.23190185
P306,202510171240,2510171456,17,B04,,,VALIDATION,IMAGE,True,,saveTime_2510171456__sessionTime_202510171240__participant_P306__trialN_17__trialT_B04__fileType_cropped.png,1,,saveTime_2510171456__sessionTime_202510171240__participant_P306__trialN_17__trialT_B04__fileType_cropped.png,0.015699651,0.7091323,0.50824594,0.70182014,0.2291203,0.29331705,0.5775848,0.5775848,0.23484956,0.23484956
P306,202510171240,2512051119,101,2,5 Hz,5.0,EXPERIMENTAL,LIGHT,True,,saveTime_2512051119__sessionTime_202510171240__participant_P306__trialN_101__trialT_2__fileType_cropped.png,1,,saveTime_2512051119__sessionTime_202510171240__participant_P306__trialN_101__trialT_2__fileType_cropped.png,0.001096947,0.049547635,0.55165946,0.7617684,0.20152499,0.25798985,0.8262565,0.8262565,0.07922318,0.07922318
P306,202510171240,2512051123,102,3,10 Hz,10.0,EXPERIMENTAL,LIGHT,True,,saveTime_2512051123__sessionTime_202510171240__participant_P306__trialN_102__trialT_3__fileType_cropped.png,1,,saveTime_2512051123__sessionTime_202510171240__participant_P306__trialN_102__trialT_3__fileType_cropped.png,0.0014984164,0.06768147,0.11531339,0.15923247,0.5251998,0.6723544,0.7245293,0.7245293,0.14853607,0.14853607
P307,202510171240,2510171332,2,2,5 Hz,5.0,EXPERIMENTAL,LIGHT,True,,saveTime_2510171332__sessionTime_202510171240__participant_P307__trialN_2__trialT_2__fileType_cropped.png,1,,saveTime_2510171332__sessionTime_202510171240__participant_P307__trialN_2__trialT_2__fileType_cropped.png,0.0011556599,0.052199617,0.1885407,0.26034966,0.38802007,0.4967386,0.68335307,0.68335307,0.1076554,0.1076554
P307,202510171240,2510171336,3,5,20 Hz,20.0,EXPERIMENTAL,LIGHT,True,,saveTime_2510171336__sessionTime_202510171240__participant_P307__trialN_3__trialT_5__fileType_cropped.png,1,,saveTime_2510171336__sessionTime_202510171240__participant_P307__trialN_3__trialT_5__fileType_cropped.png,0.0010707944,0.048366357,0.6324625,0.8733467,0.053796772,0.06886998,0.72780293,0.72780293,0.08435153,0.08435153
P307,202510171240,2510171340,4,3,10 Hz,10.0,EXPERIMENTAL,LIGHT,True,,saveTime_2510171340__sessionTime_202510171240__participant_P307__trialN_4__trialT_3__fileType_cropped.png,1,,saveTime_2510171340__sessionTime_202510171240__participant_P307__trialN_4__trialT_3__fileType_cropped.png,0.001945081,0.08785672,0.3837774,0.5299456,0.26819918,0.34334534,0.79907984,0.79907984,0.04378541,0.04378541
P307,202510171240,2510171356,5,5,20 Hz,20.0,EXPERIMENTAL,LIGHT,True,,saveTime_2510171356__sessionTime_202510171240__participant_P307__trialN_5__trialT_5__fileType_cropped.png,1,,saveTime_2510171356__sessionTime_202510171240__participant_P307__trialN_5__trialT_5__fileType_cropped.png,0.0011451148,0.05172331,0.14323024,0.19778194,0.43970188,0.5629011,0.8147952,0.8147952,0.08262498,0.08262498
P307,202510171240,2510171359,6,2,5 Hz,5.0,EXPERIMENTAL,LIGHT,True,,saveTime_2510171359__sessionTime_202510171240__participant_P307__trialN_6__trialT_2__fileType_cropped.png,1,,saveTime_2510171359__sessionTime_202510171240__participant_P307__trialN_6__trialT_2__fileType_cropped.png,0.00046173725,0.020856056,0.0032853647,0.004536652,0.897167,1.1485424,0.19160374,0.19160374,0.053931538,0.053931538
P307,202510171240,2510171404,7,4,15 Hz,15.0,EXPERIMENTAL,LIGHT,True,,saveTime_2510171404__sessionTime_202510171240__participant_P307__trialN_7__trialT_4__fileType_cropped.png,1,,saveTime_2510171404__sessionTime_202510171240__participant_P307__trialN_7__trialT_4__fileType_cropped.png,0.0005823925,0.026305893,0.28876993,0.3987529,0.28406438,0.3636558,0.24071078,0.24071078,0.042646322,0.042646322
P307,202510171240,2510171408,8,6,40 Hz,40.0,EXPERIMENTAL,LIGHT,True,,saveTime_2510171408__sessionTime_202510171240__participant_P307__trialN_8__trialT_6__fileType_cropped.png,1,,saveTime_2510171408__sessionTime_202510171240__participant_P307__trialN_8__trialT_6__fileType_cropped.png,0.00070132135,0.03167775,0.15996508,0.22089052,0.56686014,0.7256875,0.92359614,0.92359614,0.08232776,0.08232776
P307,202510171240,2510171412,9,1,2.5 Hz,2.5,EXPERIMENTAL,LIGHT,True,,saveTime_2510171412__sessionTime_202510171240__participant_P307__trialN_9__trialT_1__fileType_cropped.png,1,,saveTime_2510171412__sessionTime_202510171240__participant_P307__trialN_9__trialT_1__fileType_cropped.png,0.0059619844,0.2692949,0.2814047,0.3885825,0.29422498,0.37666327,0.9881708,0.9881708,0.02242507,0.02242507
P307,202510171240,2510171415,10,6,40 Hz,40.0,EXPERIMENTAL,LIGHT,True,,saveTime_2510171415__sessionTime_202510171240__participant_P307__trialN_10__trialT_6__fileType_cropped.png,1,,saveTime_2510171415__sessionTime_202510171240__participant_P307__trialN_10__trialT_6__fileType_cropped.png,0.00090634316,0.040938314,0.31200078,0.4308316,0.27559847,0.35281783,0.88309723,0.88309723,0.056154367,0.056154367
P307,202510171240,2510171420,11,A04,,,VALIDATION,IMAGE,True,,saveTime_2510171420__sessionTime_202510171240__participant_P307__trialN_11__trialT_A04__fileType_cropped.png,1,,saveTime_2510171420__sessionTime_202510171240__participant_P307__trialN_11__trialT_A04__fileType_cropped.png,0.011255777,0.5084085,0.68830264,0.9504545,0.13782582,0.17644295,0.14049968,0.14049968,0.010561907,0.010561907
P307,202510171240,2510171436,12,7,80 Hz,80.0,CONTROL,LIGHT,True,,saveTime_2510171436__sessionTime_202510171240__participant_P307__trialN_12__trialT_7__fileType_cropped.png,1,,saveTime_2510171436__sessionTime_202510171240__participant_P307__trialN_12__trialT_7__fileType_cropped.png,0.00078693463,0.035544787,0.03062042,0.04228273,0.7056064,0.9033088,0.971159,0.971159,0.038857605,0.038857605
P307,202510171240,2510171441,13,C12,,,VALIDATION,IMAGE,True,,saveTime_2510171441__sessionTime_202510171240__participant_P307__trialN_13__trialT_C12__fileType_cropped.png,1,,saveTime_2510171441__sessionTime_202510171240__participant_P307__trialN_13__trialT_C12__fileType_cropped.png,0.01621051,0.7322071,0.2539285,0.35064155,0.33691534,0.43131498,0.31121388,0.31121388,0.4576612,0.4576612
P307,202510171240,2510171446,14,1,2.5 Hz,2.5,EXPERIMENTAL,LIGHT,True,,saveTime_2510171446__sessionTime_202510171240__participant_P307__trialN_14__trialT_1__fileType_cropped.png,1,,saveTime_2510171446__sessionTime_202510171240__participant_P307__trialN_14__trialT_1__fileType_cropped.png,0.0013806734,0.062363178,0.7824293,1.0804309,0.038817443,0.04969362,0.8957884,0.8957884,0.071313255,0.071313255
P307,202510171240,2510171450,15,3,10 Hz,10.0,EXPERIMENTAL,LIGHT,True,,saveTime_2510171450__sessionTime_202510171240__participant_P307__trialN_15__trialT_3__fileType_cropped.png,1,,saveTime_2510171450__sessionTime_202510171240__participant_P307__trialN_15__trialT_3__fileType_cropped.png,0.023458058,1.0595692,0.076268345,0.10531645,0.49078864,0.6283017,0.7322314,0.7322314,0.08389436,0.08389436
P307,202510171240,2510171453,16,4,15 Hz,15.0,EXPERIMENTAL,LIGHT,True,,saveTime_2510171453__sessionTime_202510171240__participant_P307__trialN_16__trialT_4__fileType_cropped.png,1,,saveTime_2510171453__sessionTime_202510171240__participant_P307__trialN_16__trialT_4__fileType_cropped.png,0.0023400693,0.10569781,0.4960843,0.6850265,0.09978858,0.12774813,0.9520064,0.9520064,0.03193077,0.03193077
P307,202510171240,2510171457,17,B07,,,VALIDATION,IMAGE,True,,saveTime_2510171457__sessionTime_202510171240__participant_P307__trialN_17__trialT_B07__fileType_cropped.png,1,,saveTime_2510171457__sessionTime_202510171240__participant_P307__trialN_17__trialT_B07__fileType_cropped.png,0.008287428,0.37433207,0.2541645,0.35096738,0.33579862,0.42988536,0.1948451,0.1948451,0.3923041,0.3923041
P308,202510171240,2510171332,2,2,5 Hz,5.0,EXPERIMENTAL,LIGHT,True,,saveTime_2510171332__sessionTime_202510171240__participant_P308__trialN_2__trialT_2__fileType_cropped.png,1,,saveTime_2510171332__sessionTime_202510171240__participant_P308__trialN_2__trialT_2__fileType_cropped.png,0.0008227773,0.037163753,0.32578844,0.44987056,0.24417509,0.31259,0.9255952,0.9255952,0.044299684,0.044299684
P308,202510171240,2510171336,3,5,20 Hz,20.0,EXPERIMENTAL,LIGHT,True,,saveTime_2510171336__sessionTime_202510171240__participant_P308__trialN_3__trialT_5__fileType_cropped.png,1,,saveTime_2510171336__sessionTime_202510171240__participant_P308__trialN_3__trialT_5__fileType_cropped.png,0.0028517367,0.12880914,0.2870351,0.39635736,0.25939915,0.33207968,0.9013646,0.9013646,0.011282133,0.011282133
P308,202510171240,2510171340,4,3,10 Hz,10.0,EXPERIMENTAL,LIGHT,True,,saveTime_2510171340__sessionTime_202510171240__participant_P308__trialN_4__trialT_3__fileType_cropped.png,1,,saveTime_2510171340__sessionTime_202510171240__participant_P308__trialN_4__trialT_3__fileType_cropped.png,0.0028428857,0.12840936,0.15873857,0.21919687,0.41145426,0.52673876,0.7381299,0.7381299,0.018118432,0.018118432
P308,202510171240,2510171356,5,5,20 Hz,20.0,EXPERIMENTAL,LIGHT,True,,saveTime_2510171356__sessionTime_202510171240__participant_P308__trialN_5__trialT_5__fileType_cropped.png,1,,saveTime_2510171356__sessionTime_202510171240__participant_P308__trialN_5__trialT_5__fileType_cropped.png,0.0038085803,0.1720285,0.42021888,0.5802664,0.13898484,0.17792672,0.89469874,0.89469874,0.011631445,0.011631445
P308,202510171240,2510171400,6,2,5 Hz,5.0,EXPERIMENTAL,LIGHT,True,,saveTime_2510171400__sessionTime_202510171240__participant_P308__trialN_6__trialT_2__fileType_cropped.png,1,,saveTime_2510171400__sessionTime_202510171240__participant_P308__trialN_6__trialT_2__fileType_cropped.png,0.0019830267,0.08957067,0.3476214,0.48001897,0.27770874,0.35551938,0.5786602,0.5786602,0.02434988,0.02434988
P308,202510171240,2510171404,7,4,15 Hz,15.0,EXPERIMENTAL,LIGHT,True,,saveTime_2510171404__sessionTime_202510171240__participant_P308__trialN_7__trialT_4__fileType_cropped.png,1,,saveTime_2510171404__sessionTime_202510171240__participant_P308__trialN_7__trialT_4__fileType_cropped.png,0.0019429566,0.08776076,0.33346242,0.46046728,0.25292328,0.32378933,0.7990273,0.7990273,0.02092361,0.02092361
P308,202510171240,2510171409,8,6,40 Hz,40.0,EXPERIMENTAL,LIGHT,True,,saveTime_2510171409__sessionTime_202510171240__participant_P308__trialN_8__trialT_6__fileType_cropped.png,1,,saveTime_2510171409__sessionTime_202510171240__participant_P308__trialN_8__trialT_6__fileType_cropped.png,0.0023749985,0.107275516,0.2741698,0.37859207,0.30485493,0.3902716,0.94090796,0.94090796,0.02053049,0.02053049
P308,202510171240,2510171413,9,1,2.5 Hz,2.5,EXPERIMENTAL,LIGHT,True,,saveTime_2510171413__sessionTime_202510171240__participant_P308__trialN_9__trialT_1__fileType_cropped.png,1,,saveTime_2510171413__sessionTime_202510171240__participant_P308__trialN_9__trialT_1__fileType_cropped.png,0.0014170485,0.064006194,0.5159146,0.71240956,0.122020625,0.15620933,0.99633384,0.99633384,0.008014813,0.008014813
P308,202510171240,2510171416,10,6,40 Hz,40.0,EXPERIMENTAL,LIGHT,True,,saveTime_2510171416__sessionTime_202510171240__participant_P308__trialN_10__trialT_6__fileType_cropped.png,1,,saveTime_2510171416__sessionTime_202510171240__participant_P308__trialN_10__trialT_6__fileType_cropped.png,0.0033943206,0.15331693,0.30661026,0.42338803,0.2711128,0.34707534,0.994298,0.994298,0.007952454,0.007952454
P308,202510171240,2510171421,11,A05,,,VALIDATION,IMAGE,True,,saveTime_2510171421__sessionTime_202510171240__participant_P308__trialN_11__trialT_A05__fileType_cropped.png,1,,saveTime_2510171421__sessionTime_202510171240__participant_P308__trialN_11__trialT_A05__fileType_cropped.png,0.008924786,0.4031207,0.11274661,0.15568809,0.5427654,0.6948417,0.4634596,0.4634596,0.08065311,0.08065311
P308,202510171240,2510171437,12,7,80 Hz,80.0,CONTROL,LIGHT,True,,saveTime_2510171437__sessionTime_202510171240__participant_P308__trialN_12__trialT_7__fileType_cropped.png,1,,saveTime_2510171437__sessionTime_202510171240__participant_P308__trialN_12__trialT_7__fileType_cropped.png,0.0,0.0,0.0,0.0,0.0,0.0,0.96470565,0.96470565,2.3841858e-07,2.3841858e-07
P308,202510171240,2510171441,13,C09,,,VALIDATION,IMAGE,True,,saveTime_2510171441__sessionTime_202510171240__participant_P308__trialN_13__trialT_C09__fileType_cropped.png,1,,saveTime_2510171441__sessionTime_202510171240__participant_P308__trialN_13__trialT_C09__fileType_cropped.png,0.027169526,1.2272112,0.10295941,0.14217326,0.46753994,0.598539,0.505862,0.505862,0.10998956,0.10998956
P308,202510171240,2510171446,14,1,2.5 Hz,2.5,EXPERIMENTAL,LIGHT,True,,saveTime_2510171446__sessionTime_202510171240__participant_P308__trialN_14__trialT_1__fileType_cropped.png,1,,saveTime_2510171446__sessionTime_202510171240__participant_P308__trialN_14__trialT_1__fileType_cropped.png,0.003271499,0.14776924,0.3706837,0.51186496,0.23135653,0.29617986,0.8984651,0.8984651,0.00732975,0.00732975
P308,202510171240,2510171450,15,3,10 Hz,10.0,EXPERIMENTAL,LIGHT,True,,saveTime_2510171450__sessionTime_202510171240__participant_P308__trialN_15__trialT_3__fileType_cropped.png,1,,saveTime_2510171450__sessionTime_202510171240__participant_P308__trialN_15__trialT_3__fileType_cropped.png,0.0010664377,0.04816957,0.1382645,0.19092491,0.42524013,0.5443873,0.9555541,0.9555541,0.038673736,0.038673736
P308,202510171240,2510171454,16,4,15 Hz,15.0,EXPERIMENTAL,LIGHT,True,,saveTime_2510171454__sessionTime_202510171240__participant_P308__trialN_16__trialT_4__fileType_cropped.png,1,,saveTime_2510171454__sessionTime_202510171240__participant_P308__trialN_16__trialT_4__fileType_cropped.png,0.0035482016,0.16026753,0.4230812,0.5842189,0.15052244,0.19269702,0.87162685,0.87162685,0.011061002,0.011061002
P308,202510171240,2510171457,17,B02,,,VALIDATION,IMAGE,True,,saveTime_2510171457__sessionTime_202510171240__participant_P308__trialN_17__trialT_B02__fileType_cropped.png,1,,saveTime_2510171457__sessionTime_202510171240__participant_P308__trialN_17__trialT_B02__fileType_cropped.png,0.013974203,0.6311961,0.29418027,0.40622386,0.2349925,0.30083457,0.24453363,0.24453363,0.2332869,0.2332869
P309,202510171240,2510171332,2,2,5 Hz,5.0,EXPERIMENTAL,LIGHT,True,,saveTime_2510171332__sessionTime_202510171240__participant_P309__trialN_2__trialT_2__fileType_cropped.png,1,,saveTime_2510171332__sessionTime_202510171240__participant_P309__trialN_2__trialT_2__fileType_cropped.png,0.000228892,0.010338746,0.6042081,0.8343311,0.12803467,0.16390844,0.9708406,0.9708406,0.06259586,0.06259586
P309,202510171240,2510171336,3,5,20 Hz,20.0,EXPERIMENTAL,LIGHT,True,,saveTime_2510171336__sessionTime_202510171240__participant_P309__trialN_3__trialT_5__fileType_cropped.png,1,,saveTime_2510171336__sessionTime_202510171240__participant_P309__trialN_3__trialT_5__fileType_cropped.png,0.002109648,0.09528998,0.28383282,0.3919354,0.27617657,0.3535579,0.84253675,0.84253675,0.04275344,0.04275344
P309,202510171240,2510171340,4,3,10 Hz,10.0,EXPERIMENTAL,LIGHT,True,,saveTime_2510171340__sessionTime_202510171240__participant_P309__trialN_4__trialT_3__fileType_cropped.png,1,,saveTime_2510171340__sessionTime_202510171240__participant_P309__trialN_4__trialT_3__fileType_cropped.png,0.0012801941,0.057824664,0.26048702,0.35969797,0.3148299,0.40304142,0.9194478,0.9194478,0.04337941,0.04337941
P309,202510171240,2510171356,5,5,20 Hz,20.0,EXPERIMENTAL,LIGHT,True,,saveTime_2510171356__sessionTime_202510171240__participant_P309__trialN_5__trialT_5__fileType_cropped.png,1,,saveTime_2510171356__sessionTime_202510171240__participant_P309__trialN_5__trialT_5__fileType_cropped.png,0.0015088642,0.06815339,0.3027818,0.41810143,0.28830826,0.36908877,0.88792944,0.88792944,0.07334425,0.07334425
P309,202510171240,2510171359,6,2,5 Hz,5.0,EXPERIMENTAL,LIGHT,True,,saveTime_2510171359__sessionTime_202510171240__participant_P309__trialN_6__trialT_2__fileType_cropped.png,1,,saveTime_2510171359__sessionTime_202510171240__participant_P309__trialN_6__trialT_2__fileType_cropped.png,0.00026105397,0.011791459,0.39154226,0.54066783,0.15522143,0.1987126,0.77408236,0.77408236,0.3164003,0.3164003
P309,202510171240,2510171404,7,4,15 Hz,15.0,EXPERIMENTAL,LIGHT,True,,saveTime_2510171404__sessionTime_202510171240__participant_P309__trialN_7__trialT_4__fileType_cropped.png,1,,saveTime_2510171404__sessionTime_202510171240__participant_P309__trialN_7__trialT_4__fileType_cropped.png,0.0044011334,0.19879332,0.2813448,0.3884998,0.30845076,0.39487496,0.94690025,0.94690025,0.029934773,0.029934773
P309,202510171240,2510171409,8,6,40 Hz,40.0,EXPERIMENTAL,LIGHT,True,,saveTime_2510171409__sessionTime_202510171240__participant_P309__trialN_8__trialT_6__fileType_cropped.png,1,,saveTime_2510171409__sessionTime_202510171240__participant_P309__trialN_8__trialT_6__fileType_cropped.png,0.0018514615,0.08362804,0.2796741,0.3861928,0.2747252,0.3516999,0.9571256,0.9571256,0.028447643,0.028447643
P309,202510171240,2510171412,9,1,2.5 Hz,2.5,EXPERIMENTAL,LIGHT,True,,saveTime_2510171412__sessionTime_202510171240__participant_P309__trialN_9__trialT_1__fileType_cropped.png,1,,saveTime_2510171412__sessionTime_202510171240__participant_P309__trialN_9__trialT_1__fileType_cropped.png,0.00021443411,0.009685703,0.27038506,0.37336585,0.24099037,0.308513,0.5886138,0.5886138,0.36902222,0.36902222
P309,202510171240,2510171416,10,6,40 Hz,40.0,EXPERIMENTAL,LIGHT,True,,saveTime_2510171416__sessionTime_202510171240__participant_P309__trialN_10__trialT_6__fileType_cropped.png,1,,saveTime_2510171416__sessionTime_202510171240__participant_P309__trialN_10__trialT_6__fileType_cropped.png,0.0008651215,0.039076384,0.20659979,0.28528684,0.3687845,0.47211346,0.8904616,0.8904616,0.05182544,0.05182544
P309,202510171240,2510171420,11,A01,,,VALIDATION,IMAGE,True,,saveTime_2510171420__sessionTime_202510171240__participant_P309__trialN_11__trialT_A01__fileType_cropped.png,1,,saveTime_2510171420__sessionTime_202510171240__participant_P309__trialN_11__trialT_A01__fileType_cropped.png,0.0077628135,0.35063595,0.3376445,0.46624216,0.24707386,0.316301,0.4416125,0.4416125,0.1764926,0.1764926
P309,202510171240,2510171444,13,C09,,,VALIDATION,IMAGE,True,,saveTime_2510171444__sessionTime_202510171240__participant_P309__trialN_13__trialT_C09__fileType_cropped.png,1,,saveTime_2510171444__sessionTime_202510171240__participant_P309__trialN_13__trialT_C09__fileType_cropped.png,0.002440453,0.11023201,0.004854452,0.006703353,0.90491855,1.1584659,0.59531385,0.59531385,0.119434476,0.119434476
P309,202510171240,2510171449,14,1,2.5 Hz,2.5,EXPERIMENTAL,LIGHT,True,,saveTime_2510171449__sessionTime_202510171240__participant_P309__trialN_14__trialT_1__fileType_cropped.png,1,,saveTime_2510171449__sessionTime_202510171240__participant_P309__trialN_14__trialT_1__fileType_cropped.png,0.0010532256,0.047572795,0.35323274,0.4877675,0.23707275,0.30349767,0.7780975,0.7780975,0.062111806,0.062111806
P309,202510171240,2510171453,15,3,10 Hz,10.0,EXPERIMENTAL,LIGHT,True,,saveTime_2510171453__sessionTime_202510171240__participant_P309__trialN_15__trialT_3__fileType_cropped.png,1,,saveTime_2510171453__sessionTime_202510171240__participant_P309__trialN_15__trialT_3__fileType_cropped.png,0.0008073179,0.036465473,0.08543263,0.11797111,0.5476167,0.7010523,0.49921557,0.49921557,0.032493956,0.032493956
P310,202510171240,2510171332,2,2,5 Hz,5.0,EXPERIMENTAL,LIGHT,True,,saveTime_2510171332__sessionTime_202510171240__participant_P310__trialN_2__trialT_2__fileType_cropped.png,1,,saveTime_2510171332__sessionTime_202510171240__participant_P310__trialN_2__trialT_2__fileType_cropped.png,0.0015845146,0.07157041,0.45980456,0.634929,0.17813627,0.2280479,0.8283343,0.8283343,0.032945283,0.032945283
P310,202510171240,2510171336,3,5,20 Hz,20.0,EXPERIMENTAL,LIGHT,True,,saveTime_2510171336__sessionTime_202510171240__participant_P310__trialN_3__trialT_5__fileType_cropped.png,1,,saveTime_2510171336__sessionTime_202510171240__participant_P310__trialN_3__trialT_5__fileType_cropped.png,0.0012169201,0.05496666,0.2790647,0.38535124,0.3082432,0.3946092,0.7883929,0.7883929,0.070495315,0.070495315
P310,202510171240,2510171339,4,3,10 Hz,10.0,EXPERIMENTAL,LIGHT,True,,saveTime_2510171339__sessionTime_202510171240__participant_P310__trialN_4__trialT_3__fileType_cropped.png,1,,saveTime_2510171339__sessionTime_202510171240__participant_P310__trialN_4__trialT_3__fileType_cropped.png,0.0010514242,0.047491428,0.33283707,0.4596038,0.26754248,0.34250465,0.856484,0.856484,0.113268375,0.113268375
P310,202510171240,2510171355,5,5,20 Hz,20.0,EXPERIMENTAL,LIGHT,True,,saveTime_2510171355__sessionTime_202510171240__participant_P310__trialN_5__trialT_5__fileType_cropped.png,1,,saveTime_2510171355__sessionTime_202510171240__participant_P310__trialN_5__trialT_5__fileType_cropped.png,0.0010676901,0.048226137,0.27956793,0.38604617,0.28541318,0.36538252,0.9078675,0.9078675,0.052479137,0.052479137
P310,202510171240,2510171359,6,2,5 Hz,5.0,EXPERIMENTAL,LIGHT,True,,saveTime_2510171359__sessionTime_202510171240__participant_P310__trialN_6__trialT_2__fileType_cropped.png,1,,saveTime_2510171359__sessionTime_202510171240__participant_P310__trialN_6__trialT_2__fileType_cropped.png,0.00023573123,0.010647666,0.3556463,0.4911003,0.21816315,0.27928984,0.47471488,0.47471488,0.3344542,0.3344542
P310,202510171240,2510171403,7,4,15 Hz,15.0,EXPERIMENTAL,LIGHT,True,,saveTime_2510171403__sessionTime_202510171240__participant_P310__trialN_7__trialT_4__fileType_cropped.png,1,,saveTime_2510171403__sessionTime_202510171240__participant_P310__trialN_7__trialT_4__fileType_cropped.png,0.00081366487,0.036752157,0.26559928,0.3667573,0.29670295,0.37983555,0.89063686,0.89063686,0.055795863,0.055795863
P310,202510171240,2510171408,8,6,40 Hz,40.0,EXPERIMENTAL,LIGHT,True,,saveTime_2510171408__sessionTime_202510171240__participant_P310__trialN_8__trialT_6__fileType_cropped.png,1,,saveTime_2510171408__sessionTime_202510171240__participant_P310__trialN_8__trialT_6__fileType_cropped.png,0.0010760246,0.048602596,0.2935127,0.40530205,0.29223913,0.374121,0.9414005,0.9414005,0.045266528,0.045266528
P310,202510171240,2510171412,9,1,2.5 Hz,2.5,EXPERIMENTAL,LIGHT,True,,saveTime_2510171412__sessionTime_202510171240__participant_P310__trialN_9__trialT_1__fileType_cropped.png,1,,saveTime_2510171412__sessionTime_202510171240__participant_P310__trialN_9__trialT_1__fileType_cropped.png,0.00023930176,0.010808942,0.10485212,0.14478683,0.3840705,0.4916824,0.521814,0.521814,0.35506472,0.35506472
P310,202510171240,2510171417,10,6,40 Hz,40.0,EXPERIMENTAL,LIGHT,True,,saveTime_2510171417__sessionTime_202510171240__participant_P310__trialN_10__trialT_6__fileType_cropped.png,1,,saveTime_2510171417__sessionTime_202510171240__participant_P310__trialN_10__trialT_6__fileType_cropped.png,0.00071369216,0.032236524,0.27365574,0.3778822,0.29646865,0.3795356,0.7884645,0.7884645,0.12184362,0.12184362
P310,202510171240,2510171419,11,A03,,,VALIDATION,IMAGE,True,,saveTime_2510171419__sessionTime_202510171240__participant_P310__trialN_11__trialT_A03__fileType_cropped.png,1,,saveTime_2510171419__sessionTime_202510171240__participant_P310__trialN_11__trialT_A03__fileType_cropped.png,0.005244136,0.23687063,0.2599988,0.35902378,0.3067983,0.3927595,0.026520504,0.026520504,0.07622726,0.07622726
P310,202510171240,2510171436,12,7,80 Hz,80.0,CONTROL,LIGHT,True,,saveTime_2510171436__sessionTime_202510171240__participant_P310__trialN_12__trialT_7__fileType_cropped.png,1,,saveTime_2510171436__sessionTime_202510171240__participant_P310__trialN_12__trialT_7__fileType_cropped.png,0.00027040474,0.0122138215,0.13863331,0.19143417,0.54630625,0.6993747,0.7888252,0.7888252,0.19078821,0.19078821
P310,202510171240,2510171441,13,C08,,,VALIDATION,IMAGE,True,,saveTime_2510171441__sessionTime_202510171240__participant_P310__trialN_13__trialT_C08__fileType_cropped.png,1,,saveTime_2510171441__sessionTime_202510171240__participant_P310__trialN_13__trialT_C08__fileType_cropped.png,0.0031181127,0.14084099,0.41872403,0.57820225,0.18188633,0.23284869,0.71069443,0.71069443,0.21424183,0.21424183
P310,202510171240,2510171445,14,1,2.5 Hz,2.5,EXPERIMENTAL,LIGHT,True,,saveTime_2510171445__sessionTime_202510171240__participant_P310__trialN_14__trialT_1__fileType_cropped.png,1,,saveTime_2510171445__sessionTime_202510171240__participant_P310__trialN_14__trialT_1__fileType_cropped.png,0.00040948164,0.01849574,0.29337838,0.40511656,0.27470157,0.35166964,0.5894504,0.5894504,0.32105133,0.32105133
P310,202510171240,2510171450,15,3,10 Hz,10.0,EXPERIMENTAL,LIGHT,True,,saveTime_2510171450__sessionTime_202510171240__participant_P310__trialN_15__trialT_3__fileType_cropped.png,1,,saveTime_2510171450__sessionTime_202510171240__participant_P310__trialN_15__trialT_3__fileType_cropped.png,0.00079057994,0.03570944,0.25825965,0.35662228,0.3138371,0.4017705,0.45385358,0.45385358,0.23373167,0.23373167
P310,202510171240,2510171453,16,4,15 Hz,15.0,EXPERIMENTAL,LIGHT,True,,saveTime_2510171453__sessionTime_202510171240__participant_P310__trialN_16__trialT_4__fileType_cropped.png,1,,saveTime_2510171453__sessionTime_202510171240__participant_P310__trialN_16__trialT_4__fileType_cropped.png,0.000929865,0.042000763,0.2749857,0.37971872,0.30400005,0.3891772,0.69969016,0.69969016,0.082981445,0.082981445
P310,202510171240,2510171456,17,B14,,,VALIDATION,IMAGE,True,,saveTime_2510171456__sessionTime_202510171240__participant_P310__trialN_17__trialT_B14__fileType_cropped.png,1,,saveTime_2510171456__sessionTime_202510171240__participant_P310__trialN_17__trialT_B14__fileType_cropped.png,0.0065498417,0.29584762,0.28967404,0.40000138,0.32491118,0.41594738,0.55061877,0.55061877,0.04619524,0.04619524
P311,202510171420,2510171518,2,5,20 Hz,20.0,EXPERIMENTAL,LIGHT,True,,saveTime_2510171518__sessionTime_202510171420__participant_P311__trialN_2__trialT_5__fileType_cropped.png,1,,saveTime_2510171518__sessionTime_202510171420__participant_P311__trialN_2__trialT_5__fileType_cropped.png,0.00048292964,0.021813288,0.64848685,0.8954742,0.068830505,0.08811598,0.8291947,0.8291947,0.09932825,0.09932825
P311,202510171420,2510171522,3,1,2.5 Hz,2.5,EXPERIMENTAL,LIGHT,True,,saveTime_2510171522__sessionTime_202510171420__participant_P311__trialN_3__trialT_1__fileType_cropped.png,1,,saveTime_2510171522__sessionTime_202510171420__participant_P311__trialN_3__trialT_1__fileType_cropped.png,0.000826667,0.037339445,0.5109334,0.7055311,0.06768624,0.08665111,0.9176202,0.9176202,0.061090272,0.061090272
P311,202510171420,2510171525,4,4,15 Hz,15.0,EXPERIMENTAL,LIGHT,True,,saveTime_2510171525__sessionTime_202510171420__participant_P311__trialN_4__trialT_4__fileType_cropped.png,1,,saveTime_2510171525__sessionTime_202510171420__participant_P311__trialN_4__trialT_4__fileType_cropped.png,0.001955149,0.08831147,0.7361708,1.0165541,0.017044432,0.021820078,0.9329736,0.9329736,0.093116425,0.093116425
P311,202510171420,2510171530,5,C10,,,VALIDATION,IMAGE,True,,saveTime_2510171530__sessionTime_202510171420__participant_P311__trialN_5__trialT_C10__fileType_cropped.png,1,,saveTime_2510171530__sessionTime_202510171420__participant_P311__trialN_5__trialT_C10__fileType_cropped.png,0.0122137945,0.5516808,0.30628407,0.4229376,0.26634428,0.34097075,0.36595267,0.36595267,0.08631308,0.08631308
P311,202510171420,2510171539,6,4,15 Hz,15.0,EXPERIMENTAL,LIGHT,True,,saveTime_2510171539__sessionTime_202510171420__participant_P311__trialN_6__trialT_4__fileType_cropped.png,1,,saveTime_2510171539__sessionTime_202510171420__participant_P311__trialN_6__trialT_4__fileType_cropped.png,0.0011750507,0.053075474,0.45162717,0.6236371,0.11241789,0.14391603,0.9156879,0.9156879,0.04060696,0.04060696
P311,202510171420,2510171543,7,2,5 Hz,5.0,EXPERIMENTAL,LIGHT,True,,saveTime_2510171543__sessionTime_202510171420__participant_P311__trialN_7__trialT_2__fileType_cropped.png,1,,saveTime_2510171543__sessionTime_202510171420__participant_P311__trialN_7__trialT_2__fileType_cropped.png,0.0024267845,0.10961462,0.6588889,0.90983796,0.03363875,0.043063924,0.90430313,0.90430313,0.18321414,0.18321414
P311,202510171420,2510171547,8,6,40 Hz,40.0,EXPERIMENTAL,LIGHT,True,,saveTime_2510171547__sessionTime_202510171420__participant_P311__trialN_8__trialT_6__fileType_cropped.png,1,,saveTime_2510171547__sessionTime_202510171420__participant_P311__trialN_8__trialT_6__fileType_cropped.png,0.0011231374,0.05073062,0.5223134,0.7212454,0.099686205,0.12761708,0.864001,0.864001,0.031915337,0.031915337
P311,202510171420,2510171551,9,2,5 Hz,5.0,EXPERIMENTAL,LIGHT,True,,saveTime_2510171551__sessionTime_202510171420__participant_P311__trialN_9__trialT_2__fileType_cropped.png,1,,saveTime_2510171551__sessionTime_202510171420__participant_P311__trialN_9__trialT_2__fileType_cropped.png,0.0010245659,0.046278276,0.51928186,0.71705925,0.074395455,0.09524017,0.8596588,0.8596588,0.10529157,0.10529157
P311,202510171420,2510171555,10,3,10 Hz,10.0,EXPERIMENTAL,LIGHT,True,,saveTime_2510171555__sessionTime_202510171420__participant_P311__trialN_10__trialT_3__fileType_cropped.png,1,,saveTime_2510171555__sessionTime_202510171420__participant_P311__trialN_10__trialT_3__fileType_cropped.png,0.002006949,0.09065121,0.41481802,0.57280856,0.17744924,0.22716838,0.91167426,0.91167426,0.021240992,0.021240992
P311,202510171420,2510171559,11,5,20 Hz,20.0,EXPERIMENTAL,LIGHT,True,,saveTime_2510171559__sessionTime_202510171420__participant_P311__trialN_11__trialT_5__fileType_cropped.png,1,,saveTime_2510171559__sessionTime_202510171420__participant_P311__trialN_11__trialT_5__fileType_cropped.png,0.001545521,0.069809124,0.48714694,0.6726852,0.07202563,0.092206344,0.8319507,0.8319507,0.15356416,0.15356416
P311,202510171420,2510171609,12,7,80 Hz,80.0,CONTROL,LIGHT,True,,saveTime_2510171609__sessionTime_202510171420__participant_P311__trialN_12__trialT_7__fileType_cropped.png,1,,saveTime_2510171609__sessionTime_202510171420__participant_P311__trialN_12__trialT_7__fileType_cropped.png,0.00047937193,0.02165259,0.41833022,0.5776585,0.16081406,0.20587222,0.999328,0.999328,0.019955942,0.019955942
P311,202510171420,2510171612,13,A06,,,VALIDATION,IMAGE,True,,saveTime_2510171612__sessionTime_202510171420__participant_P311__trialN_13__trialT_A06__fileType_cropped.png,1,,saveTime_2510171612__sessionTime_202510171420__participant_P311__trialN_13__trialT_A06__fileType_cropped.png,0.00094089325,0.042498894,0.2091512,0.28881,0.40336904,0.5163882,0.44740286,0.44740286,0.043196417,0.043196417
P311,202510171420,2510171617,14,3,10 Hz,10.0,EXPERIMENTAL,LIGHT,True,,saveTime_2510171617__sessionTime_202510171420__participant_P311__trialN_14__trialT_3__fileType_cropped.png,1,,saveTime_2510171617__sessionTime_202510171420__participant_P311__trialN_14__trialT_3__fileType_cropped.png,0.00067028514,0.030275887,0.6667492,0.920692,0.037588842,0.04812078,0.9298595,0.9298595,0.06922848,0.06922848
P311,202510171420,2510171621,15,B00,,,VALIDATION,IMAGE,True,,saveTime_2510171621__sessionTime_202510171420__participant_P311__trialN_15__trialT_B00__fileType_cropped.png,1,,saveTime_2510171621__sessionTime_202510171420__participant_P311__trialN_15__trialT_B00__fileType_cropped.png,0.021157576,0.9556595,0.12296423,0.16979727,0.65586245,0.8396272,0.5742725,0.5742725,0.08753564,0.08753564
P311,202510171420,2510171624,16,1,2.5 Hz,2.5,EXPERIMENTAL,LIGHT,True,,saveTime_2510171624__sessionTime_202510171420__participant_P311__trialN_16__trialT_1__fileType_cropped.png,1,,saveTime_2510171624__sessionTime_202510171420__participant_P311__trialN_16__trialT_1__fileType_cropped.png,0.00032782435,0.014807389,0.81357527,1.1234393,0.035947733,0.046019856,0.96104324,0.96104324,0.06384757,0.06384757
P311,202510171420,2510171628,17,6,40 Hz,40.0,EXPERIMENTAL,LIGHT,True,,saveTime_2510171628__sessionTime_202510171420__participant_P311__trialN_17__trialT_6__fileType_cropped.png,1,,saveTime_2510171628__sessionTime_202510171420__participant_P311__trialN_17__trialT_6__fileType_cropped.png,0.00072037353,0.032538313,0.6031039,0.8328063,0.10385404,0.13295269,0.8739343,0.8739343,0.05255303,0.05255303
P312,202510171420,2510171518,2,5,20 Hz,20.0,EXPERIMENTAL,LIGHT,True,,saveTime_2510171518__sessionTime_202510171420__participant_P312__trialN_2__trialT_5__fileType_cropped.png,1,,saveTime_2510171518__sessionTime_202510171420__participant_P312__trialN_2__trialT_5__fileType_cropped.png,0.0009861185,0.044541657,0.29192507,0.40310973,0.29625046,0.37925628,0.7875551,0.7875551,0.147991,0.147991
P312,202510171420,2510171522,3,1,2.5 Hz,2.5,EXPERIMENTAL,LIGHT,True,,saveTime_2510171522__sessionTime_202510171420__participant_P312__trialN_3__trialT_1__fileType_cropped.png,1,,saveTime_2510171522__sessionTime_202510171420__participant_P312__trialN_3__trialT_1__fileType_cropped.png,0.0018296739,0.08264393,0.8137576,1.1236911,0.019337598,0.024755761,0.055749852,0.055749852,0.039217755,0.039217755
P312,202510171420,2510171526,4,4,15 Hz,15.0,EXPERIMENTAL,LIGHT,True,,saveTime_2510171526__sessionTime_202510171420__participant_P312__trialN_4__trialT_4__fileType_cropped.png,1,,saveTime_2510171526__sessionTime_202510171420__participant_P312__trialN_4__trialT_4__fileType_cropped.png,0.0014496978,0.06548092,0.35021144,0.48359546,0.25594953,0.3276635,0.81890285,0.81890285,0.10960402,0.10960402
P312,202510171420,2510171530,5,C10,,,VALIDATION,IMAGE,True,,saveTime_2510171530__sessionTime_202510171420__participant_P312__trialN_5__trialT_C10__fileType_cropped.png,1,,saveTime_2510171530__sessionTime_202510171420__participant_P312__trialN_5__trialT_C10__fileType_cropped.png,0.0019788877,0.08938372,0.2631004,0.36330667,0.31677973,0.4055376,0.37710363,0.37710363,0.1852203,0.1852203
P312,202510171420,2510171539,6,4,15 Hz,15.0,EXPERIMENTAL,LIGHT,True,,saveTime_2510171539__sessionTime_202510171420__participant_P312__trialN_6__trialT_4__fileType_cropped.png,1,,saveTime_2510171539__sessionTime_202510171420__participant_P312__trialN_6__trialT_4__fileType_cropped.png,0.0013352667,0.06031222,0.554299,0.7654133,0.16183405,0.207178,0.82081467,0.82081467,0.123744875,0.123744875
P312,202510171420,2510171543,7,2,5 Hz,5.0,EXPERIMENTAL,LIGHT,True,,saveTime_2510171543__sessionTime_202510171420__participant_P312__trialN_7__trialT_2__fileType_cropped.png,1,,saveTime_2510171543__sessionTime_202510171420__participant_P312__trialN_7__trialT_2__fileType_cropped.png,0.0023878887,0.10785775,0.37340668,0.515625,0.2439784,0.3123382,0.6942455,0.6942455,0.09048103,0.09048103
P312,202510171420,2510171547,8,6,40 Hz,40.0,EXPERIMENTAL,LIGHT,True,,saveTime_2510171547__sessionTime_202510171420__participant_P312__trialN_8__trialT_6__fileType_cropped.png,1,,saveTime_2510171547__sessionTime_202510171420__participant_P312__trialN_8__trialT_6__fileType_cropped.png,0.00034654402,0.015652932,0.25245073,0.34860092,0.3281096,0.42004195,0.9124024,0.9124024,0.10154038,0.10154038
P312,202510171420,2510171551,9,2,5 Hz,5.0,EXPERIMENTAL,LIGHT,True,,saveTime_2510171551__sessionTime_202510171420__participant_P312__trialN_9__trialT_2__fileType_cropped.png,1,,saveTime_2510171551__sessionTime_202510171420__participant_P312__trialN_9__trialT_2__fileType_cropped.png,0.002548893,0.1151301,0.3575687,0.49375486,0.23905076,0.30602992,0.8998632,0.8998632,0.22663654,0.22663654
P312,202510171420,2510171555,10,3,10 Hz,10.0,EXPERIMENTAL,LIGHT,True,,saveTime_2510171555__sessionTime_202510171420__participant_P312__trialN_10__trialT_3__fileType_cropped.png,1,,saveTime_2510171555__sessionTime_202510171420__participant_P312__trialN_10__trialT_3__fileType_cropped.png,0.0010259355,0.04634014,0.4769645,0.6586246,0.18520263,0.23709418,0.81230325,0.81230325,0.22338171,0.22338171
P312,202510171420,2510171559,11,5,20 Hz,20.0,EXPERIMENTAL,LIGHT,True,,saveTime_2510171559__sessionTime_202510171420__participant_P312__trialN_11__trialT_5__fileType_cropped.png,1,,saveTime_2510171559__sessionTime_202510171420__participant_P312__trialN_11__trialT_5__fileType_cropped.png,0.00088508974,0.039978325,0.058922324,0.0813639,0.7285882,0.9327299,0.5258834,0.5258834,0.15101422,0.15101422
P312,202510171420,2510171610,12,7,80 Hz,80.0,CONTROL,LIGHT,True,,saveTime_2510171610__sessionTime_202510171420__participant_P312__trialN_12__trialT_7__fileType_cropped.png,1,,saveTime_2510171610__sessionTime_202510171420__participant_P312__trialN_12__trialT_7__fileType_cropped.png,0.00020982017,0.009477297,0.012389192,0.017107828,0.6793867,0.86974263,0.9108476,0.9108476,0.19889262,0.19889262
P312,202510171420,2510171614,13,A10,,,VALIDATION,IMAGE,True,,saveTime_2510171614__sessionTime_202510171420__participant_P312__trialN_13__trialT_A10__fileType_cropped.png,1,,saveTime_2510171614__sessionTime_202510171420__participant_P312__trialN_13__trialT_A10__fileType_cropped.png,0.019239916,0.8690413,0.37057295,0.511712,0.3711377,0.47512603,0.55143297,0.55143297,0.05087326,0.05087326
P312,202510171420,2510171618,14,3,10 Hz,10.0,EXPERIMENTAL,LIGHT,True,,saveTime_2510171618__sessionTime_202510171420__participant_P312__trialN_14__trialT_3__fileType_cropped.png,1,,saveTime_2510171618__sessionTime_202510171420__participant_P312__trialN_14__trialT_3__fileType_cropped.png,0.0019864503,0.08972531,0.33884606,0.46790138,0.14995071,0.1919651,0.8229245,0.8229245,0.0670845,0.0670845
P312,202510171420,2510171622,15,B03,,,VALIDATION,IMAGE,True,,saveTime_2510171622__sessionTime_202510171420__participant_P312__trialN_15__trialT_B03__fileType_cropped.png,1,,saveTime_2510171622__sessionTime_202510171420__participant_P312__trialN_15__trialT_B03__fileType_cropped.png,0.021404574,0.96681607,0.030302104,0.04184318,0.64221185,0.8221519,0.29080474,0.29080474,0.08954854,0.08954854
P312,202510171420,2510171625,16,1,2.5 Hz,2.5,EXPERIMENTAL,LIGHT,True,,saveTime_2510171625__sessionTime_202510171420__participant_P312__trialN_16__trialT_1__fileType_cropped.png,1,,saveTime_2510171625__sessionTime_202510171420__participant_P312__trialN_16__trialT_1__fileType_cropped.png,0.002593301,0.11713595,0.2993915,0.4134199,0.26305658,0.33676186,0.620927,0.620927,0.055321775,0.055321775
P312,202510171420,2510171629,17,6,40 Hz,40.0,EXPERIMENTAL,LIGHT,True,,saveTime_2510171629__sessionTime_202510171420__participant_P312__trialN_17__trialT_6__fileType_cropped.png,1,,saveTime_2510171629__sessionTime_202510171420__participant_P312__trialN_17__trialT_6__fileType_cropped.png,0.00032149695,0.014521589,0.3287597,0.45397347,0.26839,0.34358963,0.89344186,0.89344186,0.09696512,0.09696512
P313,202510171420,2510171518,2,5,20 Hz,20.0,EXPERIMENTAL,LIGHT,True,,saveTime_2510171518__sessionTime_202510171420__participant_P313__trialN_2__trialT_5__fileType_cropped.png,1,,saveTime_2510171518__sessionTime_202510171420__participant_P313__trialN_2__trialT_5__fileType_cropped.png,0.0009337407,0.042175822,0.09911702,0.13686743,0.5885551,0.7534612,0.6694906,0.6694906,0.06498338,0.06498338
P313,202510171420,2510171522,3,1,2.5 Hz,2.5,EXPERIMENTAL,LIGHT,True,,saveTime_2510171522__sessionTime_202510171420__participant_P313__trialN_3__trialT_1__fileType_cropped.png,1,,saveTime_2510171522__sessionTime_202510171420__participant_P313__trialN_3__trialT_1__fileType_cropped.png,0.003531848,0.15952887,0.12327589,0.17022763,0.458868,0.5874373,0.7635776,0.7635776,0.11109728,0.11109728
P313,202510171420,2510171526,4,4,15 Hz,15.0,EXPERIMENTAL,LIGHT,True,,saveTime_2510171526__sessionTime_202510171420__participant_P313__trialN_4__trialT_4__fileType_cropped.png,1,,saveTime_2510171526__sessionTime_202510171420__participant_P313__trialN_4__trialT_4__fileType_cropped.png,0.001178152,0.053215556,0.40261388,0.55595624,0.2569715,0.32897183,0.894627,0.894627,0.12877405,0.12877405
P313,202510171420,2510171530,5,C14,,,VALIDATION,IMAGE,True,,saveTime_2510171530__sessionTime_202510171420__participant_P313__trialN_5__trialT_C14__fileType_cropped.png,1,,saveTime_2510171530__sessionTime_202510171420__participant_P313__trialN_5__trialT_C14__fileType_cropped.png,0.0049790763,0.22489823,0.23932408,0.33047476,0.34248263,0.43844214,0.55579257,0.55579257,0.09694631,0.09694631
P313,202510171420,2510171539,6,4,15 Hz,15.0,EXPERIMENTAL,LIGHT,True,,saveTime_2510171539__sessionTime_202510171420__participant_P313__trialN_6__trialT_4__fileType_cropped.png,1,,saveTime_2510171539__sessionTime_202510171420__participant_P313__trialN_6__trialT_4__fileType_cropped.png,0.0028282402,0.12774783,0.36738425,0.50730884,0.3057172,0.39137548,0.8778671,0.8778671,0.16161239,0.16161239
P313,202510171420,2510171543,7,2,5 Hz,5.0,EXPERIMENTAL,LIGHT,True,,saveTime_2510171543__sessionTime_202510171420__participant_P313__trialN_7__trialT_2__fileType_cropped.png,1,,saveTime_2510171543__sessionTime_202510171420__participant_P313__trialN_7__trialT_2__fileType_cropped.png,0.00081617705,0.03686563,0.0020683687,0.0028561424,0.85466254,1.0941287,0.7132205,0.7132205,0.18730779,0.18730779
P313,202510171420,2510171547,8,6,40 Hz,40.0,EXPERIMENTAL,LIGHT,True,,saveTime_2510171547__sessionTime_202510171420__participant_P313__trialN_8__trialT_6__fileType_cropped.png,1,,saveTime_2510171547__sessionTime_202510171420__participant_P313__trialN_8__trialT_6__fileType_cropped.png,0.0009922533,0.04481876,0.17583548,0.24280542,0.44701776,0.57226676,0.743566,0.743566,0.07916737,0.07916737
P313,202510171420,2510171550,9,2,5 Hz,5.0,EXPERIMENTAL,LIGHT,True,,saveTime_2510171550__sessionTime_202510171420__participant_P313__trialN_9__trialT_2__fileType_cropped.png,1,,saveTime_2510171550__sessionTime_202510171420__participant_P313__trialN_9__trialT_2__fileType_cropped.png,0.0009246465,0.04176505,0.0075419405,0.010414418,0.74095255,0.9485585,0.8388484,0.8388484,0.12851706,0.12851706
P313,202510171420,2510171554,10,3,10 Hz,10.0,EXPERIMENTAL,LIGHT,True,,saveTime_2510171554__sessionTime_202510171420__participant_P313__trialN_10__trialT_3__fileType_cropped.png,1,,saveTime_2510171554__sessionTime_202510171420__participant_P313__trialN_10__trialT_3__fileType_cropped.png,0.00060915324,0.02751464,0.41659805,0.57526654,0.19733496,0.25262585,0.84368384,0.84368384,0.11216658,0.11216658
P313,202510171420,2510171559,11,5,20 Hz,20.0,EXPERIMENTAL,LIGHT,True,,saveTime_2510171559__sessionTime_202510171420__participant_P313__trialN_11__trialT_5__fileType_cropped.png,1,,saveTime_2510171559__sessionTime_202510171420__participant_P313__trialN_11__trialT_5__fileType_cropped.png,0.001297595,0.058610637,0.18550205,0.25615367,0.48838094,0.6252194,0.938673,0.938673,0.06871986,0.06871986
P313,202510171420,2510171608,12,7,80 Hz,80.0,CONTROL,LIGHT,True,,saveTime_2510171608__sessionTime_202510171420__participant_P313__trialN_12__trialT_7__fileType_cropped.png,1,,saveTime_2510171608__sessionTime_202510171420__participant_P313__trialN_12__trialT_7__fileType_cropped.png,0.0,0.0,0.0,0.0,0.0,0.0,1.0,1.0,0.0,0.0
P313,202510171420,2510171613,13,A04,,,VALIDATION,IMAGE,True,,saveTime_2510171613__sessionTime_202510171420__participant_P313__trialN_13__trialT_A04__fileType_cropped.png,1,,saveTime_2510171613__sessionTime_202510171420__participant_P313__trialN_13__trialT_A04__fileType_cropped.png,0.0038631444,0.17449309,0.7315342,1.0101515,0.10594652,0.13563146,0.19187272,0.19187272,0.031482913,0.031482913
P313,202510171420,2510171617,14,3,10 Hz,10.0,EXPERIMENTAL,LIGHT,True,,saveTime_2510171617__sessionTime_202510171420__participant_P313__trialN_14__trialT_3__fileType_cropped.png,1,,saveTime_2510171617__sessionTime_202510171420__participant_P313__trialN_14__trialT_3__fileType_cropped.png,0.0021854148,0.09871227,0.33440167,0.46176428,0.40139237,0.51385766,0.6865709,0.6865709,0.07209291,0.07209291
P313,202510171420,2510171621,15,B07,,,VALIDATION,IMAGE,True,,saveTime_2510171621__sessionTime_202510171420__participant_P313__trialN_15__trialT_B07__fileType_cropped.png,1,,saveTime_2510171621__sessionTime_202510171420__participant_P313__trialN_15__trialT_B07__fileType_cropped.png,0.0038045784,0.17184773,0.22928356,0.31661013,0.3307752,0.42345443,0.54215974,0.54215974,0.2635674,0.2635674
P313,202510171420,2510171624,16,1,2.5 Hz,2.5,EXPERIMENTAL,LIGHT,True,,saveTime_2510171624__sessionTime_202510171420__participant_P313__trialN_16__trialT_1__fileType_cropped.png,1,,saveTime_2510171624__sessionTime_202510171420__participant_P313__trialN_16__trialT_1__fileType_cropped.png,0.0011179296,0.05049539,0.023504207,0.032456186,0.5597377,0.7165694,0.28617954,0.28617954,0.35624084,0.35624084
P313,202510171420,2510171628,17,6,40 Hz,40.0,EXPERIMENTAL,LIGHT,True,,saveTime_2510171628__sessionTime_202510171420__participant_P313__trialN_17__trialT_6__fileType_cropped.png,1,,saveTime_2510171628__sessionTime_202510171420__participant_P313__trialN_17__trialT_6__fileType_cropped.png,0.0014292162,0.064555794,0.25325882,0.34971678,0.304276,0.38953045,0.9307732,0.9307732,0.030567106,0.030567106
P314,202510171420,2510171519,2,5,20 Hz,20.0,EXPERIMENTAL,LIGHT,True,,saveTime_2510171519__sessionTime_202510171420__participant_P314__trialN_2__trialT_5__fileType_cropped.png,1,,saveTime_2510171519__sessionTime_202510171420__participant_P314__trialN_2__trialT_5__fileType_cropped.png,0.007975922,0.36026177,0.458749,0.6334714,0.12843236,0.16441756,0.83566463,0.83566463,0.31210735,0.31210735
P314,202510171420,2510171522,3,1,2.5 Hz,2.5,EXPERIMENTAL,LIGHT,True,,saveTime_2510171522__sessionTime_202510171420__participant_P314__trialN_3__trialT_1__fileType_cropped.png,1,,saveTime_2510171522__sessionTime_202510171420__participant_P314__trialN_3__trialT_1__fileType_cropped.png,0.0099386,0.4489133,0.64944106,0.8967918,0.18601084,0.23812884,0.83643574,0.83643574,0.36567193,0.36567193
P314,202510171420,2510171526,4,4,15 Hz,15.0,EXPERIMENTAL,LIGHT,True,,saveTime_2510171526__sessionTime_202510171420__participant_P314__trialN_4__trialT_4__fileType_cropped.png,1,,saveTime_2510171526__sessionTime_202510171420__participant_P314__trialN_4__trialT_4__fileType_cropped.png,0.016790207,0.75839126,0.23872058,0.3296414,0.29785243,0.3813071,0.39681008,0.39681008,0.37275574,0.37275574
P314,202510171420,2510171530,5,C01,,,VALIDATION,IMAGE,True,,saveTime_2510171530__sessionTime_202510171420__participant_P314__trialN_5__trialT_C01__fileType_cropped.png,1,,saveTime_2510171530__sessionTime_202510171420__participant_P314__trialN_5__trialT_C01__fileType_cropped.png,0.01349631,0.6096104,0.667605,0.92187375,0.03630803,0.046481106,0.05644641,0.05644641,0.10973889,0.10973889
P314,202510171420,2510171540,6,4,15 Hz,15.0,EXPERIMENTAL,LIGHT,True,,saveTime_2510171540__sessionTime_202510171420__participant_P314__trialN_6__trialT_4__fileType_cropped.png,1,,saveTime_2510171540__sessionTime_202510171420__participant_P314__trialN_6__trialT_4__fileType_cropped.png,0.018139876,0.81935406,0.27779368,0.38359615,0.41862538,0.5359192,0.65952814,0.65952814,0.408485,0.408485
P314,202510171420,2510171543,7,2,5 Hz,5.0,EXPERIMENTAL,LIGHT,True,,saveTime_2510171543__sessionTime_202510171420__participant_P314__trialN_7__trialT_2__fileType_cropped.png,1,,saveTime_2510171543__sessionTime_202510171420__participant_P314__trialN_7__trialT_2__fileType_cropped.png,0.002114962,0.09553002,0.18302119,0.25272796,0.5429996,0.6951416,0.82923263,0.82923263,0.27193716,0.27193716
P314,202510171420,2510171547,8,6,40 Hz,40.0,EXPERIMENTAL,LIGHT,True,,saveTime_2510171547__sessionTime_202510171420__participant_P314__trialN_8__trialT_6__fileType_cropped.png,1,,saveTime_2510171547__sessionTime_202510171420__participant_P314__trialN_8__trialT_6__fileType_cropped.png,0.0008514824,0.038460325,0.22676985,0.31313902,0.35995758,0.46081334,0.89419234,0.89419234,0.021180075,0.021180075
P314,202510171420,2510171551,9,2,5 Hz,5.0,EXPERIMENTAL,LIGHT,True,,saveTime_2510171551__sessionTime_202510171420__participant_P314__trialN_9__trialT_2__fileType_cropped.png,1,,saveTime_2510171551__sessionTime_202510171420__participant_P314__trialN_9__trialT_2__fileType_cropped.png,0.006183302,0.2792915,0.6043035,0.8344628,0.20239721,0.2591065,0.8492815,0.8492815,0.24745606,0.24745606
P314,202510171420,2510171555,10,3,10 Hz,10.0,EXPERIMENTAL,LIGHT,True,,saveTime_2510171555__sessionTime_202510171420__participant_P314__trialN_10__trialT_3__fileType_cropped.png,1,,saveTime_2510171555__sessionTime_202510171420__participant_P314__trialN_10__trialT_3__fileType_cropped.png,0.0047284425,0.21357745,0.2973777,0.4106391,0.47304043,0.6055807,0.889028,0.889028,0.12111146,0.12111146
P314,202510171420,2510171600,11,5,20 Hz,20.0,EXPERIMENTAL,LIGHT,True,,saveTime_2510171600__sessionTime_202510171420__participant_P314__trialN_11__trialT_5__fileType_cropped.png,1,,saveTime_2510171600__sessionTime_202510171420__participant_P314__trialN_11__trialT_5__fileType_cropped.png,0.0025378505,0.114631325,0.18116122,0.2501596,0.4895985,0.6267781,0.79797107,0.79797107,0.13232471,0.13232471
P314,202510171420,2510171610,12,7,80 Hz,80.0,CONTROL,LIGHT,True,,saveTime_2510171610__sessionTime_202510171420__participant_P314__trialN_12__trialT_7__fileType_cropped.png,1,,saveTime_2510171610__sessionTime_202510171420__participant_P314__trialN_12__trialT_7__fileType_cropped.png,0.00021143473,0.009550225,0.024546752,0.0338958,0.6458781,0.82684535,0.71329385,0.71329385,0.29069892,0.29069892
P314,202510171420,2510171614,13,A04,,,VALIDATION,IMAGE,True,,saveTime_2510171614__sessionTime_202510171420__participant_P314__trialN_13__trialT_A04__fileType_cropped.png,1,,saveTime_2510171614__sessionTime_202510171420__participant_P314__trialN_13__trialT_A04__fileType_cropped.png,0.010247561,0.46286866,0.57914686,0.7997249,0.14825296,0.18979166,0.08551738,0.08551738,0.00953751,0.00953751
P314,202510171420,2510171617,14,3,10 Hz,10.0,EXPERIMENTAL,LIGHT,True,,saveTime_2510171617__sessionTime_202510171420__participant_P314__trialN_14__trialT_3__fileType_cropped.png,1,,saveTime_2510171617__sessionTime_202510171420__participant_P314__trialN_14__trialT_3__fileType_cropped.png,0.0022793184,0.10295378,0.32710743,0.4516919,0.4645125,0.5946633,0.8039539,0.8039539,0.10076126,0.10076126
P314,202510171420,2510171622,15,B03,,,VALIDATION,IMAGE,True,,saveTime_2510171622__sessionTime_202510171420__participant_P314__trialN_15__trialT_B03__fileType_cropped.png,1,,saveTime_2510171622__sessionTime_202510171420__participant_P314__trialN_15__trialT_B03__fileType_cropped.png,0.012629802,0.57047135,0.013572062,0.018741215,0.74807763,0.95768,0.13622048,0.13622048,0.29093772,0.29093772
P314,202510171420,2510171626,16,1,2.5 Hz,2.5,EXPERIMENTAL,LIGHT,True,,saveTime_2510171626__sessionTime_202510171420__participant_P314__trialN_16__trialT_1__fileType_cropped.png,1,,saveTime_2510171626__sessionTime_202510171420__participant_P314__trialN_16__trialT_1__fileType_cropped.png,0.004879717,0.2204103,0.66375136,0.9165524,0.13048144,0.16704077,0.5591732,0.5591732,0.35685545,0.35685545
P314,202510171420,2510171630,17,6,40 Hz,40.0,EXPERIMENTAL,LIGHT,True,,saveTime_2510171630__sessionTime_202510171420__participant_P314__trialN_17__trialT_6__fileType_cropped.png,1,,saveTime_2510171630__sessionTime_202510171420__participant_P314__trialN_17__trialT_6__fileType_cropped.png,0.0005979603,0.02700907,0.14823046,0.20468657,0.44679657,0.5719836,0.8091724,0.8091724,0.12389848,0.12389848
P315,202510171420,2510171519,2,5,20 Hz,20.0,EXPERIMENTAL,LIGHT,True,,saveTime_2510171519__sessionTime_202510171420__participant_P315__trialN_2__trialT_5__fileType_cropped.png,1,,saveTime_2510171519__sessionTime_202510171420__participant_P315__trialN_2__trialT_5__fileType_cropped.png,0.0017087391,0.077181466,0.022066792,0.030471308,0.69406813,0.88853765,0.6676158,0.6676158,0.2573856,0.2573856
P315,202510171420,2510171522,3,1,2.5 Hz,2.5,EXPERIMENTAL,LIGHT,True,,saveTime_2510171522__sessionTime_202510171420__participant_P315__trialN_3__trialT_1__fileType_cropped.png,1,,saveTime_2510171522__sessionTime_202510171420__participant_P315__trialN_3__trialT_1__fileType_cropped.png,0.00085109705,0.03844292,0.036524512,0.0504355,0.6693391,0.8568799,0.957887,0.957887,0.045259934,0.045259934
P315,202510171420,2510171526,4,4,15 Hz,15.0,EXPERIMENTAL,LIGHT,True,,saveTime_2510171526__sessionTime_202510171420__participant_P315__trialN_4__trialT_4__fileType_cropped.png,1,,saveTime_2510171526__sessionTime_202510171420__participant_P315__trialN_4__trialT_4__fileType_cropped.png,0.002268057,0.10244512,0.3411605,0.47109732,0.21023929,0.26914582,0.58199936,0.58199936,0.3486185,0.3486185
P315,202510171420,2510171530,5,C07,,,VALIDATION,IMAGE,True,,saveTime_2510171530__sessionTime_202510171420__participant_P315__trialN_5__trialT_C07__fileType_cropped.png,1,,saveTime_2510171530__sessionTime_202510171420__participant_P315__trialN_5__trialT_C07__fileType_cropped.png,0.007452429,0.33661628,0.2931463,0.4047961,0.29547065,0.378258,0.8297009,0.8297009,0.17620212,0.17620212
P315,202510171420,2510171539,6,4,15 Hz,15.0,EXPERIMENTAL,LIGHT,True,,saveTime_2510171539__sessionTime_202510171420__participant_P315__trialN_6__trialT_4__fileType_cropped.png,1,,saveTime_2510171539__sessionTime_202510171420__participant_P315__trialN_6__trialT_4__fileType_cropped.png,0.0026868347,0.12136074,0.2113351,0.29182568,0.46369755,0.59362,0.6261113,0.6261113,0.31954962,0.31954962
P315,202510171420,2510171543,7,2,5 Hz,5.0,EXPERIMENTAL,LIGHT,True,,saveTime_2510171543__sessionTime_202510171420__participant_P315__trialN_7__trialT_2__fileType_cropped.png,1,,saveTime_2510171543__sessionTime_202510171420__participant_P315__trialN_7__trialT_2__fileType_cropped.png,0.0010542712,0.04762003,0.08489842,0.11723344,0.6352447,0.81323266,0.9862871,0.9862871,0.0211253,0.0211253
P315,202510171420,2510171547,8,6,40 Hz,40.0,EXPERIMENTAL,LIGHT,True,,saveTime_2510171547__sessionTime_202510171420__participant_P315__trialN_8__trialT_6__fileType_cropped.png,1,,saveTime_2510171547__sessionTime_202510171420__participant_P315__trialN_8__trialT_6__fileType_cropped.png,0.0016518191,0.074610464,0.060467757,0.08349794,0.52048874,0.6663234,0.9464704,0.9464704,0.030573355,0.030573355
P315,202510171420,2510171550,9,2,5 Hz,5.0,EXPERIMENTAL,LIGHT,True,,saveTime_2510171550__sessionTime_202510171420__participant_P315__trialN_9__trialT_2__fileType_cropped.png,1,,saveTime_2510171550__sessionTime_202510171420__participant_P315__trialN_9__trialT_2__fileType_cropped.png,0.0007994837,0.036111612,0.0356025,0.04916232,0.6514826,0.83402014,0.9840039,0.9840039,0.029297868,0.029297868
P315,202510171420,2510171555,10,3,10 Hz,10.0,EXPERIMENTAL,LIGHT,True,,saveTime_2510171555__sessionTime_202510171420__participant_P315__trialN_10__trialT_3__fileType_cropped.png,1,,saveTime_2510171555__sessionTime_202510171420__participant_P315__trialN_10__trialT_3__fileType_cropped.png,0.0013412836,0.06058399,0.7235353,0.9991061,0.02768948,0.03544774,0.9754641,0.9754641,0.0403771,0.0403771
P315,202510171420,2510171559,11,5,20 Hz,20.0,EXPERIMENTAL,LIGHT,True,,saveTime_2510171559__sessionTime_202510171420__participant_P315__trialN_11__trialT_5__fileType_cropped.png,1,,saveTime_2510171559__sessionTime_202510171420__participant_P315__trialN_11__trialT_5__fileType_cropped.png,0.0014297483,0.06457982,0.032972164,0.045530178,0.60966754,0.780489,0.91242087,0.91242087,0.1348793,0.1348793
P315,202510171420,2510171610,12,7,80 Hz,80.0,CONTROL,LIGHT,True,,saveTime_2510171610__sessionTime_202510171420__participant_P315__trialN_12__trialT_7__fileType_cropped.png,1,,saveTime_2510171610__sessionTime_202510171420__participant_P315__trialN_12__trialT_7__fileType_cropped.png,0.0026657602,0.12040883,0.10346056,0.14286529,0.56459475,0.7227874,0.9805955,0.9805955,0.016213363,0.016213363
P315,202510171420,2510171614,13,A05,,,VALIDATION,IMAGE,True,,saveTime_2510171614__sessionTime_202510171420__participant_P315__trialN_13__trialT_A05__fileType_cropped.png,1,,saveTime_2510171614__sessionTime_202510171420__participant_P315__trialN_13__trialT_A05__fileType_cropped.png,0.0073538497,0.3321636,0.023038652,0.031813316,0.7364088,0.9427417,0.4357543,0.4357543,0.12936544,0.12936544
P315,202510171420,2510171617,14,3,10 Hz,10.0,EXPERIMENTAL,LIGHT,True,,saveTime_2510171617__sessionTime_202510171420__participant_P315__trialN_14__trialT_3__fileType_cropped.png,1,,saveTime_2510171617__sessionTime_202510171420__participant_P315__trialN_14__trialT_3__fileType_cropped.png,0.0011120867,0.050231475,0.5244692,0.72422224,0.04641031,0.05941392,0.81581837,0.81581837,0.117969416,0.117969416
P315,202510171420,2510171621,15,B12,,,VALIDATION,IMAGE,True,,saveTime_2510171621__sessionTime_202510171420__participant_P315__trialN_15__trialT_B12__fileType_cropped.png,1,,saveTime_2510171621__sessionTime_202510171420__participant_P315__trialN_15__trialT_B12__fileType_cropped.png,0.011533712,0.5209624,0.29549626,0.40804106,0.26411176,0.33811268,0.27625668,0.27625668,0.32916614,0.32916614
P315,202510171420,2510171625,16,1,2.5 Hz,2.5,EXPERIMENTAL,LIGHT,True,,saveTime_2510171625__sessionTime_202510171420__participant_P315__trialN_16__trialT_1__fileType_cropped.png,1,,saveTime_2510171625__sessionTime_202510171420__participant_P315__trialN_16__trialT_1__fileType_cropped.png,0.0025784145,0.11646355,0.07542891,0.104157306,0.6330795,0.8104608,0.91415507,0.91415507,0.017640902,0.017640902
P315,202510171420,2510171629,17,6,40 Hz,40.0,EXPERIMENTAL,LIGHT,True,,saveTime_2510171629__sessionTime_202510171420__participant_P315__trialN_17__trialT_6__fileType_cropped.png,1,,saveTime_2510171629__sessionTime_202510171420__participant_P315__trialN_17__trialT_6__fileType_cropped.png,0.001251435,0.05652565,0.060896087,0.084089406,0.6408061,0.82035226,0.8061466,0.8061466,0.026013812,0.026013812
P316,202510171600,2510171655,2,3,10 Hz,10.0,EXPERIMENTAL,LIGHT,True,,saveTime_2510171655__sessionTime_202510171600__participant_P316__trialN_2__trialT_3__fileType_cropped.png,1,,saveTime_2510171655__sessionTime_202510171600__participant_P316__trialN_2__trialT_3__fileType_cropped.png,0.0009945752,0.044923637,0.30601156,0.4225613,0.2520445,0.32266432,0.82583535,0.82583535,0.11795734,0.11795734
P316,202510171600,2510171701,3,2,5 Hz,5.0,EXPERIMENTAL,LIGHT,True,,saveTime_2510171701__sessionTime_202510171600__participant_P316__trialN_3__trialT_2__fileType_cropped.png,1,,saveTime_2510171701__sessionTime_202510171600__participant_P316__trialN_3__trialT_2__fileType_cropped.png,0.0011288241,0.05098748,0.4421791,0.6105906,0.21330595,0.2730717,0.79344255,0.79344255,0.16170225,0.16170225
P316,202510171600,2510171707,4,1,2.5 Hz,2.5,EXPERIMENTAL,LIGHT,True,,saveTime_2510171707__sessionTime_202510171600__participant_P316__trialN_4__trialT_1__fileType_cropped.png,1,,saveTime_2510171707__sessionTime_202510171600__participant_P316__trialN_4__trialT_1__fileType_cropped.png,0.0017336406,0.078306235,0.46974313,0.64865285,0.17094606,0.21884309,0.8101944,0.8101944,0.027186973,0.027186973
P316,202510171600,2510171712,5,B11,,,VALIDATION,IMAGE,True,,saveTime_2510171712__sessionTime_202510171600__participant_P316__trialN_5__trialT_B11__fileType_cropped.png,1,,saveTime_2510171712__sessionTime_202510171600__participant_P316__trialN_5__trialT_B11__fileType_cropped.png,0.027496891,1.241998,0.70756614,0.97705483,0.028451031,0.036422666,0.13705422,0.13705422,0.070206314,0.070206314
P316,202510171600,2510171722,6,1,2.5 Hz,2.5,EXPERIMENTAL,LIGHT,True,,saveTime_2510171722__sessionTime_202510171600__participant_P316__trialN_6__trialT_1__fileType_cropped.png,1,,saveTime_2510171722__sessionTime_202510171600__participant_P316__trialN_6__trialT_1__fileType_cropped.png,0.0011479763,0.051852558,0.5492514,0.7584432,0.11964565,0.15316892,0.77060044,0.77060044,0.038243238,0.038243238
P316,202510171600,2510171726,7,C07,,,VALIDATION,IMAGE,True,,saveTime_2510171726__sessionTime_202510171600__participant_P316__trialN_7__trialT_C07__fileType_cropped.png,1,,saveTime_2510171726__sessionTime_202510171600__participant_P316__trialN_7__trialT_C07__fileType_cropped.png,0.012254859,0.55353564,0.29725125,0.4104645,0.28753906,0.36810404,0.7322422,0.7322422,0.272407,0.272407
P316,202510171600,2510171730,8,6,40 Hz,40.0,EXPERIMENTAL,LIGHT,True,,saveTime_2510171730__sessionTime_202510171600__participant_P316__trialN_8__trialT_6__fileType_cropped.png,1,,saveTime_2510171730__sessionTime_202510171600__participant_P316__trialN_8__trialT_6__fileType_cropped.png,0.0013126973,0.059292786,0.26350212,0.3638614,0.2902648,0.37159348,0.8565946,0.8565946,0.07762135,0.07762135
P316,202510171600,2510171734,9,2,5 Hz,5.0,EXPERIMENTAL,LIGHT,True,,saveTime_2510171734__sessionTime_202510171600__participant_P316__trialN_9__trialT_2__fileType_cropped.png,1,,saveTime_2510171734__sessionTime_202510171600__participant_P316__trialN_9__trialT_2__fileType_cropped.png,0.0006085003,0.027485149,0.27526867,0.38010946,0.29058534,0.37200385,0.88177973,0.88177973,0.11006626,0.11006626
P316,202510171600,2510171738,10,5,20 Hz,20.0,EXPERIMENTAL,LIGHT,True,,saveTime_2510171738__sessionTime_202510171600__participant_P316__trialN_10__trialT_5__fileType_cropped.png,1,,saveTime_2510171738__sessionTime_202510171600__participant_P316__trialN_10__trialT_5__fileType_cropped.png,0.0022882507,0.10335723,0.15539534,0.21458033,0.51160353,0.6549487,0.83535266,0.83535266,0.15488409,0.15488409
P316,202510171600,2510171743,11,5,20 Hz,20.0,EXPERIMENTAL,LIGHT,True,,saveTime_2510171743__sessionTime_202510171600__participant_P316__trialN_11__trialT_5__fileType_cropped.png,1,,saveTime_2510171743__sessionTime_202510171600__participant_P316__trialN_11__trialT_5__fileType_cropped.png,0.0018782655,0.08483875,0.28889352,0.39892358,0.27560282,0.3528234,0.8401541,0.8401541,0.08631965,0.08631965
P316,202510171600,2510171753,12,4,15 Hz,15.0,EXPERIMENTAL,LIGHT,True,,saveTime_2510171753__sessionTime_202510171600__participant_P316__trialN_12__trialT_4__fileType_cropped.png,1,,saveTime_2510171753__sessionTime_202510171600__participant_P316__trialN_12__trialT_4__fileType_cropped.png,0.0022140073,0.10000376,0.47182626,0.6515294,0.10241545,0.13111103,0.76738036,0.76738036,0.12576199,0.12576199
P316,202510171600,2510171758,13,4,15 Hz,15.0,EXPERIMENTAL,LIGHT,True,,saveTime_2510171758__sessionTime_202510171600__participant_P316__trialN_13__trialT_4__fileType_cropped.png,1,,saveTime_2510171758__sessionTime_202510171600__participant_P316__trialN_13__trialT_4__fileType_cropped.png,0.0024266522,0.10960864,0.35319394,0.4877139,0.22823174,0.29217952,0.836549,0.836549,0.14720988,0.14720988
P316,202510171600,2510171802,14,6,40 Hz,40.0,EXPERIMENTAL,LIGHT,True,,saveTime_2510171802__sessionTime_202510171600__participant_P316__trialN_14__trialT_6__fileType_cropped.png,1,,saveTime_2510171802__sessionTime_202510171600__participant_P316__trialN_14__trialT_6__fileType_cropped.png,0.0023989477,0.10835727,0.62254936,0.85965794,0.017764183,0.022741493,0.5881061,0.5881061,0.12644084,0.12644084
P316,202510171600,2510171805,15,7,80 Hz,80.0,CONTROL,LIGHT,True,,saveTime_2510171805__sessionTime_202510171600__participant_P316__trialN_15__trialT_7__fileType_cropped.png,1,,saveTime_2510171805__sessionTime_202510171600__participant_P316__trialN_15__trialT_7__fileType_cropped.png,0.0021909573,0.09896262,0.28267285,0.39033365,0.28773174,0.3683507,0.9665451,0.9665451,0.023288447,0.023288447
P316,202510171600,2510171809,16,3,10 Hz,10.0,EXPERIMENTAL,LIGHT,True,,saveTime_2510171809__sessionTime_202510171600__participant_P316__trialN_16__trialT_3__fileType_cropped.png,1,,saveTime_2510171809__sessionTime_202510171600__participant_P316__trialN_16__trialT_3__fileType_cropped.png,0.01078977,0.48735952,0.3177805,0.43881264,0.24965815,0.31960937,0.76236373,0.76236373,0.193348,0.193348
P316,202510171600,2510171813,17,A09,,,VALIDATION,IMAGE,True,,saveTime_2510171813__sessionTime_202510171600__participant_P316__trialN_17__trialT_A09__fileType_cropped.png,1,,saveTime_2510171813__sessionTime_202510171600__participant_P316__trialN_17__trialT_A09__fileType_cropped.png,0.022400305,1.011792,0.8801677,1.2153946,0.011504002,0.014727285,0.050751187,0.050751187,0.10051025,0.10051025
P317,202510171600,2510171655,2,3,10 Hz,10.0,EXPERIMENTAL,LIGHT,True,,saveTime_2510171655__sessionTime_202510171600__participant_P317__trialN_2__trialT_3__fileType_cropped.png,1,,saveTime_2510171655__sessionTime_202510171600__participant_P317__trialN_2__trialT_3__fileType_cropped.png,0.0038088588,0.17204107,0.12316206,0.17007044,0.47954088,0.61390245,0.7142306,0.7142306,0.14742966,0.14742966
P317,202510171600,2510171700,3,2,5 Hz,5.0,EXPERIMENTAL,LIGHT,True,,saveTime_2510171700__sessionTime_202510171600__participant_P317__trialN_3__trialT_2__fileType_cropped.png,1,,saveTime_2510171700__sessionTime_202510171600__participant_P317__trialN_3__trialT_2__fileType_cropped.png,0.003958011,0.17877808,0.19875069,0.2744483,0.40335324,0.516368,0.43671563,0.43671563,0.20882125,0.20882125
P317,202510171600,2510171708,4,1,2.5 Hz,2.5,EXPERIMENTAL,LIGHT,True,,saveTime_2510171708__sessionTime_202510171600__participant_P317__trialN_4__trialT_1__fileType_cropped.png,1,,saveTime_2510171708__sessionTime_202510171600__participant_P317__trialN_4__trialT_1__fileType_cropped.png,0.00029892038,0.013501835,0.12530285,0.17302659,0.4875043,0.62409717,0.3940492,0.3940492,0.37489566,0.37489566
P317,202510171600,2510171711,5,B11,,,VALIDATION,IMAGE,True,,saveTime_2510171711__sessionTime_202510171600__participant_P317__trialN_5__trialT_B11__fileType_cropped.png,1,,saveTime_2510171711__sessionTime_202510171600__participant_P317__trialN_5__trialT_B11__fileType_cropped.png,0.0075604054,0.34149343,0.57273984,0.79087764,0.044980828,0.057583913,0.13911638,0.13911638,0.06881326,0.06881326
P317,202510171600,2510171722,6,1,2.5 Hz,2.5,EXPERIMENTAL,LIGHT,True,,saveTime_2510171722__sessionTime_202510171600__participant_P317__trialN_6__trialT_1__fileType_cropped.png,1,,saveTime_2510171722__sessionTime_202510171600__participant_P317__trialN_6__trialT_1__fileType_cropped.png,0.00083134376,0.037550688,0.22105147,0.30524272,0.41246784,0.52803636,0.67850816,0.67850816,0.09632141,0.09632141
P317,202510171600,2510171726,7,C02,,,VALIDATION,IMAGE,True,,saveTime_2510171726__sessionTime_202510171600__participant_P317__trialN_7__trialT_C02__fileType_cropped.png,1,,saveTime_2510171726__sessionTime_202510171600__participant_P317__trialN_7__trialT_C02__fileType_cropped.png,0.00074930635,0.033845168,0.31169534,0.43040985,0.25955713,0.33228192,0.643744,0.643744,0.10669806,0.10669806
P317,202510171600,2510171730,8,6,40 Hz,40.0,EXPERIMENTAL,LIGHT,True,,saveTime_2510171730__sessionTime_202510171600__participant_P317__trialN_8__trialT_6__fileType_cropped.png,1,,saveTime_2510171730__sessionTime_202510171600__participant_P317__trialN_8__trialT_6__fileType_cropped.png,0.0025447612,0.11494347,0.2155031,0.29758114,0.38600317,0.4941566,0.79283124,0.79283124,0.15162273,0.15162273
P317,202510171600,2510171734,9,2,5 Hz,5.0,EXPERIMENTAL,LIGHT,True,,saveTime_2510171734__sessionTime_202510171600__participant_P317__trialN_9__trialT_2__fileType_cropped.png,1,,saveTime_2510171734__sessionTime_202510171600__participant_P317__trialN_9__trialT_2__fileType_cropped.png,0.0016171784,0.0730458,0.7014865,0.9686597,0.09025678,0.115545645,0.9057682,0.9057682,0.12705818,0.12705818
P317,202510171600,2510171738,10,5,20 Hz,20.0,EXPERIMENTAL,LIGHT,True,,saveTime_2510171738__sessionTime_202510171600__participant_P317__trialN_10__trialT_5__fileType_cropped.png,1,,saveTime_2510171738__sessionTime_202510171600__participant_P317__trialN_10__trialT_5__fileType_cropped.png,0.0022768097,0.10284045,0.3803419,0.5252016,0.23544069,0.30140832,0.7387689,0.7387689,0.15144435,0.15144435
P317,202510171600,2510171743,11,5,20 Hz,20.0,EXPERIMENTAL,LIGHT,True,,saveTime_2510171743__sessionTime_202510171600__participant_P317__trialN_11__trialT_5__fileType_cropped.png,1,,saveTime_2510171743__sessionTime_202510171600__participant_P317__trialN_11__trialT_5__fileType_cropped.png,0.0012020431,0.054294687,0.4199307,0.5798685,0.20032823,0.25645778,0.4907025,0.4907025,0.09122714,0.09122714
P317,202510171600,2510171753,12,4,15 Hz,15.0,EXPERIMENTAL,LIGHT,True,,saveTime_2510171753__sessionTime_202510171600__participant_P317__trialN_12__trialT_4__fileType_cropped.png,1,,saveTime_2510171753__sessionTime_202510171600__participant_P317__trialN_12__trialT_4__fileType_cropped.png,0.0010452175,0.04721108,0.38391104,0.53013015,0.26972494,0.34529862,0.7688253,0.7688253,0.19621079,0.19621079
P317,202510171600,2510171757,13,4,15 Hz,15.0,EXPERIMENTAL,LIGHT,True,,saveTime_2510171757__sessionTime_202510171600__participant_P317__trialN_13__trialT_4__fileType_cropped.png,1,,saveTime_2510171757__sessionTime_202510171600__participant_P317__trialN_13__trialT_4__fileType_cropped.png,0.0013513456,0.06103848,0.40552056,0.55997,0.19886746,0.2545877,0.83244485,0.83244485,0.19051363,0.19051363
P317,202510171600,2510171801,14,6,40 Hz,40.0,EXPERIMENTAL,LIGHT,True,,saveTime_2510171801__sessionTime_202510171600__participant_P317__trialN_14__trialT_6__fileType_cropped.png,1,,saveTime_2510171801__sessionTime_202510171600__participant_P317__trialN_14__trialT_6__fileType_cropped.png,0.0007818069,0.035313174,0.19499472,0.2692618,0.4190995,0.53652614,0.8778527,0.8778527,0.10311308,0.10311308
P317,202510171600,2510171805,15,7,80 Hz,80.0,CONTROL,LIGHT,True,,saveTime_2510171805__sessionTime_202510171600__participant_P317__trialN_15__trialT_7__fileType_cropped.png,1,,saveTime_2510171805__sessionTime_202510171600__participant_P317__trialN_15__trialT_7__fileType_cropped.png,0.00071545196,0.03231601,0.03279249,0.04528207,0.7751712,0.9923649,0.9872072,0.9872072,0.027564613,0.027564613
P317,202510171600,2510171808,16,3,10 Hz,10.0,EXPERIMENTAL,LIGHT,True,,saveTime_2510171808__sessionTime_202510171600__participant_P317__trialN_16__trialT_3__fileType_cropped.png,1,,saveTime_2510171808__sessionTime_202510171600__participant_P317__trialN_16__trialT_3__fileType_cropped.png,0.0037632275,0.16997997,0.5668467,0.78274,0.11219923,0.1436361,0.785003,0.785003,0.18614762,0.18614762
P317,202510171600,2510171812,17,A07,,,VALIDATION,IMAGE,True,,saveTime_2510171812__sessionTime_202510171600__participant_P317__trialN_17__trialT_A07__fileType_cropped.png,1,,saveTime_2510171812__sessionTime_202510171600__participant_P317__trialN_17__trialT_A07__fileType_cropped.png,0.006508167,0.29396522,0.5500946,0.75960755,0.11128411,0.14246458,0.33314553,0.33314553,0.04869089,0.04869089
P318,202510171600,2510171655,2,3,10 Hz,10.0,EXPERIMENTAL,LIGHT,True,,saveTime_2510171655__sessionTime_202510171600__participant_P318__trialN_2__trialT_3__fileType_cropped.png,1,,saveTime_2510171655__sessionTime_202510171600__participant_P318__trialN_2__trialT_3__fileType_cropped.png,0.011057936,0.4994722,0.21663922,0.29915,0.30830836,0.39469266,0.9832668,0.9832668,0.08679255,0.08679255
P318,202510171600,2510171700,3,2,5 Hz,5.0,EXPERIMENTAL,LIGHT,True,,saveTime_2510171700__sessionTime_202510171600__participant_P318__trialN_3__trialT_2__fileType_cropped.png,1,,saveTime_2510171700__sessionTime_202510171600__participant_P318__trialN_3__trialT_2__fileType_cropped.png,0.017758736,0.80213845,0.40146682,0.5543723,0.33331037,0.4266999,0.9857416,0.9857416,0.037389524,0.037389524
P318,202510171600,2510171707,4,1,2.5 Hz,2.5,EXPERIMENTAL,LIGHT,True,,saveTime_2510171707__sessionTime_202510171600__participant_P318__trialN_4__trialT_1__fileType_cropped.png,1,,saveTime_2510171707__sessionTime_202510171600__participant_P318__trialN_4__trialT_1__fileType_cropped.png,0.0011712294,0.05290287,0.013754099,0.018992582,0.8187996,1.0482174,0.94912773,0.94912773,0.03134333,0.03134333
P318,202510171600,2510171711,5,B07,,,VALIDATION,IMAGE,True,,saveTime_2510171711__sessionTime_202510171600__participant_P318__trialN_5__trialT_B07__fileType_cropped.png,1,,saveTime_2510171711__sessionTime_202510171600__participant_P318__trialN_5__trialT_B07__fileType_cropped.png,0.0026355113,0.11904253,0.23936334,0.33052897,0.31696206,0.40577102,0.7718897,0.7718897,0.3389738,0.3389738
P318,202510171600,2510171722,6,1,2.5 Hz,2.5,EXPERIMENTAL,LIGHT,True,,saveTime_2510171722__sessionTime_202510171600__participant_P318__trialN_6__trialT_1__fileType_cropped.png,1,,saveTime_2510171722__sessionTime_202510171600__participant_P318__trialN_6__trialT_1__fileType_cropped.png,0.0004516333,0.020399675,0.13999237,0.19331086,0.6009361,0.7693112,0.98453677,0.98453677,0.036419194,0.036419194
P318,202510171600,2510171726,7,C05,,,VALIDATION,IMAGE,True,,saveTime_2510171726__sessionTime_202510171600__participant_P318__trialN_7__trialT_C05__fileType_cropped.png,1,,saveTime_2510171726__sessionTime_202510171600__participant_P318__trialN_7__trialT_C05__fileType_cropped.png,0.001708706,0.077179976,0.2811985,0.38829777,0.27318633,0.34972984,0.42653266,0.42653266,0.10951075,0.10951075
P318,202510171600,2510171730,8,6,40 Hz,40.0,EXPERIMENTAL,LIGHT,True,,saveTime_2510171730__sessionTime_202510171600__participant_P318__trialN_8__trialT_6__fileType_cropped.png,1,,saveTime_2510171730__sessionTime_202510171600__participant_P318__trialN_8__trialT_6__fileType_cropped.png,0.0007563637,0.03416394,0.3601707,0.49734786,0.25803924,0.33033872,0.9198409,0.9198409,0.075991414,0.075991414
P318,202510171600,2510171734,9,2,5 Hz,5.0,EXPERIMENTAL,LIGHT,True,,saveTime_2510171734__sessionTime_202510171600__participant_P318__trialN_9__trialT_2__fileType_cropped.png,1,,saveTime_2510171734__sessionTime_202510171600__participant_P318__trialN_9__trialT_2__fileType_cropped.png,0.0015997291,0.07225763,0.6161086,0.8507641,0.062139325,0.07955001,0.95741516,0.95741516,0.024383951,0.024383951
P318,202510171600,2510171738,10,5,20 Hz,20.0,EXPERIMENTAL,LIGHT,True,,saveTime_2510171738__sessionTime_202510171600__participant_P318__trialN_10__trialT_5__fileType_cropped.png,1,,saveTime_2510171738__sessionTime_202510171600__participant_P318__trialN_10__trialT_5__fileType_cropped.png,0.0014469104,0.06535502,0.31613404,0.43653908,0.2939897,0.37636206,0.966454,0.966454,0.022568418,0.022568418
P318,202510171600,2510171742,11,5,20 Hz,20.0,EXPERIMENTAL,LIGHT,True,,saveTime_2510171742__sessionTime_202510171600__participant_P318__trialN_11__trialT_5__fileType_cropped.png,1,,saveTime_2510171742__sessionTime_202510171600__participant_P318__trialN_11__trialT_5__fileType_cropped.png,0.0012353233,0.055797905,0.28271922,0.39039767,0.29440913,0.37689903,0.9353991,0.9353991,0.04003626,0.04003626
P318,202510171600,2510171753,12,4,15 Hz,15.0,EXPERIMENTAL,LIGHT,True,,saveTime_2510171753__sessionTime_202510171600__participant_P318__trialN_12__trialT_4__fileType_cropped.png,1,,saveTime_2510171753__sessionTime_202510171600__participant_P318__trialN_12__trialT_4__fileType_cropped.png,0.0012765459,0.05765988,0.34825242,0.4808903,0.20830823,0.26667368,0.94628364,0.94628364,0.032410137,0.032410137
P318,202510171600,2510171757,13,4,15 Hz,15.0,EXPERIMENTAL,LIGHT,True,,saveTime_2510171757__sessionTime_202510171600__participant_P318__trialN_13__trialT_4__fileType_cropped.png,1,,saveTime_2510171757__sessionTime_202510171600__participant_P318__trialN_13__trialT_4__fileType_cropped.png,0.0021249228,0.09597993,0.29573122,0.40836552,0.27597854,0.3533044,0.97743535,0.97743535,0.017075386,0.017075386
P318,202510171600,2510171801,14,6,40 Hz,40.0,EXPERIMENTAL,LIGHT,True,,saveTime_2510171801__sessionTime_202510171600__participant_P318__trialN_14__trialT_6__fileType_cropped.png,1,,saveTime_2510171801__sessionTime_202510171600__participant_P318__trialN_14__trialT_6__fileType_cropped.png,0.00094026426,0.042470485,0.22552632,0.31142187,0.36021927,0.46114838,0.92686033,0.92686033,0.04638234,0.04638234
P318,202510171600,2510171805,15,7,80 Hz,80.0,CONTROL,LIGHT,True,,saveTime_2510171805__sessionTime_202510171600__participant_P318__trialN_15__trialT_7__fileType_cropped.png,1,,saveTime_2510171805__sessionTime_202510171600__participant_P318__trialN_15__trialT_7__fileType_cropped.png,0.00044163817,0.019948207,0.4921624,0.6796109,0.119218655,0.15262228,0.98520714,0.98520714,0.018693706,0.018693706
P318,202510171600,2510171809,16,3,10 Hz,10.0,EXPERIMENTAL,LIGHT,True,,saveTime_2510171809__sessionTime_202510171600__participant_P318__trialN_16__trialT_3__fileType_cropped.png,1,,saveTime_2510171809__sessionTime_202510171600__participant_P318__trialN_16__trialT_3__fileType_cropped.png,0.0012159394,0.05492236,0.08831996,0.12195812,0.59345925,0.7597394,0.935392,0.935392,0.022640048,0.022640048
P318,202510171600,2510171812,17,A02,,,VALIDATION,IMAGE,True,,saveTime_2510171812__sessionTime_202510171600__participant_P318__trialN_17__trialT_A02__fileType_cropped.png,1,,saveTime_2510171812__sessionTime_202510171600__participant_P318__trialN_17__trialT_A02__fileType_cropped.png,0.004499928,0.20325576,0.13460602,0.18587303,0.51157093,0.6549069,0.032849025,0.032849025,0.1745634,0.1745634
P319,202510171600,2510171655,2,3,10 Hz,10.0,EXPERIMENTAL,LIGHT,True,,saveTime_2510171655__sessionTime_202510171600__participant_P319__trialN_2__trialT_3__fileType_cropped.png,1,,saveTime_2510171655__sessionTime_202510171600__participant_P319__trialN_2__trialT_3__fileType_cropped.png,0.0006671255,0.03013317,0.3796421,0.5242353,0.23106731,0.2958096,0.94231904,0.94231904,0.06909861,0.06909861
P319,202510171600,2510171700,3,2,5 Hz,5.0,EXPERIMENTAL,LIGHT,True,,saveTime_2510171700__sessionTime_202510171600__participant_P319__trialN_3__trialT_2__fileType_cropped.png,1,,saveTime_2510171700__sessionTime_202510171600__participant_P319__trialN_3__trialT_2__fileType_cropped.png,0.0020704581,0.09351984,0.4211642,0.5815718,0.14640252,0.18742275,0.8241593,0.8241593,0.14667441,0.14667441
P319,202510171600,2510171707,4,1,2.5 Hz,2.5,EXPERIMENTAL,LIGHT,True,,saveTime_2510171707__sessionTime_202510171600__participant_P319__trialN_4__trialT_1__fileType_cropped.png,1,,saveTime_2510171707__sessionTime_202510171600__participant_P319__trialN_4__trialT_1__fileType_cropped.png,0.0004584535,0.020707732,0.09684763,0.1337337,0.5277396,0.6756059,0.8645174,0.8645174,0.031143509,0.031143509
P319,202510171600,2510171711,5,B14,,,VALIDATION,IMAGE,True,,saveTime_2510171711__sessionTime_202510171600__participant_P319__trialN_5__trialT_B14__fileType_cropped.png,1,,saveTime_2510171711__sessionTime_202510171600__participant_P319__trialN_5__trialT_B14__fileType_cropped.png,0.010954785,0.49481305,0.25574028,0.35314336,0.34430325,0.4407729,0.49393582,0.49393582,0.18587278,0.18587278
P319,202510171600,2510171722,6,1,2.5 Hz,2.5,EXPERIMENTAL,LIGHT,True,,saveTime_2510171722__sessionTime_202510171600__participant_P319__trialN_6__trialT_1__fileType_cropped.png,1,,saveTime_2510171722__sessionTime_202510171600__participant_P319__trialN_6__trialT_1__fileType_cropped.png,0.00029991296,0.013546669,0.27904284,0.38532108,0.27556244,0.3527717,0.993312,0.993312,0.024416048,0.024416048
P319,202510171600,2510171726,7,C01,,,VALIDATION,IMAGE,True,,saveTime_2510171726__sessionTime_202510171600__participant_P319__trialN_7__trialT_C01__fileType_cropped.png,1,,saveTime_2510171726__sessionTime_202510171600__participant_P319__trialN_7__trialT_C01__fileType_cropped.png,0.017024357,0.7689675,0.73651737,1.0170326,0.020341724,0.02604123,0.18869264,0.18869264,0.052749127,0.052749127
P319,202510171600,2510171729,8,6,40 Hz,40.0,EXPERIMENTAL,LIGHT,True,,saveTime_2510171729__sessionTime_202510171600__participant_P319__trialN_8__trialT_6__fileType_cropped.png,1,,saveTime_2510171729__sessionTime_202510171600__participant_P319__trialN_8__trialT_6__fileType_cropped.png,0.0016020881,0.07236418,0.083161905,0.11483554,0.5424378,0.6944223,0.92652786,0.92652786,0.1013742,0.1013742
P319,202510171600,2510171734,9,2,5 Hz,5.0,EXPERIMENTAL,LIGHT,True,,saveTime_2510171734__sessionTime_202510171600__participant_P319__trialN_9__trialT_2__fileType_cropped.png,1,,saveTime_2510171734__sessionTime_202510171600__participant_P319__trialN_9__trialT_2__fileType_cropped.png,0.0019129224,0.08640415,0.8093701,1.1176325,0.032185845,0.04120393,0.96569943,0.96569943,0.035218965,0.035218965
P319,202510171600,2510171737,10,5,20 Hz,20.0,EXPERIMENTAL,LIGHT,True,,saveTime_2510171737__sessionTime_202510171600__participant_P319__trialN_10__trialT_5__fileType_cropped.png,1,,saveTime_2510171737__sessionTime_202510171600__participant_P319__trialN_10__trialT_5__fileType_cropped.png,0.0012379963,0.05591864,0.18474635,0.25511017,0.47713318,0.6108202,0.9392908,0.9392908,0.09189035,0.09189035
P319,202510171600,2510171742,11,5,20 Hz,20.0,EXPERIMENTAL,LIGHT,True,,saveTime_2510171742__sessionTime_202510171600__participant_P319__trialN_11__trialT_5__fileType_cropped.png,1,,saveTime_2510171742__sessionTime_202510171600__participant_P319__trialN_11__trialT_5__fileType_cropped.png,0.0014866461,0.067149825,0.4032313,0.5568088,0.19031943,0.24364465,0.884111,0.884111,0.09479739,0.09479739
P319,202510171600,2510171753,12,4,15 Hz,15.0,EXPERIMENTAL,LIGHT,True,,saveTime_2510171753__sessionTime_202510171600__participant_P319__trialN_12__trialT_4__fileType_cropped.png,1,,saveTime_2510171753__sessionTime_202510171600__participant_P319__trialN_12__trialT_4__fileType_cropped.png,0.0025448995,0.11494972,0.45251882,0.62486833,0.20608601,0.26382884,0.8718363,0.8718363,0.107563205,0.107563205
P319,202510171600,2510171757,13,4,15 Hz,15.0,EXPERIMENTAL,LIGHT,True,,saveTime_2510171757__sessionTime_202510171600__participant_P319__trialN_13__trialT_4__fileType_cropped.png,1,,saveTime_2510171757__sessionTime_202510171600__participant_P319__trialN_13__trialT_4__fileType_cropped.png,0.0014003334,0.06325119,0.4221247,0.58289814,0.1812796,0.23207197,0.84807825,0.84807825,0.1128972,0.1128972
P319,202510171600,2510171801,14,6,40 Hz,40.0,EXPERIMENTAL,LIGHT,True,,saveTime_2510171801__sessionTime_202510171600__participant_P319__trialN_14__trialT_6__fileType_cropped.png,1,,saveTime_2510171801__sessionTime_202510171600__participant_P319__trialN_14__trialT_6__fileType_cropped.png,0.0006721278,0.030359117,0.08710822,0.12028487,0.51508385,0.65940416,0.8882485,0.8882485,0.119503066,0.119503066
P319,202510171600,2510171805,15,7,80 Hz,80.0,CONTROL,LIGHT,True,,saveTime_2510171805__sessionTime_202510171600__participant_P319__trialN_15__trialT_7__fileType_cropped.png,1,,saveTime_2510171805__sessionTime_202510171600__participant_P319__trialN_15__trialT_7__fileType_cropped.png,0.0,0.0,0.0,0.0,0.0,0.0,1.0,1.0,0.0,0.0
P319,202510171600,2510171809,16,3,10 Hz,10.0,EXPERIMENTAL,LIGHT,True,,saveTime_2510171809__sessionTime_202510171600__participant_P319__trialN_16__trialT_3__fileType_cropped.png,1,,saveTime_2510171809__sessionTime_202510171600__participant_P319__trialN_16__trialT_3__fileType_cropped.png,0.0008883387,0.040125076,0.15714628,0.21699813,0.45321926,0.58020586,0.897613,0.897613,0.07627025,0.07627025
P319,202510171600,2510171812,17,A00,,,VALIDATION,IMAGE,True,,saveTime_2510171812__sessionTime_202510171600__participant_P319__trialN_17__trialT_A00__fileType_cropped.png,1,,saveTime_2510171812__sessionTime_202510171600__participant_P319__trialN_17__trialT_A00__fileType_cropped.png,0.005056278,0.22838533,0.80796015,1.1156856,0.016473534,0.021089219,0.18111774,0.18111774,0.049212113,0.049212113
P320,202510171600,2510171655,2,3,10 Hz,10.0,EXPERIMENTAL,LIGHT,True,,saveTime_2510171655__sessionTime_202510171600__participant_P320__trialN_2__trialT_3__fileType_cropped.png,1,,saveTime_2510171655__sessionTime_202510171600__participant_P320__trialN_2__trialT_3__fileType_cropped.png,0.0022490467,0.10158644,0.30313194,0.4185849,0.23953559,0.30665058,0.9590317,0.9590317,0.028212972,0.028212972
P320,202510171600,2510171701,3,2,5 Hz,5.0,EXPERIMENTAL,LIGHT,True,,saveTime_2510171701__sessionTime_202510171600__participant_P320__trialN_3__trialT_2__fileType_cropped.png,1,,saveTime_2510171701__sessionTime_202510171600__participant_P320__trialN_3__trialT_2__fileType_cropped.png,0.0019021964,0.08591968,0.3167657,0.43741134,0.28915447,0.37017208,0.4959611,0.4959611,0.07264585,0.07264585
P320,202510171600,2510171708,4,1,2.5 Hz,2.5,EXPERIMENTAL,LIGHT,True,,saveTime_2510171708__sessionTime_202510171600__participant_P320__trialN_4__trialT_1__fileType_cropped.png,1,,saveTime_2510171708__sessionTime_202510171600__participant_P320__trialN_4__trialT_1__fileType_cropped.png,0.0039007142,0.17619006,0.5307286,0.73286563,0.130821,0.16747548,0.70074785,0.70074785,0.07430817,0.07430817
P320,202510171600,2510171711,5,B11,,,VALIDATION,IMAGE,True,,saveTime_2510171711__sessionTime_202510171600__participant_P320__trialN_5__trialT_B11__fileType_cropped.png,1,,saveTime_2510171711__sessionTime_202510171600__participant_P320__trialN_5__trialT_B11__fileType_cropped.png,0.018508058,0.8359843,0.6323899,0.87324643,0.04710955,0.060309082,0.31846914,0.31846914,0.057489954,0.057489954
P320,202510171600,2510171722,6,1,2.5 Hz,2.5,EXPERIMENTAL,LIGHT,True,,saveTime_2510171722__sessionTime_202510171600__participant_P320__trialN_6__trialT_1__fileType_cropped.png,1,,saveTime_2510171722__sessionTime_202510171600__participant_P320__trialN_6__trialT_1__fileType_cropped.png,0.0004869005,0.021992646,0.08022402,0.11077871,0.4480433,0.5735796,0.81705594,0.81705594,0.089571215,0.089571215
P320,202510171600,2510171726,7,C02,,,VALIDATION,IMAGE,True,,saveTime_2510171726__sessionTime_202510171600__participant_P320__trialN_7__trialT_C02__fileType_cropped.png,1,,saveTime_2510171726__sessionTime_202510171600__participant_P320__trialN_7__trialT_C02__fileType_cropped.png,0.002079566,0.09393123,0.27081224,0.37395573,0.29035813,0.37171298,0.6210142,0.6210142,0.038828306,0.038828306
P320,202510171600,2510171730,8,6,40 Hz,40.0,EXPERIMENTAL,LIGHT,True,,saveTime_2510171730__sessionTime_202510171600__participant_P320__trialN_8__trialT_6__fileType_cropped.png,1,,saveTime_2510171730__sessionTime_202510171600__participant_P320__trialN_8__trialT_6__fileType_cropped.png,0.003580528,0.16172768,0.059773386,0.082539104,0.58189124,0.74493015,0.71268576,0.71268576,0.10045998,0.10045998
P320,202510171600,2510171734,9,2,5 Hz,5.0,EXPERIMENTAL,LIGHT,True,,saveTime_2510171734__sessionTime_202510171600__participant_P320__trialN_9__trialT_2__fileType_cropped.png,1,,saveTime_2510171734__sessionTime_202510171600__participant_P320__trialN_9__trialT_2__fileType_cropped.png,0.0007483718,0.033802956,0.3399713,0.46945518,0.26888195,0.34421945,0.40539092,0.40539092,0.19601992,0.19601992
P320,202510171600,2510171737,10,5,20 Hz,20.0,EXPERIMENTAL,LIGHT,True,,saveTime_2510171737__sessionTime_202510171600__participant_P320__trialN_10__trialT_5__fileType_cropped.png,1,,saveTime_2510171737__sessionTime_202510171600__participant_P320__trialN_10__trialT_5__fileType_cropped.png,0.004615136,0.20845954,0.23094629,0.31890613,0.29195336,0.37375516,0.8204281,0.8204281,0.022592925,0.022592925
P320,202510171600,2510171743,11,5,20 Hz,20.0,EXPERIMENTAL,LIGHT,True,,saveTime_2510171743__sessionTime_202510171600__participant_P320__trialN_11__trialT_5__fileType_cropped.png,1,,saveTime_2510171743__sessionTime_202510171600__participant_P320__trialN_11__trialT_5__fileType_cropped.png,0.0077652074,0.35074407,0.2711198,0.3743804,0.30593038,0.39164838,0.37854472,0.37854472,0.111142956,0.111142956
P320,202510171600,2510171753,12,4,15 Hz,15.0,EXPERIMENTAL,LIGHT,True,,saveTime_2510171753__sessionTime_202510171600__participant_P320__trialN_12__trialT_4__fileType_cropped.png,1,,saveTime_2510171753__sessionTime_202510171600__participant_P320__trialN_12__trialT_4__fileType_cropped.png,0.0036733963,0.16592242,0.2584204,0.35684425,0.30192018,0.38651457,0.33532912,0.33532912,0.10579754,0.10579754
P320,202510171600,2510171757,13,4,15 Hz,15.0,EXPERIMENTAL,LIGHT,True,,saveTime_2510171757__sessionTime_202510171600__participant_P320__trialN_13__trialT_4__fileType_cropped.png,1,,saveTime_2510171757__sessionTime_202510171600__participant_P320__trialN_13__trialT_4__fileType_cropped.png,0.004501955,0.20334731,0.31706184,0.4378203,0.2563413,0.32816505,0.44155496,0.44155496,0.16574186,0.16574186
P320,202510171600,2510171802,14,6,40 Hz,40.0,EXPERIMENTAL,LIGHT,True,,saveTime_2510171802__sessionTime_202510171600__participant_P320__trialN_14__trialT_6__fileType_cropped.png,1,,saveTime_2510171802__sessionTime_202510171600__participant_P320__trialN_14__trialT_6__fileType_cropped.png,0.0032359166,0.14616203,0.26868507,0.37101838,0.31173387,0.39907795,0.97823036,0.97823036,0.03706743,0.03706743
P320,202510171600,2510171805,15,7,80 Hz,80.0,CONTROL,LIGHT,True,,saveTime_2510171805__sessionTime_202510171600__participant_P320__trialN_15__trialT_7__fileType_cropped.png,1,,saveTime_2510171805__sessionTime_202510171600__participant_P320__trialN_15__trialT_7__fileType_cropped.png,0.00026621443,0.012024551,0.33481437,0.46233416,0.2414238,0.30906785,0.9587477,0.9587477,0.07422252,0.07422252
P320,202510171600,2510171808,16,3,10 Hz,10.0,EXPERIMENTAL,LIGHT,True,,saveTime_2510171808__sessionTime_202510171600__participant_P320__trialN_16__trialT_3__fileType_cropped.png,1,,saveTime_2510171808__sessionTime_202510171600__participant_P320__trialN_16__trialT_3__fileType_cropped.png,0.0036699947,0.16576877,0.19329534,0.26691517,0.44930318,0.5751925,0.955311,0.955311,0.09279734,0.09279734
P320,202510171600,2510171812,17,A07,,,VALIDATION,IMAGE,True,,saveTime_2510171812__sessionTime_202510171600__participant_P320__trialN_17__trialT_A07__fileType_cropped.png,1,,saveTime_2510171812__sessionTime_202510171600__participant_P320__trialN_17__trialT_A07__fileType_cropped.png,0.010717125,0.48407823,0.6787294,0.9372351,0.031999715,0.04096565,0.32707623,0.32707623,0.040977642,0.040977642
P321,202510171600,2510171655,2,3,10 Hz,10.0,EXPERIMENTAL,LIGHT,True,,saveTime_2510171655__sessionTime_202510171600__participant_P321__trialN_2__trialT_3__fileType_cropped.png,1,,saveTime_2510171655__sessionTime_202510171600__participant_P321__trialN_2__trialT_3__fileType_cropped.png,0.0010886719,0.049173858,0.2976683,0.41104037,0.2565934,0.32848778,0.9228164,0.9228164,0.023644824,0.023644824
P321,202510171600,2510171700,3,2,5 Hz,5.0,EXPERIMENTAL,LIGHT,True,,saveTime_2510171700__sessionTime_202510171600__participant_P321__trialN_3__trialT_2__fileType_cropped.png,1,,saveTime_2510171700__sessionTime_202510171600__participant_P321__trialN_3__trialT_2__fileType_cropped.png,0.0009626487,0.04348156,0.28055355,0.38740718,0.27142668,0.34747717,0.82732654,0.82732654,0.024366148,0.024366148
P321,202510171600,2510171707,4,1,2.5 Hz,2.5,EXPERIMENTAL,LIGHT,True,,saveTime_2510171707__sessionTime_202510171600__participant_P321__trialN_4__trialT_1__fileType_cropped.png,1,,saveTime_2510171707__sessionTime_202510171600__participant_P321__trialN_4__trialT_1__fileType_cropped.png,0.0010219268,0.04615907,0.29318368,0.4048477,0.28451675,0.36423492,0.86184525,0.86184525,0.017465357,0.017465357
P321,202510171600,2510171711,5,B07,,,VALIDATION,IMAGE,True,,saveTime_2510171711__sessionTime_202510171600__participant_P321__trialN_5__trialT_B07__fileType_cropped.png,1,,saveTime_2510171711__sessionTime_202510171600__participant_P321__trialN_5__trialT_B07__fileType_cropped.png,0.0048968126,0.2211825,0.23641947,0.32646388,0.33111224,0.4238859,0.865358,0.865358,0.33905452,0.33905452
P321,202510171600,2510171722,6,1,2.5 Hz,2.5,EXPERIMENTAL,LIGHT,True,,saveTime_2510171722__sessionTime_202510171600__participant_P321__trialN_6__trialT_1__fileType_cropped.png,1,,saveTime_2510171722__sessionTime_202510171600__participant_P321__trialN_6__trialT_1__fileType_cropped.png,0.00028646606,0.01293929,0.269978,0.37280372,0.30258784,0.3873693,0.97063196,0.97063196,0.07794607,0.07794607
P321,202510171600,2510171726,7,C06,,,VALIDATION,IMAGE,True,,saveTime_2510171726__sessionTime_202510171600__participant_P321__trialN_7__trialT_C06__fileType_cropped.png,1,,saveTime_2510171726__sessionTime_202510171600__participant_P321__trialN_7__trialT_C06__fileType_cropped.png,0.026889319,1.2145547,0.0097246,0.013428381,0.7447684,0.9534435,0.05855698,0.05855698,0.1353985,0.1353985
P321,202510171600,2510171729,8,6,40 Hz,40.0,EXPERIMENTAL,LIGHT,True,,saveTime_2510171729__sessionTime_202510171600__participant_P321__trialN_8__trialT_6__fileType_cropped.png,1,,saveTime_2510171729__sessionTime_202510171600__participant_P321__trialN_8__trialT_6__fileType_cropped.png,0.0012680495,0.057276104,0.32400012,0.4474011,0.19302844,0.24711268,0.87973136,0.87973136,0.046643738,0.046643738
P321,202510171600,2510171734,9,2,5 Hz,5.0,EXPERIMENTAL,LIGHT,True,,saveTime_2510171734__sessionTime_202510171600__participant_P321__trialN_9__trialT_2__fileType_cropped.png,1,,saveTime_2510171734__sessionTime_202510171600__participant_P321__trialN_9__trialT_2__fileType_cropped.png,0.0013630628,0.061567727,0.20872279,0.28821844,0.25040576,0.32056645,0.8203335,0.8203335,0.02674575,0.02674575
P321,202510171600,2510171738,10,5,20 Hz,20.0,EXPERIMENTAL,LIGHT,True,,saveTime_2510171738__sessionTime_202510171600__participant_P321__trialN_10__trialT_5__fileType_cropped.png,1,,saveTime_2510171738__sessionTime_202510171600__participant_P321__trialN_10__trialT_5__fileType_cropped.png,0.0008019376,0.03622245,0.27176693,0.37527403,0.30688444,0.39286977,0.82424194,0.82424194,0.031596996,0.031596996
P321,202510171600,2510171742,11,5,20 Hz,20.0,EXPERIMENTAL,LIGHT,True,,saveTime_2510171742__sessionTime_202510171600__participant_P321__trialN_11__trialT_5__fileType_cropped.png,1,,saveTime_2510171742__sessionTime_202510171600__participant_P321__trialN_11__trialT_5__fileType_cropped.png,0.0009000654,0.040654756,0.47914118,0.6616303,0.12611198,0.16144705,0.9875784,0.9875784,0.017274061,0.017274061
P321,202510171600,2510171753,12,4,15 Hz,15.0,EXPERIMENTAL,LIGHT,True,,saveTime_2510171753__sessionTime_202510171600__participant_P321__trialN_12__trialT_4__fileType_cropped.png,1,,saveTime_2510171753__sessionTime_202510171600__participant_P321__trialN_12__trialT_4__fileType_cropped.png,0.0006954157,0.031411,0.31116676,0.42967996,0.25020018,0.32030326,0.96092814,0.96092814,0.044256173,0.044256173
P321,202510171600,2510171758,13,4,15 Hz,15.0,EXPERIMENTAL,LIGHT,True,,saveTime_2510171758__sessionTime_202510171600__participant_P321__trialN_13__trialT_4__fileType_cropped.png,1,,saveTime_2510171758__sessionTime_202510171600__participant_P321__trialN_13__trialT_4__fileType_cropped.png,0.0014343675,0.06478847,0.31561843,0.4358271,0.322398,0.41273004,0.954926,0.954926,0.034838635,0.034838635
P321,202510171600,2510171802,14,6,40 Hz,40.0,EXPERIMENTAL,LIGHT,True,,saveTime_2510171802__sessionTime_202510171600__participant_P321__trialN_14__trialT_6__fileType_cropped.png,1,,saveTime_2510171802__sessionTime_202510171600__participant_P321__trialN_14__trialT_6__fileType_cropped.png,0.0008331157,0.037630726,0.17183845,0.23728606,0.424277,0.5431543,0.9826116,0.9826116,0.026141426,0.026141426
P321,202510171600,2510171805,15,7,80 Hz,80.0,CONTROL,LIGHT,True,,saveTime_2510171805__sessionTime_202510171600__participant_P321__trialN_15__trialT_7__fileType_cropped.png,1,,saveTime_2510171805__sessionTime_202510171600__participant_P321__trialN_15__trialT_7__fileType_cropped.png,0.0016989851,0.07674089,0.1741616,0.24049403,0.4221648,0.5404503,0.98400337,0.98400337,0.018078284,0.018078284
P321,202510171600,2510171807,16,3,10 Hz,10.0,EXPERIMENTAL,LIGHT,True,,saveTime_2510171807__sessionTime_202510171600__participant_P321__trialN_16__trialT_3__fileType_cropped.png,1,,saveTime_2510171807__sessionTime_202510171600__participant_P321__trialN_16__trialT_3__fileType_cropped.png,0.0037607672,0.16986884,0.19711547,0.27219027,0.39133734,0.5009853,0.8049384,0.8049384,0.008027944,0.008027944
P321,202510171600,2510171812,17,A01,,,VALIDATION,IMAGE,True,,saveTime_2510171812__sessionTime_202510171600__participant_P321__trialN_17__trialT_A01__fileType_cropped.png,1,,saveTime_2510171812__sessionTime_202510171600__participant_P321__trialN_17__trialT_A01__fileType_cropped.png,0.007405601,0.33450112,0.3103856,0.4286013,0.27481887,0.3518198,0.078979604,0.078979604,0.2388161,0.2388161
P322,202510171600,2510171655,2,3,10 Hz,10.0,EXPERIMENTAL,LIGHT,True,,saveTime_2510171655__sessionTime_202510171600__participant_P322__trialN_2__trialT_3__fileType_cropped.png,1,,saveTime_2510171655__sessionTime_202510171600__participant_P322__trialN_2__trialT_3__fileType_cropped.png,0.0047094487,0.21271951,0.16847672,0.23264396,0.46120843,0.5904335,0.7724621,0.7724621,0.36242905,0.36242905
P322,202510171600,2510171701,3,2,5 Hz,5.0,EXPERIMENTAL,LIGHT,True,,saveTime_2510171701__sessionTime_202510171600__participant_P322__trialN_3__trialT_2__fileType_cropped.png,1,,saveTime_2510171701__sessionTime_202510171600__participant_P322__trialN_3__trialT_2__fileType_cropped.png,0.0048946785,0.2210861,0.18936357,0.26148593,0.5040059,0.6452223,0.899885,0.899885,0.2978842,0.2978842
P322,202510171600,2510171707,4,1,2.5 Hz,2.5,EXPERIMENTAL,LIGHT,True,,saveTime_2510171707__sessionTime_202510171600__participant_P322__trialN_4__trialT_1__fileType_cropped.png,1,,saveTime_2510171707__sessionTime_202510171600__participant_P322__trialN_4__trialT_1__fileType_cropped.png,0.0003959696,0.017885419,0.0060689873,0.008380465,0.83455336,1.0683851,0.9248927,0.9248927,0.1010502,0.1010502
P322,202510171600,2510171712,5,B11,,,VALIDATION,IMAGE,True,,saveTime_2510171712__sessionTime_202510171600__participant_P322__trialN_5__trialT_B11__fileType_cropped.png,1,,saveTime_2510171712__sessionTime_202510171600__participant_P322__trialN_5__trialT_B11__fileType_cropped.png,0.015804786,0.71388113,0.724181,0.99999774,0.023632035,0.030253446,0.03959237,0.03959237,0.100560725,0.100560725
P322,202510171600,2510171722,6,1,2.5 Hz,2.5,EXPERIMENTAL,LIGHT,True,,saveTime_2510171722__sessionTime_202510171600__participant_P322__trialN_6__trialT_1__fileType_cropped.png,1,,saveTime_2510171722__sessionTime_202510171600__participant_P322__trialN_6__trialT_1__fileType_cropped.png,0.0003087865,0.013947474,0.009616707,0.013279395,0.7926017,1.0146792,0.8744339,0.8744339,0.32710284,0.32710284
P322,202510171600,2510171726,7,C09,,,VALIDATION,IMAGE,True,,saveTime_2510171726__sessionTime_202510171600__participant_P322__trialN_7__trialT_C09__fileType_cropped.png,1,,saveTime_2510171726__sessionTime_202510171600__participant_P322__trialN_7__trialT_C09__fileType_cropped.png,0.024468005,1.1051872,0.04563631,0.06301768,0.690337,0.8837611,0.3531437,0.3531437,0.09996832,0.09996832
P322,202510171600,2510171730,8,6,40 Hz,40.0,EXPERIMENTAL,LIGHT,True,,saveTime_2510171730__sessionTime_202510171600__participant_P322__trialN_8__trialT_6__fileType_cropped.png,1,,saveTime_2510171730__sessionTime_202510171600__participant_P322__trialN_8__trialT_6__fileType_cropped.png,0.016589459,0.7493237,0.14806499,0.20445807,0.41590327,0.53243434,0.8685982,0.8685982,0.33061373,0.33061373
P322,202510171600,2510171734,9,2,5 Hz,5.0,EXPERIMENTAL,LIGHT,True,,saveTime_2510171734__sessionTime_202510171600__participant_P322__trialN_9__trialT_2__fileType_cropped.png,1,,saveTime_2510171734__sessionTime_202510171600__participant_P322__trialN_9__trialT_2__fileType_cropped.png,0.0016156604,0.07297722,0.13451387,0.18574578,0.4119788,0.5274103,0.67744625,0.67744625,0.45162693,0.45162693
P322,202510171600,2510171738,10,5,20 Hz,20.0,EXPERIMENTAL,LIGHT,True,,saveTime_2510171738__sessionTime_202510171600__participant_P322__trialN_10__trialT_5__fileType_cropped.png,1,,saveTime_2510171738__sessionTime_202510171600__participant_P322__trialN_10__trialT_5__fileType_cropped.png,0.010584428,0.4780845,0.33333293,0.46028847,0.2607276,0.33378035,0.84704536,0.84704536,0.35590044,0.35590044
P322,202510171600,2510171742,11,5,20 Hz,20.0,EXPERIMENTAL,LIGHT,True,,saveTime_2510171742__sessionTime_202510171600__participant_P322__trialN_11__trialT_5__fileType_cropped.png,1,,saveTime_2510171742__sessionTime_202510171600__participant_P322__trialN_11__trialT_5__fileType_cropped.png,0.013599117,0.614254,0.4407221,0.6085787,0.1445277,0.18502262,0.62931436,0.62931436,0.4791831,0.4791831
P322,202510171600,2510171754,12,4,15 Hz,15.0,EXPERIMENTAL,LIGHT,True,,saveTime_2510171754__sessionTime_202510171600__participant_P322__trialN_12__trialT_4__fileType_cropped.png,1,,saveTime_2510171754__sessionTime_202510171600__participant_P322__trialN_12__trialT_4__fileType_cropped.png,0.008199793,0.37037373,0.21832319,0.30147532,0.33355793,0.42701685,0.78343,0.78343,0.35782212,0.35782212
P322,202510171600,2510171758,13,4,15 Hz,15.0,EXPERIMENTAL,LIGHT,True,,saveTime_2510171758__sessionTime_202510171600__participant_P322__trialN_13__trialT_4__fileType_cropped.png,1,,saveTime_2510171758__sessionTime_202510171600__participant_P322__trialN_13__trialT_4__fileType_cropped.png,0.009888673,0.4466582,0.33265543,0.45935294,0.26072264,0.33377397,0.894824,0.894824,0.21132168,0.21132168
P322,202510171600,2510171802,14,6,40 Hz,40.0,EXPERIMENTAL,LIGHT,True,,saveTime_2510171802__sessionTime_202510171600__participant_P322__trialN_14__trialT_6__fileType_cropped.png,1,,saveTime_2510171802__sessionTime_202510171600__participant_P322__trialN_14__trialT_6__fileType_cropped.png,0.0011349636,0.051264793,0.67322177,0.9296298,0.06308143,0.08075608,0.96182036,0.96182036,0.03833665,0.03833665
P322,202510171600,2510171805,15,7,80 Hz,80.0,CONTROL,LIGHT,True,,saveTime_2510171805__sessionTime_202510171600__participant_P322__trialN_15__trialT_7__fileType_cropped.png,1,,saveTime_2510171805__sessionTime_202510171600__participant_P322__trialN_15__trialT_7__fileType_cropped.png,0.0016167833,0.073027946,0.12027812,0.1660881,0.51263183,0.6562651,0.98124886,0.98124886,0.017933778,0.017933778
P322,202510171600,2510171809,16,3,10 Hz,10.0,EXPERIMENTAL,LIGHT,True,,saveTime_2510171809__sessionTime_202510171600__participant_P322__trialN_16__trialT_3__fileType_cropped.png,1,,saveTime_2510171809__sessionTime_202510171600__participant_P322__trialN_16__trialT_3__fileType_cropped.png,0.0013986516,0.06317523,0.16353625,0.22582184,0.34328312,0.43946692,0.9346524,0.9346524,0.110188045,0.110188045
P322,202510171600,2510171813,17,A05,,,VALIDATION,IMAGE,True,,saveTime_2510171813__sessionTime_202510171600__participant_P322__trialN_17__trialT_A05__fileType_cropped.png,1,,saveTime_2510171813__sessionTime_202510171600__participant_P322__trialN_17__trialT_A05__fileType_cropped.png,0.010524929,0.475397,0.029147387,0.04024867,0.7702192,0.98602533,0.39564994,0.39564994,0.13204512,0.13204512
P323,202510171600,2510171655,2,3,10 Hz,10.0,EXPERIMENTAL,LIGHT,True,,saveTime_2510171655__sessionTime_202510171600__participant_P323__trialN_2__trialT_3__fileType_cropped.png,1,,saveTime_2510171655__sessionTime_202510171600__participant_P323__trialN_2__trialT_3__fileType_cropped.png,0.00066074077,0.02984478,0.1658907,0.229073,0.4129303,0.5286284,0.9478274,0.9478274,0.056249347,0.056249347
P323,202510171600,2510171706,3,2,5 Hz,5.0,EXPERIMENTAL,LIGHT,True,,saveTime_2510171706__sessionTime_202510171600__participant_P323__trialN_3__trialT_2__fileType_cropped.png,1,,saveTime_2510171706__sessionTime_202510171600__participant_P323__trialN_3__trialT_2__fileType_cropped.png,0.000906184,0.040931124,0.12050891,0.1664068,0.55252737,0.70733887,0.97176635,0.97176635,0.033795275,0.033795275
P323,202510171600,2510171708,4,1,2.5 Hz,2.5,EXPERIMENTAL,LIGHT,True,,saveTime_2510171708__sessionTime_202510171600__participant_P323__trialN_4__trialT_1__fileType_cropped.png,1,,saveTime_2510171708__sessionTime_202510171600__participant_P323__trialN_4__trialT_1__fileType_cropped.png,0.0006768187,0.030570999,0.13385713,0.1848389,0.5007114,0.6410047,0.9580844,0.9580844,0.051064182,0.051064182
P323,202510171600,2510171711,5,B10,,,VALIDATION,IMAGE,True,,saveTime_2510171711__sessionTime_202510171600__participant_P323__trialN_5__trialT_B10__fileType_cropped.png,1,,saveTime_2510171711__sessionTime_202510171600__participant_P323__trialN_5__trialT_B10__fileType_cropped.png,0.015670683,0.7078239,0.769136,1.0620747,0.024182098,0.03095763,0.594991,0.594991,0.16748321,0.16748321
P323,202510171600,2510171722,6,1,2.5 Hz,2.5,EXPERIMENTAL,LIGHT,True,,saveTime_2510171722__sessionTime_202510171600__participant_P323__trialN_6__trialT_1__fileType_cropped.png,1,,saveTime_2510171722__sessionTime_202510171600__participant_P323__trialN_6__trialT_1__fileType_cropped.png,0.0016789866,0.07583758,0.19670485,0.27162325,0.39757967,0.5089767,0.9442135,0.9442135,0.015108063,0.015108063
P323,202510171600,2510171726,7,C12,,,VALIDATION,IMAGE,True,,saveTime_2510171726__sessionTime_202510171600__participant_P323__trialN_7__trialT_C12__fileType_cropped.png,1,,saveTime_2510171726__sessionTime_202510171600__participant_P323__trialN_7__trialT_C12__fileType_cropped.png,0.012721374,0.5746075,0.2699376,0.37274796,0.2989342,0.38269195,0.6328575,0.6328575,0.47806343,0.47806343
P323,202510171600,2510171730,8,6,40 Hz,40.0,EXPERIMENTAL,LIGHT,True,,saveTime_2510171730__sessionTime_202510171600__participant_P323__trialN_8__trialT_6__fileType_cropped.png,1,,saveTime_2510171730__sessionTime_202510171600__participant_P323__trialN_8__trialT_6__fileType_cropped.png,0.011889484,0.5370321,0.22287425,0.30775973,0.37720042,0.48288745,0.92218566,0.92218566,0.22034773,0.22034773
P323,202510171600,2510171734,9,2,5 Hz,5.0,EXPERIMENTAL,LIGHT,True,,saveTime_2510171734__sessionTime_202510171600__participant_P323__trialN_9__trialT_2__fileType_cropped.png,1,,saveTime_2510171734__sessionTime_202510171600__participant_P323__trialN_9__trialT_2__fileType_cropped.png,0.0014703356,0.0664131,0.10935845,0.15100949,0.5331788,0.6825691,0.97511876,0.97511876,0.020418964,0.020418964
P323,202510171600,2510171737,10,5,20 Hz,20.0,EXPERIMENTAL,LIGHT,True,,saveTime_2510171737__sessionTime_202510171600__participant_P323__trialN_10__trialT_5__fileType_cropped.png,1,,saveTime_2510171737__sessionTime_202510171600__participant_P323__trialN_10__trialT_5__fileType_cropped.png,0.0009210559,0.04160287,0.32538387,0.44931188,0.25958169,0.33231336,0.90508914,0.90508914,0.04597876,0.04597876
P323,202510171600,2510171743,11,5,20 Hz,20.0,EXPERIMENTAL,LIGHT,True,,saveTime_2510171743__sessionTime_202510171600__participant_P323__trialN_11__trialT_5__fileType_cropped.png,1,,saveTime_2510171743__sessionTime_202510171600__participant_P323__trialN_11__trialT_5__fileType_cropped.png,0.00075013,0.033882372,0.33074388,0.45671335,0.2348114,0.30060273,0.9158899,0.9158899,0.05687314,0.05687314
P323,202510171600,2510171754,12,4,15 Hz,15.0,EXPERIMENTAL,LIGHT,True,,saveTime_2510171754__sessionTime_202510171600__participant_P323__trialN_12__trialT_4__fileType_cropped.png,1,,saveTime_2510171754__sessionTime_202510171600__participant_P323__trialN_12__trialT_4__fileType_cropped.png,0.0018975923,0.08571172,0.33407006,0.46130636,0.25019544,0.32029718,0.92697144,0.92697144,0.07030834,0.07030834
P323,202510171600,2510171757,13,4,15 Hz,15.0,EXPERIMENTAL,LIGHT,True,,saveTime_2510171757__sessionTime_202510171600__participant_P323__trialN_13__trialT_4__fileType_cropped.png,1,,saveTime_2510171757__sessionTime_202510171600__participant_P323__trialN_13__trialT_4__fileType_cropped.png,0.0008429521,0.038075022,0.1945688,0.26867366,0.41407356,0.530092,0.91861093,0.91861093,0.07780791,0.07780791
P323,202510171600,2510171802,14,6,40 Hz,40.0,EXPERIMENTAL,LIGHT,True,,saveTime_2510171802__sessionTime_202510171600__participant_P323__trialN_14__trialT_6__fileType_cropped.png,1,,saveTime_2510171802__sessionTime_202510171600__participant_P323__trialN_14__trialT_6__fileType_cropped.png,0.003792503,0.1713023,0.21930385,0.30282947,0.3803085,0.48686638,0.9607973,0.9607973,0.04259986,0.04259986
P323,202510171600,2510171805,15,7,80 Hz,80.0,CONTROL,LIGHT,True,,saveTime_2510171805__sessionTime_202510171600__participant_P323__trialN_15__trialT_7__fileType_cropped.png,1,,saveTime_2510171805__sessionTime_202510171600__participant_P323__trialN_15__trialT_7__fileType_cropped.png,0.0007722384,0.03488098,0.16272257,0.22469825,0.48326012,0.6186638,0.9768133,0.9768133,0.03092307,0.03092307
P323,202510171600,2510171808,16,3,10 Hz,10.0,EXPERIMENTAL,LIGHT,True,,saveTime_2510171808__sessionTime_202510171600__participant_P323__trialN_16__trialT_3__fileType_cropped.png,1,,saveTime_2510171808__sessionTime_202510171600__participant_P323__trialN_16__trialT_3__fileType_cropped.png,0.000665918,0.030078627,0.11973926,0.165344,0.5752891,0.73647815,0.93836683,0.93836683,0.04770623,0.04770623
P323,202510171600,2510171812,17,A10,,,VALIDATION,IMAGE,True,,saveTime_2510171812__sessionTime_202510171600__participant_P323__trialN_17__trialT_A10__fileType_cropped.png,1,,saveTime_2510171812__sessionTime_202510171600__participant_P323__trialN_17__trialT_A10__fileType_cropped.png,0.029597554,1.3368821,0.44897583,0.619976,0.35817945,0.458537,0.37921107,0.37921107,0.059733786,0.059733786
P324,202510171600,2510171655,2,3,10 Hz,10.0,EXPERIMENTAL,LIGHT,True,,saveTime_2510171655__sessionTime_202510171600__participant_P324__trialN_2__trialT_3__fileType_cropped.png,1,,saveTime_2510171655__sessionTime_202510171600__participant_P324__trialN_2__trialT_3__fileType_cropped.png,0.0089359945,0.40362695,0.2926332,0.40408757,0.28627834,0.3664901,0.9723411,0.9723411,0.15296255,0.15296255
P324,202510171600,2510171706,4,1,2.5 Hz,2.5,EXPERIMENTAL,LIGHT,True,,saveTime_2510171706__sessionTime_202510171600__participant_P324__trialN_4__trialT_1__fileType_cropped.png,1,,saveTime_2510171706__sessionTime_202510171600__participant_P324__trialN_4__trialT_1__fileType_cropped.png,0.018573778,0.8389528,0.057712715,0.07969359,0.5874877,0.7520947,0.90124464,0.90124464,0.28521937,0.28521937
P324,202510171600,2510171711,5,B07,,,VALIDATION,IMAGE,True,,saveTime_2510171711__sessionTime_202510171600__participant_P324__trialN_5__trialT_B07__fileType_cropped.png,1,,saveTime_2510171711__sessionTime_202510171600__participant_P324__trialN_5__trialT_B07__fileType_cropped.png,0.0023457862,0.10595603,0.2755047,0.3804354,0.2706826,0.3465246,0.93156356,0.93156356,0.24801198,0.24801198
P324,202510171600,2510171722,6,1,2.5 Hz,2.5,EXPERIMENTAL,LIGHT,True,,saveTime_2510171722__sessionTime_202510171600__participant_P324__trialN_6__trialT_1__fileType_cropped.png,1,,saveTime_2510171722__sessionTime_202510171600__participant_P324__trialN_6__trialT_1__fileType_cropped.png,0.010891839,0.49196985,0.45020884,0.6216786,0.16862895,0.21587674,0.82407445,0.82407445,0.27463174,0.27463174
P324,202510171600,2510171726,7,C04,,,VALIDATION,IMAGE,True,,saveTime_2510171726__sessionTime_202510171600__participant_P324__trialN_7__trialT_C04__fileType_cropped.png,1,,saveTime_2510171726__sessionTime_202510171600__participant_P324__trialN_7__trialT_C04__fileType_cropped.png,0.009816633,0.4434042,0.30235785,0.41751602,0.31098276,0.39811638,0.86768115,0.86768115,0.32952297,0.32952297
P324,202510171600,2510171729,8,6,40 Hz,40.0,EXPERIMENTAL,LIGHT,True,,saveTime_2510171729__sessionTime_202510171600__participant_P324__trialN_8__trialT_6__fileType_cropped.png,1,,saveTime_2510171729__sessionTime_202510171600__participant_P324__trialN_8__trialT_6__fileType_cropped.png,0.019177366,0.86621606,0.23926038,0.3303868,0.41686404,0.53366435,0.6707779,0.6707779,0.37774405,0.37774405
P324,202510171600,2510171734,9,2,5 Hz,5.0,EXPERIMENTAL,LIGHT,True,,saveTime_2510171734__sessionTime_202510171600__participant_P324__trialN_9__trialT_2__fileType_cropped.png,1,,saveTime_2510171734__sessionTime_202510171600__participant_P324__trialN_9__trialT_2__fileType_cropped.png,0.022134759,0.9997975,0.12368347,0.17079043,0.51301014,0.6567494,0.78923374,0.78923374,0.39371857,0.39371857
P324,202510171600,2510171737,10,5,20 Hz,20.0,EXPERIMENTAL,LIGHT,True,,saveTime_2510171737__sessionTime_202510171600__participant_P324__trialN_10__trialT_5__fileType_cropped.png,1,,saveTime_2510171737__sessionTime_202510171600__participant_P324__trialN_10__trialT_5__fileType_cropped.png,0.019574247,0.88414264,0.45873845,0.6334568,0.20067152,0.25689727,0.90220976,0.90220976,0.21258128,0.21258128
P324,202510171600,2510171742,11,5,20 Hz,20.0,EXPERIMENTAL,LIGHT,True,,saveTime_2510171742__sessionTime_202510171600__participant_P324__trialN_11__trialT_5__fileType_cropped.png,1,,saveTime_2510171742__sessionTime_202510171600__participant_P324__trialN_11__trialT_5__fileType_cropped.png,0.012463006,0.5629374,0.43758056,0.6042406,0.28146535,0.36032856,0.6858014,0.6858014,0.4521923,0.4521923
P324,202510171600,2510171753,12,4,15 Hz,15.0,EXPERIMENTAL,LIGHT,True,,saveTime_2510171753__sessionTime_202510171600__participant_P324__trialN_12__trialT_4__fileType_cropped.png,1,,saveTime_2510171753__sessionTime_202510171600__participant_P324__trialN_12__trialT_4__fileType_cropped.png,0.023332309,1.0538893,0.30241245,0.41759142,0.2607344,0.33378905,0.895008,0.895008,0.2911746,0.2911746
P324,202510171600,2510171757,13,4,15 Hz,15.0,EXPERIMENTAL,LIGHT,True,,saveTime_2510171757__sessionTime_202510171600__participant_P324__trialN_13__trialT_4__fileType_cropped.png,1,,saveTime_2510171757__sessionTime_202510171600__participant_P324__trialN_13__trialT_4__fileType_cropped.png,0.0063549415,0.28704423,0.40128237,0.5541176,0.17067991,0.21850237,0.9016507,0.9016507,0.29072946,0.29072946
P324,202510171600,2510171801,14,6,40 Hz,40.0,EXPERIMENTAL,LIGHT,True,,saveTime_2510171801__sessionTime_202510171600__participant_P324__trialN_14__trialT_6__fileType_cropped.png,1,,saveTime_2510171801__sessionTime_202510171600__participant_P324__trialN_14__trialT_6__fileType_cropped.png,0.019807843,0.8946939,0.14587598,0.20143534,0.5193206,0.664828,0.54557025,0.54557025,0.25879622,0.25879622
P324,202510171600,2510171805,15,7,80 Hz,80.0,CONTROL,LIGHT,True,,saveTime_2510171805__sessionTime_202510171600__participant_P324__trialN_15__trialT_7__fileType_cropped.png,1,,saveTime_2510171805__sessionTime_202510171600__participant_P324__trialN_15__trialT_7__fileType_cropped.png,0.0019178072,0.08662479,0.21037233,0.29049623,0.38220945,0.48929992,0.62362504,0.62362504,0.04963339,0.04963339
P324,202510171600,2510171808,16,3,10 Hz,10.0,EXPERIMENTAL,LIGHT,True,,saveTime_2510171808__sessionTime_202510171600__participant_P324__trialN_16__trialT_3__fileType_cropped.png,1,,saveTime_2510171808__sessionTime_202510171600__participant_P324__trialN_16__trialT_3__fileType_cropped.png,0.016113082,0.72780645,0.57322425,0.7915465,0.10932755,0.13995981,0.61751175,0.61751175,0.40077204,0.40077204
P324,202510171600,2510171811,17,A00,,,VALIDATION,IMAGE,True,,saveTime_2510171811__sessionTime_202510171600__participant_P324__trialN_17__trialT_A00__fileType_cropped.png,1,,saveTime_2510171811__sessionTime_202510171600__participant_P324__trialN_17__trialT_A00__fileType_cropped.png,0.0059787636,0.2700528,0.41014373,0.566354,0.15578784,0.19943772,0.07567663,0.07567663,0.202834,0.202834
P324,202510171600,2512021511,101,2,5 Hz,5.0,EXPERIMENTAL,LIGHT,True,,saveTime_2512021511__sessionTime_202510171600__participant_P324__trialN_101__trialT_2__fileType_cropped.png,1,,saveTime_2512021511__sessionTime_202510171600__participant_P324__trialN_101__trialT_2__fileType_cropped.png,0.024392579,1.1017803,0.098604314,0.13615945,0.68473804,0.8765934,0.46760207,0.46760207,0.2937892,0.2937892
P325,202510180920,2510181017,2,B03,,,VALIDATION,IMAGE,True,,saveTime_2510181017__sessionTime_202510180920__participant_P325__trialN_2__trialT_B03__fileType_cropped.png,1,,saveTime_2510181017__sessionTime_202510180920__participant_P325__trialN_2__trialT_B03__fileType_cropped.png,0.009345137,0.42210737,0.0087020565,0.012016384,0.7571313,0.96927035,0.16786768,0.16786768,0.23049405,0.23049405
P325,202510180920,2510181021,3,1,2.5 Hz,2.5,EXPERIMENTAL,LIGHT,True,,saveTime_2510181021__sessionTime_202510180920__participant_P325__trialN_3__trialT_1__fileType_cropped.png,1,,saveTime_2510181021__sessionTime_202510180920__participant_P325__trialN_3__trialT_1__fileType_cropped.png,0.00022460266,0.010145003,0.0027441406,0.0037892936,0.9493131,1.2152992,0.8179074,0.8179074,0.30283323,0.30283323
P325,202510180920,2510181025,4,1,2.5 Hz,2.5,EXPERIMENTAL,LIGHT,True,,saveTime_2510181025__sessionTime_202510180920__participant_P325__trialN_4__trialT_1__fileType_cropped.png,1,,saveTime_2510181025__sessionTime_202510180920__participant_P325__trialN_4__trialT_1__fileType_cropped.png,0.0002097398,0.009473667,0.0048668245,0.006720438,0.92861533,1.1888021,0.8282741,0.8282741,0.28480768,0.28480768
P325,202510180920,2510181029,5,2,5 Hz,5.0,EXPERIMENTAL,LIGHT,True,,saveTime_2510181029__sessionTime_202510180920__participant_P325__trialN_5__trialT_2__fileType_cropped.png,1,,saveTime_2510181029__sessionTime_202510180920__participant_P325__trialN_5__trialT_2__fileType_cropped.png,0.0005723015,0.025850097,0.04698615,0.06488163,0.79598975,1.0190165,0.63854986,0.63854986,0.18173105,0.18173105
P325,202510180920,2510181043,6,3,10 Hz,10.0,EXPERIMENTAL,LIGHT,True,,saveTime_2510181043__sessionTime_202510180920__participant_P325__trialN_6__trialT_3__fileType_cropped.png,1,,saveTime_2510181043__sessionTime_202510180920__participant_P325__trialN_6__trialT_3__fileType_cropped.png,0.0006677948,0.0301634,0.2830768,0.39089143,0.28304422,0.3623498,0.8641296,0.8641296,0.1256018,0.1256018
P325,202510180920,2510181047,7,4,15 Hz,15.0,EXPERIMENTAL,LIGHT,True,,saveTime_2510181047__sessionTime_202510180920__participant_P325__trialN_7__trialT_4__fileType_cropped.png,1,,saveTime_2510181047__sessionTime_202510180920__participant_P325__trialN_7__trialT_4__fileType_cropped.png,0.0010856048,0.049035322,0.2646517,0.3654488,0.30689433,0.39288244,0.5678916,0.5678916,0.11932237,0.11932237
P325,202510180920,2510181050,8,3,10 Hz,10.0,EXPERIMENTAL,LIGHT,True,,saveTime_2510181050__sessionTime_202510180920__participant_P325__trialN_8__trialT_3__fileType_cropped.png,1,,saveTime_2510181050__sessionTime_202510180920__participant_P325__trialN_8__trialT_3__fileType_cropped.png,0.0025015424,0.11299134,0.19030647,0.26278794,0.33766434,0.4322738,0.55222374,0.55222374,0.08302679,0.08302679
P325,202510180920,2510181055,9,6,40 Hz,40.0,EXPERIMENTAL,LIGHT,True,,saveTime_2510181055__sessionTime_202510180920__participant_P325__trialN_9__trialT_6__fileType_cropped.png,1,,saveTime_2510181055__sessionTime_202510180920__participant_P325__trialN_9__trialT_6__fileType_cropped.png,0.0016527368,0.07465192,0.2851758,0.3937899,0.287042,0.3674677,0.872269,0.872269,0.13224863,0.13224863
P325,202510180920,2510181058,10,C12,,,VALIDATION,IMAGE,True,,saveTime_2510181058__sessionTime_202510180920__participant_P325__trialN_10__trialT_C12__fileType_cropped.png,1,,saveTime_2510181058__sessionTime_202510180920__participant_P325__trialN_10__trialT_C12__fileType_cropped.png,0.0053909193,0.24350064,0.2547021,0.35170975,0.33369356,0.42719048,0.4864835,0.4864835,0.4446915,0.4446915
P325,202510180920,2510181102,11,A11,,,VALIDATION,IMAGE,True,,saveTime_2510181102__sessionTime_202510180920__participant_P325__trialN_11__trialT_A11__fileType_cropped.png,1,,saveTime_2510181102__sessionTime_202510180920__participant_P325__trialN_11__trialT_A11__fileType_cropped.png,0.0065058065,0.29385862,0.56911147,0.78586733,0.24599531,0.31492025,0.15784694,0.15784694,0.2585184,0.2585184
P325,202510180920,2510181112,12,7,80 Hz,80.0,CONTROL,LIGHT,True,,saveTime_2510181112__sessionTime_202510180920__participant_P325__trialN_12__trialT_7__fileType_cropped.png,1,,saveTime_2510181112__sessionTime_202510180920__participant_P325__trialN_12__trialT_7__fileType_cropped.png,0.00017744659,0.008015026,0.007110675,0.009818898,0.8845658,1.1324104,0.9392624,0.9392624,0.09168581,0.09168581
P325,202510180920,2510181116,13,6,40 Hz,40.0,EXPERIMENTAL,LIGHT,True,,saveTime_2510181116__sessionTime_202510180920__participant_P325__trialN_13__trialT_6__fileType_cropped.png,1,,saveTime_2510181116__sessionTime_202510180920__participant_P325__trialN_13__trialT_6__fileType_cropped.png,0.0010090332,0.045576684,0.2935165,0.40530726,0.2862245,0.3664212,0.21443148,0.21443148,0.07810606,0.07810606
P325,202510180920,2510181120,14,4,15 Hz,15.0,EXPERIMENTAL,LIGHT,True,,saveTime_2510181120__sessionTime_202510180920__participant_P325__trialN_14__trialT_4__fileType_cropped.png,1,,saveTime_2510181120__sessionTime_202510180920__participant_P325__trialN_14__trialT_4__fileType_cropped.png,0.0006305713,0.028482065,0.28273374,0.39041772,0.2872961,0.367793,0.6163156,0.6163156,0.16924709,0.16924709
P325,202510180920,2510181125,15,2,5 Hz,5.0,EXPERIMENTAL,LIGHT,True,,saveTime_2510181125__sessionTime_202510180920__participant_P325__trialN_15__trialT_2__fileType_cropped.png,1,,saveTime_2510181125__sessionTime_202510180920__participant_P325__trialN_15__trialT_2__fileType_cropped.png,0.0006904663,0.031187443,0.12117917,0.16733234,0.51774555,0.66281164,0.82301,0.82301,0.12042358,0.12042358
P325,202510180920,2510181128,16,5,20 Hz,20.0,EXPERIMENTAL,LIGHT,True,,saveTime_2510181128__sessionTime_202510180920__participant_P325__trialN_16__trialT_5__fileType_cropped.png,1,,saveTime_2510181128__sessionTime_202510180920__participant_P325__trialN_16__trialT_5__fileType_cropped.png,0.0004021797,0.01816592,0.47347814,0.6538104,0.13746566,0.17598188,0.5755753,0.5755753,0.182126,0.182126
P325,202510180920,2510181132,17,5,20 Hz,20.0,EXPERIMENTAL,LIGHT,True,,saveTime_2510181132__sessionTime_202510180920__participant_P325__trialN_17__trialT_5__fileType_cropped.png,1,,saveTime_2510181132__sessionTime_202510180920__participant_P325__trialN_17__trialT_5__fileType_cropped.png,0.0005115648,0.0231067,0.44187617,0.6101723,0.18958159,0.24270007,0.46767482,0.46767482,0.1815231,0.1815231
P326,202510180920,2510181018,2,B13,,,VALIDATION,IMAGE,True,,saveTime_2510181018__sessionTime_202510180920__participant_P326__trialN_2__trialT_B13__fileType_cropped.png,1,,saveTime_2510181018__sessionTime_202510180920__participant_P326__trialN_2__trialT_B13__fileType_cropped.png,0.011687022,0.52788717,0.4030744,0.5565922,0.19255275,0.24650371,0.59617454,0.59617454,0.2773157,0.2773157
P326,202510180920,2510181022,3,1,2.5 Hz,2.5,EXPERIMENTAL,LIGHT,True,,saveTime_2510181022__sessionTime_202510180920__participant_P326__trialN_3__trialT_1__fileType_cropped.png,1,,saveTime_2510181022__sessionTime_202510180920__participant_P326__trialN_3__trialT_1__fileType_cropped.png,0.0032025597,0.14465535,0.04885582,0.06746339,0.6676365,0.8547002,0.9858325,0.9858325,0.011348027,0.011348027
P326,202510180920,2510181025,4,1,2.5 Hz,2.5,EXPERIMENTAL,LIGHT,True,,saveTime_2510181025__sessionTime_202510180920__participant_P326__trialN_4__trialT_1__fileType_cropped.png,1,,saveTime_2510181025__sessionTime_202510180920__participant_P326__trialN_4__trialT_1__fileType_cropped.png,0.0027124041,0.12251568,0.4107785,0.5672305,0.1765583,0.22602782,0.9923073,0.9923073,0.010005087,0.010005087
P326,202510180920,2510181032,5,2,5 Hz,5.0,EXPERIMENTAL,LIGHT,True,,saveTime_2510181032__sessionTime_202510180920__participant_P326__trialN_5__trialT_2__fileType_cropped.png,1,,saveTime_2510181032__sessionTime_202510180920__participant_P326__trialN_5__trialT_2__fileType_cropped.png,0.0019233801,0.08687651,0.28779462,0.39740613,0.2750725,0.35214448,0.9955218,0.9955218,0.009230434,0.009230434
P326,202510180920,2510181043,6,3,10 Hz,10.0,EXPERIMENTAL,LIGHT,True,,saveTime_2510181043__sessionTime_202510180920__participant_P326__trialN_6__trialT_3__fileType_cropped.png,1,,saveTime_2510181043__sessionTime_202510180920__participant_P326__trialN_6__trialT_3__fileType_cropped.png,0.0030296657,0.13684596,0.324582,0.44820464,0.26564386,0.3400741,0.91365933,0.91365933,0.009553326,0.009553326
P326,202510180920,2510181047,7,4,15 Hz,15.0,EXPERIMENTAL,LIGHT,True,,saveTime_2510181047__sessionTime_202510180920__participant_P326__trialN_7__trialT_4__fileType_cropped.png,1,,saveTime_2510181047__sessionTime_202510180920__participant_P326__trialN_7__trialT_4__fileType_cropped.png,0.003646718,0.16471739,0.06864666,0.09479192,0.5630865,0.72085655,0.9889221,0.9889221,0.011388979,0.011388979
P326,202510180920,2510181051,8,3,10 Hz,10.0,EXPERIMENTAL,LIGHT,True,,saveTime_2510181051__sessionTime_202510180920__participant_P326__trialN_8__trialT_3__fileType_cropped.png,1,,saveTime_2510181051__sessionTime_202510180920__participant_P326__trialN_8__trialT_3__fileType_cropped.png,0.002940336,0.13281105,0.22781172,0.31457773,0.35086963,0.44917908,0.98973924,0.98973924,0.011871235,0.011871235
P326,202510180920,2510181055,9,6,40 Hz,40.0,EXPERIMENTAL,LIGHT,True,,saveTime_2510181055__sessionTime_202510180920__participant_P326__trialN_9__trialT_6__fileType_cropped.png,1,,saveTime_2510181055__sessionTime_202510180920__participant_P326__trialN_9__trialT_6__fileType_cropped.png,0.0013624053,0.06153803,0.2267456,0.31310555,0.31944013,0.4089434,0.9134197,0.9134197,0.0567899,0.0567899
P326,202510180920,2510181059,10,C06,,,VALIDATION,IMAGE,True,,saveTime_2510181059__sessionTime_202510180920__participant_P326__trialN_10__trialT_C06__fileType_cropped.png,1,,saveTime_2510181059__sessionTime_202510180920__participant_P326__trialN_10__trialT_C06__fileType_cropped.png,0.020922452,0.9450393,0.030584713,0.042233426,0.667025,0.8539174,0.11582683,0.11582683,0.063808456,0.063808456
P326,202510180920,2510181102,11,A08,,,VALIDATION,IMAGE,True,,saveTime_2510181102__sessionTime_202510180920__participant_P326__trialN_11__trialT_A08__fileType_cropped.png,1,,saveTime_2510181102__sessionTime_202510180920__participant_P326__trialN_11__trialT_A08__fileType_cropped.png,0.005702716,0.25758407,0.33456275,0.4619867,0.3120633,0.39949968,0.1726323,0.1726323,0.13588093,0.13588093
P326,202510180920,2510181112,12,7,80 Hz,80.0,CONTROL,LIGHT,True,,saveTime_2510181112__sessionTime_202510180920__participant_P326__trialN_12__trialT_7__fileType_cropped.png,1,,saveTime_2510181112__sessionTime_202510180920__participant_P326__trialN_12__trialT_7__fileType_cropped.png,0.0024143346,0.10905227,0.672145,0.92814296,0.053789277,0.06886038,0.99070734,0.99070734,0.013967786,0.013967786
P326,202510180920,2510181117,13,6,40 Hz,40.0,EXPERIMENTAL,LIGHT,True,,saveTime_2510181117__sessionTime_202510180920__participant_P326__trialN_13__trialT_6__fileType_cropped.png,1,,saveTime_2510181117__sessionTime_202510180920__participant_P326__trialN_13__trialT_6__fileType_cropped.png,0.0008413093,0.038000822,0.310035,0.42811713,0.25146976,0.32192856,0.9192202,0.9192202,0.060028076,0.060028076
P326,202510180920,2510181121,14,4,15 Hz,15.0,EXPERIMENTAL,LIGHT,True,,saveTime_2510181121__sessionTime_202510180920__participant_P326__trialN_14__trialT_4__fileType_cropped.png,1,,saveTime_2510181121__sessionTime_202510180920__participant_P326__trialN_14__trialT_4__fileType_cropped.png,0.0037441822,0.16911972,0.13728221,0.18956849,0.45017764,0.576312,0.9787561,0.9787561,0.02622372,0.02622372
P326,202510180920,2510181125,15,2,5 Hz,5.0,EXPERIMENTAL,LIGHT,True,,saveTime_2510181125__sessionTime_202510180920__participant_P326__trialN_15__trialT_2__fileType_cropped.png,1,,saveTime_2510181125__sessionTime_202510180920__participant_P326__trialN_15__trialT_2__fileType_cropped.png,0.001377367,0.06221383,0.33340606,0.46038947,0.2671654,0.3420219,0.96033555,0.96033555,0.026341546,0.026341546
P326,202510180920,2510181129,16,5,20 Hz,20.0,EXPERIMENTAL,LIGHT,True,,saveTime_2510181129__sessionTime_202510180920__participant_P326__trialN_16__trialT_5__fileType_cropped.png,1,,saveTime_2510181129__sessionTime_202510180920__participant_P326__trialN_16__trialT_5__fileType_cropped.png,0.0009653309,0.043602712,0.71011823,0.9805789,0.04699575,0.060163397,0.8099985,0.8099985,0.12098136,0.12098136
P326,202510180920,2510181133,17,5,20 Hz,20.0,EXPERIMENTAL,LIGHT,True,,saveTime_2510181133__sessionTime_202510180920__participant_P326__trialN_17__trialT_5__fileType_cropped.png,1,,saveTime_2510181133__sessionTime_202510180920__participant_P326__trialN_17__trialT_5__fileType_cropped.png,0.0030751587,0.13890082,0.49456498,0.6829285,0.13643914,0.17466775,0.9831669,0.9831669,0.013324381,0.013324381
P327,202510180920,2510181018,2,B11,,,VALIDATION,IMAGE,True,,saveTime_2510181018__sessionTime_202510180920__participant_P327__trialN_2__trialT_B11__fileType_cropped.png,1,,saveTime_2510181018__sessionTime_202510180920__participant_P327__trialN_2__trialT_B11__fileType_cropped.png,0.012356735,0.55813724,0.8389188,1.1584353,0.012892645,0.016505009,0.11479747,0.11479747,0.11629572,0.11629572
P327,202510180920,2510181021,3,1,2.5 Hz,2.5,EXPERIMENTAL,LIGHT,True,,saveTime_2510181021__sessionTime_202510180920__participant_P327__trialN_3__trialT_1__fileType_cropped.png,1,,saveTime_2510181021__sessionTime_202510180920__participant_P327__trialN_3__trialT_1__fileType_cropped.png,0.000671945,0.03035086,0.24694878,0.34100345,0.29331332,0.37549618,0.9990117,0.9990117,0.012947869,0.012947869
P327,202510180920,2510181026,4,1,2.5 Hz,2.5,EXPERIMENTAL,LIGHT,True,,saveTime_2510181026__sessionTime_202510180920__participant_P327__trialN_4__trialT_1__fileType_cropped.png,1,,saveTime_2510181026__sessionTime_202510180920__participant_P327__trialN_4__trialT_1__fileType_cropped.png,0.0049620923,0.22413109,0.52333474,0.7226557,0.15614371,0.1998933,0.9973344,0.9973344,0.020337863,0.020337863
P327,202510180920,2510181030,5,2,5 Hz,5.0,EXPERIMENTAL,LIGHT,True,,saveTime_2510181030__sessionTime_202510180920__participant_P327__trialN_5__trialT_2__fileType_cropped.png,1,,saveTime_2510181030__sessionTime_202510180920__participant_P327__trialN_5__trialT_2__fileType_cropped.png,0.008335896,0.3765213,0.2690855,0.3715713,0.49688387,0.63610476,0.8451429,0.8451429,0.35840094,0.35840094
P327,202510180920,2510181043,6,3,10 Hz,10.0,EXPERIMENTAL,LIGHT,True,,saveTime_2510181043__sessionTime_202510180920__participant_P327__trialN_6__trialT_3__fileType_cropped.png,1,,saveTime_2510181043__sessionTime_202510180920__participant_P327__trialN_6__trialT_3__fileType_cropped.png,0.004809009,0.21721652,0.8976215,1.239496,0.0047511444,0.006082358,0.6420505,0.6420505,0.4778956,0.4778956
P327,202510180920,2510181047,7,4,15 Hz,15.0,EXPERIMENTAL,LIGHT,True,,saveTime_2510181047__sessionTime_202510180920__participant_P327__trialN_7__trialT_4__fileType_cropped.png,1,,saveTime_2510181047__sessionTime_202510180920__participant_P327__trialN_7__trialT_4__fileType_cropped.png,0.0046622287,0.21058665,0.302373,0.4175369,0.25901085,0.33158258,0.7704779,0.7704779,0.21238263,0.21238263
P327,202510180920,2510181050,8,3,10 Hz,10.0,EXPERIMENTAL,LIGHT,True,,saveTime_2510181050__sessionTime_202510180920__participant_P327__trialN_8__trialT_3__fileType_cropped.png,1,,saveTime_2510181050__sessionTime_202510180920__participant_P327__trialN_8__trialT_3__fileType_cropped.png,0.0051703914,0.23353969,0.24312213,0.33571935,0.29377922,0.3760926,0.7651351,0.7651351,0.20655976,0.20655976
P327,202510180920,2510181055,9,6,40 Hz,40.0,EXPERIMENTAL,LIGHT,True,,saveTime_2510181055__sessionTime_202510180920__participant_P327__trialN_9__trialT_6__fileType_cropped.png,1,,saveTime_2510181055__sessionTime_202510180920__participant_P327__trialN_9__trialT_6__fileType_cropped.png,0.00076203136,0.03441994,0.04358656,0.060187247,0.6832565,0.87469673,0.73373187,0.73373187,0.102155164,0.102155164
P327,202510180920,2510181058,10,C00,,,VALIDATION,IMAGE,True,,saveTime_2510181058__sessionTime_202510180920__participant_P327__trialN_10__trialT_C00__fileType_cropped.png,1,,saveTime_2510181058__sessionTime_202510180920__participant_P327__trialN_10__trialT_C00__fileType_cropped.png,0.02572554,1.1619884,0.65245205,0.9009496,0.13450392,0.1721903,0.48295718,0.48295718,0.3028953,0.3028953
P327,202510180920,2510181101,11,A03,,,VALIDATION,IMAGE,True,,saveTime_2510181101__sessionTime_202510180920__participant_P327__trialN_11__trialT_A03__fileType_cropped.png,1,,saveTime_2510181101__sessionTime_202510180920__participant_P327__trialN_11__trialT_A03__fileType_cropped.png,0.007928108,0.35810205,0.35345823,0.48807883,0.26018828,0.33308992,0.040033,0.040033,0.092732884,0.092732884
P327,202510180920,2510181110,12,7,80 Hz,80.0,CONTROL,LIGHT,True,,saveTime_2510181110__sessionTime_202510180920__participant_P327__trialN_12__trialT_7__fileType_cropped.png,1,,saveTime_2510181110__sessionTime_202510180920__participant_P327__trialN_12__trialT_7__fileType_cropped.png,0.0,0.0,0.0,0.0,0.0,0.0,1.0,1.0,0.0,0.0
P327,202510180920,2510181117,13,6,40 Hz,40.0,EXPERIMENTAL,LIGHT,True,,saveTime_2510181117__sessionTime_202510180920__participant_P327__trialN_13__trialT_6__fileType_cropped.png,1,,saveTime_2510181117__sessionTime_202510180920__participant_P327__trialN_13__trialT_6__fileType_cropped.png,0.00062907266,0.028414374,0.0375965,0.051915772,0.77354497,0.99028295,0.8142318,0.8142318,0.037307113,0.037307113
P327,202510180920,2510181121,14,4,15 Hz,15.0,EXPERIMENTAL,LIGHT,True,,saveTime_2510181121__sessionTime_202510180920__participant_P327__trialN_14__trialT_4__fileType_cropped.png,1,,saveTime_2510181121__sessionTime_202510180920__participant_P327__trialN_14__trialT_4__fileType_cropped.png,0.009430402,0.4259587,0.27429682,0.37876746,0.2251465,0.28822985,0.6537204,0.6537204,0.30856913,0.30856913
P327,202510180920,2510181124,15,2,5 Hz,5.0,EXPERIMENTAL,LIGHT,True,,saveTime_2510181124__sessionTime_202510180920__participant_P327__trialN_15__trialT_2__fileType_cropped.png,1,,saveTime_2510181124__sessionTime_202510180920__participant_P327__trialN_15__trialT_2__fileType_cropped.png,0.0056437473,0.25492054,0.5299389,0.73177516,0.10190176,0.13045341,0.7519593,0.7519593,0.22391735,0.22391735
P327,202510180920,2510181128,16,5,20 Hz,20.0,EXPERIMENTAL,LIGHT,True,,saveTime_2510181128__sessionTime_202510180920__participant_P327__trialN_16__trialT_5__fileType_cropped.png,1,,saveTime_2510181128__sessionTime_202510180920__participant_P327__trialN_16__trialT_5__fileType_cropped.png,0.008732046,0.39441487,0.32705605,0.45162094,0.44934076,0.5752406,0.6814642,0.6814642,0.29048744,0.29048744
P327,202510180920,2510181131,17,5,20 Hz,20.0,EXPERIMENTAL,LIGHT,True,,saveTime_2510181131__sessionTime_202510180920__participant_P327__trialN_17__trialT_5__fileType_cropped.png,1,,saveTime_2510181131__sessionTime_202510180920__participant_P327__trialN_17__trialT_5__fileType_cropped.png,0.00060166384,0.027176354,0.3594123,0.49630064,0.21405509,0.27403075,0.7452444,0.7452444,0.109770745,0.109770745
P328,202510180920,2510181018,2,B05,,,VALIDATION,IMAGE,True,,saveTime_2510181018__sessionTime_202510180920__participant_P328__trialN_2__trialT_B05__fileType_cropped.png,1,,saveTime_2510181018__sessionTime_202510180920__participant_P328__trialN_2__trialT_B05__fileType_cropped.png,0.00512587,0.23152871,0.047336936,0.06536602,0.60418564,0.7734712,0.050307766,0.050307766,0.10156774,0.10156774
P328,202510180920,2510181022,3,1,2.5 Hz,2.5,EXPERIMENTAL,LIGHT,True,,saveTime_2510181022__sessionTime_202510180920__participant_P328__trialN_3__trialT_1__fileType_cropped.png,1,,saveTime_2510181022__sessionTime_202510180920__participant_P328__trialN_3__trialT_1__fileType_cropped.png,0.0012217544,0.055185016,0.12536837,0.17311706,0.50012,0.6402476,0.8962195,0.8962195,0.0057017794,0.0057017794
P328,202510180920,2510181026,4,1,2.5 Hz,2.5,EXPERIMENTAL,LIGHT,True,,saveTime_2510181026__sessionTime_202510180920__participant_P328__trialN_4__trialT_1__fileType_cropped.png,1,,saveTime_2510181026__sessionTime_202510180920__participant_P328__trialN_4__trialT_1__fileType_cropped.png,0.00093647174,0.04229918,0.46041873,0.6357771,0.24545844,0.31423295,0.879623,0.879623,0.008064577,0.008064577
P328,202510180920,2510181032,5,2,5 Hz,5.0,EXPERIMENTAL,LIGHT,True,,saveTime_2510181032__sessionTime_202510180920__participant_P328__trialN_5__trialT_2__fileType_cropped.png,1,,saveTime_2510181032__sessionTime_202510180920__participant_P328__trialN_5__trialT_2__fileType_cropped.png,0.0012290905,0.05551638,0.49747327,0.6869445,0.12117152,0.15512232,0.97492695,0.97492695,0.023064196,0.023064196
P328,202510180920,2510181044,6,3,10 Hz,10.0,EXPERIMENTAL,LIGHT,True,,saveTime_2510181044__sessionTime_202510180920__participant_P328__trialN_6__trialT_3__fileType_cropped.png,1,,saveTime_2510181044__sessionTime_202510180920__participant_P328__trialN_6__trialT_3__fileType_cropped.png,0.0022802383,0.10299532,0.24626653,0.34006137,0.31185398,0.3992317,0.8187633,0.8187633,0.10153887,0.10153887
P328,202510180920,2510181048,7,4,15 Hz,15.0,EXPERIMENTAL,LIGHT,True,,saveTime_2510181048__sessionTime_202510180920__participant_P328__trialN_7__trialT_4__fileType_cropped.png,1,,saveTime_2510181048__sessionTime_202510180920__participant_P328__trialN_7__trialT_4__fileType_cropped.png,0.0024346926,0.10997182,0.636467,0.8788763,0.08286873,0.10608755,0.7138071,0.7138071,0.22901171,0.22901171
P328,202510180920,2510181051,8,3,10 Hz,10.0,EXPERIMENTAL,LIGHT,True,,saveTime_2510181051__sessionTime_202510180920__participant_P328__trialN_8__trialT_3__fileType_cropped.png,1,,saveTime_2510181051__sessionTime_202510180920__participant_P328__trialN_8__trialT_3__fileType_cropped.png,0.0026929863,0.1216386,0.21307722,0.29423133,0.45449334,0.5818369,0.86968136,0.86968136,0.11563543,0.11563543
P328,202510180920,2510181055,9,6,40 Hz,40.0,EXPERIMENTAL,LIGHT,True,,saveTime_2510181055__sessionTime_202510180920__participant_P328__trialN_9__trialT_6__fileType_cropped.png,1,,saveTime_2510181055__sessionTime_202510180920__participant_P328__trialN_9__trialT_6__fileType_cropped.png,0.0010583907,0.0478061,0.2572735,0.35526052,0.34122875,0.43683696,0.9556382,0.9556382,0.03679152,0.03679152
P328,202510180920,2510181059,10,C05,,,VALIDATION,IMAGE,True,,saveTime_2510181059__sessionTime_202510180920__participant_P328__trialN_10__trialT_C05__fileType_cropped.png,1,,saveTime_2510181059__sessionTime_202510180920__participant_P328__trialN_10__trialT_C05__fileType_cropped.png,0.0036931983,0.16681685,0.22873804,0.31585684,0.33901674,0.43400514,0.16912888,0.16912888,0.12311551,0.12311551
P328,202510180920,2510181103,11,A07,,,VALIDATION,IMAGE,True,,saveTime_2510181103__sessionTime_202510180920__participant_P328__trialN_11__trialT_A07__fileType_cropped.png,1,,saveTime_2510181103__sessionTime_202510180920__participant_P328__trialN_11__trialT_A07__fileType_cropped.png,0.014379109,0.6494852,0.79225487,1.0939987,0.0122830635,0.01572463,0.03903442,0.03903442,0.07328474,0.07328474
P328,202510180920,2510181113,12,7,80 Hz,80.0,CONTROL,LIGHT,True,,saveTime_2510181113__sessionTime_202510180920__participant_P328__trialN_12__trialT_7__fileType_cropped.png,1,,saveTime_2510181113__sessionTime_202510180920__participant_P328__trialN_12__trialT_7__fileType_cropped.png,0.0005733189,0.025896052,0.029653918,0.04094812,0.7695915,0.9852218,0.9548837,0.9548837,0.017115315,0.017115315
P328,202510180920,2510181117,13,6,40 Hz,40.0,EXPERIMENTAL,LIGHT,True,,saveTime_2510181117__sessionTime_202510180920__participant_P328__trialN_13__trialT_6__fileType_cropped.png,1,,saveTime_2510181117__sessionTime_202510180920__participant_P328__trialN_13__trialT_6__fileType_cropped.png,0.0032267815,0.14574942,0.42419606,0.5857584,0.19357386,0.24781093,0.81113374,0.81113374,0.079551235,0.079551235
P328,202510180920,2510181121,14,4,15 Hz,15.0,EXPERIMENTAL,LIGHT,True,,saveTime_2510181121__sessionTime_202510180920__participant_P328__trialN_14__trialT_4__fileType_cropped.png,1,,saveTime_2510181121__sessionTime_202510180920__participant_P328__trialN_14__trialT_4__fileType_cropped.png,0.0011424653,0.051603634,0.355747,0.49123937,0.2022624,0.2589339,0.6979959,0.6979959,0.1292638,0.1292638
P328,202510180920,2510181125,15,2,5 Hz,5.0,EXPERIMENTAL,LIGHT,True,,saveTime_2510181125__sessionTime_202510180920__participant_P328__trialN_15__trialT_2__fileType_cropped.png,1,,saveTime_2510181125__sessionTime_202510180920__participant_P328__trialN_15__trialT_2__fileType_cropped.png,0.0002432988,0.0109894825,0.5280656,0.72918844,0.13924423,0.17825879,0.7476887,0.7476887,0.11845401,0.11845401
P328,202510180920,2510181129,16,5,20 Hz,20.0,EXPERIMENTAL,LIGHT,True,,saveTime_2510181129__sessionTime_202510180920__participant_P328__trialN_16__trialT_5__fileType_cropped.png,1,,saveTime_2510181129__sessionTime_202510180920__participant_P328__trialN_16__trialT_5__fileType_cropped.png,0.0008533017,0.0385425,0.488101,0.67400265,0.12127141,0.15525019,0.7328102,0.7328102,0.07522233,0.07522233
P328,202510180920,2510181133,17,5,20 Hz,20.0,EXPERIMENTAL,LIGHT,True,,saveTime_2510181133__sessionTime_202510180920__participant_P328__trialN_17__trialT_5__fileType_cropped.png,1,,saveTime_2510181133__sessionTime_202510180920__participant_P328__trialN_17__trialT_5__fileType_cropped.png,0.0006002624,0.027113054,0.7532686,1.0401639,0.060949873,0.07802729,0.70220387,0.70220387,0.09468599,0.09468599
P329,202510181240,2510181326,2,7,80 Hz,80.0,CONTROL,LIGHT,True,,saveTime_2510181326__sessionTime_202510181240__participant_P329__trialN_2__trialT_7__fileType_cropped.png,1,,saveTime_2510181326__sessionTime_202510181240__participant_P329__trialN_2__trialT_7__fileType_cropped.png,0.00024568324,0.011097184,0.0072941543,0.010072257,0.84774524,1.0852733,0.96014386,0.96014386,0.09747732,0.09747732
P329,202510181240,2510181331,3,1,2.5 Hz,2.5,EXPERIMENTAL,LIGHT,True,,saveTime_2510181331__sessionTime_202510181240__participant_P329__trialN_3__trialT_1__fileType_cropped.png,1,,saveTime_2510181331__sessionTime_202510181240__participant_P329__trialN_3__trialT_1__fileType_cropped.png,0.00060922536,0.027517898,0.8930885,1.2332366,0.012517069,0.0160242,0.740463,0.740463,0.16515484,0.16515484
P329,202510181240,2510181335,4,6,40 Hz,40.0,EXPERIMENTAL,LIGHT,True,,saveTime_2510181335__sessionTime_202510181240__participant_P329__trialN_4__trialT_6__fileType_cropped.png,1,,saveTime_2510181335__sessionTime_202510181240__participant_P329__trialN_4__trialT_6__fileType_cropped.png,0.00066536927,0.030053843,0.2727373,0.37661397,0.3222433,0.412532,0.63996756,0.63996756,0.21132746,0.21132746
P329,202510181240,2510181338,5,5,20 Hz,20.0,EXPERIMENTAL,LIGHT,True,,saveTime_2510181338__sessionTime_202510181240__participant_P329__trialN_5__trialT_5__fileType_cropped.png,1,,saveTime_2510181338__sessionTime_202510181240__participant_P329__trialN_5__trialT_5__fileType_cropped.png,0.0009115299,0.04117259,0.5655298,0.7809215,0.14315331,0.18326314,0.68549436,0.68549436,0.15443563,0.15443563
P329,202510181240,2510181352,6,A08,,,VALIDATION,IMAGE,True,,saveTime_2510181352__sessionTime_202510181240__participant_P329__trialN_6__trialT_A08__fileType_cropped.png,1,,saveTime_2510181352__sessionTime_202510181240__participant_P329__trialN_6__trialT_A08__fileType_cropped.png,0.008610676,0.38893276,0.2882896,0.39808965,0.28433695,0.36400476,0.775084,0.775084,0.16189101,0.16189101
P329,202510181240,2510181355,7,B03,,,VALIDATION,IMAGE,True,,saveTime_2510181355__sessionTime_202510181240__participant_P329__trialN_7__trialT_B03__fileType_cropped.png,1,,saveTime_2510181355__sessionTime_202510181240__participant_P329__trialN_7__trialT_B03__fileType_cropped.png,0.022955231,1.0368572,0.008337041,0.011512347,0.7882911,1.0091608,0.18255405,0.18255405,0.23423211,0.23423211
P329,202510181240,2510181359,8,1,2.5 Hz,2.5,EXPERIMENTAL,LIGHT,True,,saveTime_2510181359__sessionTime_202510181240__participant_P329__trialN_8__trialT_1__fileType_cropped.png,1,,saveTime_2510181359__sessionTime_202510181240__participant_P329__trialN_8__trialT_1__fileType_cropped.png,0.0001444759,0.006525784,0.70508224,0.9736249,0.081395544,0.10420159,0.11809311,0.11809311,0.19828242,0.19828242
P329,202510181240,2510181403,9,4,15 Hz,15.0,EXPERIMENTAL,LIGHT,True,,saveTime_2510181403__sessionTime_202510181240__participant_P329__trialN_9__trialT_4__fileType_cropped.png,1,,saveTime_2510181403__sessionTime_202510181240__participant_P329__trialN_9__trialT_4__fileType_cropped.png,0.0074458555,0.33631936,0.248318,0.34289417,0.2671315,0.34197855,0.56856424,0.56856424,0.36185467,0.36185467
P329,202510181240,2510181406,10,2,5 Hz,5.0,EXPERIMENTAL,LIGHT,True,,saveTime_2510181406__sessionTime_202510181240__participant_P329__trialN_10__trialT_2__fileType_cropped.png,1,,saveTime_2510181406__sessionTime_202510181240__participant_P329__trialN_10__trialT_2__fileType_cropped.png,0.0006006977,0.027132714,0.83692485,1.155682,0.016036833,0.02053016,0.7775854,0.7775854,0.11664145,0.11664145
P329,202510181240,2510181409,11,6,40 Hz,40.0,EXPERIMENTAL,LIGHT,True,,saveTime_2510181409__sessionTime_202510181240__participant_P329__trialN_11__trialT_6__fileType_cropped.png,1,,saveTime_2510181409__sessionTime_202510181240__participant_P329__trialN_11__trialT_6__fileType_cropped.png,0.0014723692,0.066504955,0.06754943,0.093276784,0.6903746,0.88380927,0.70422167,0.70422167,0.12111851,0.12111851
P329,202510181240,2510181421,12,3,10 Hz,10.0,EXPERIMENTAL,LIGHT,True,,saveTime_2510181421__sessionTime_202510181240__participant_P329__trialN_12__trialT_3__fileType_cropped.png,1,,saveTime_2510181421__sessionTime_202510181240__participant_P329__trialN_12__trialT_3__fileType_cropped.png,0.00073688827,0.03328426,0.2599716,0.35898623,0.5824388,0.74563116,0.53253067,0.53253067,0.25319028,0.25319028
P329,202510181240,2510181424,13,3,10 Hz,10.0,EXPERIMENTAL,LIGHT,True,,saveTime_2510181424__sessionTime_202510181240__participant_P329__trialN_13__trialT_3__fileType_cropped.png,1,,saveTime_2510181424__sessionTime_202510181240__participant_P329__trialN_13__trialT_3__fileType_cropped.png,0.0012551919,0.056695342,0.26425743,0.3649044,0.31247276,0.40002388,0.57728535,0.57728535,0.25464404,0.25464404
P329,202510181240,2510181427,14,C01,,,VALIDATION,IMAGE,True,,saveTime_2510181427__sessionTime_202510181240__participant_P329__trialN_14__trialT_C01__fileType_cropped.png,1,,saveTime_2510181427__sessionTime_202510181240__participant_P329__trialN_14__trialT_C01__fileType_cropped.png,0.022073895,0.9970484,0.6509744,0.89890915,0.028561676,0.036564313,0.42171842,0.42171842,0.045961067,0.045961067
P329,202510181240,2510181431,15,5,20 Hz,20.0,EXPERIMENTAL,LIGHT,True,,saveTime_2510181431__sessionTime_202510181240__participant_P329__trialN_15__trialT_5__fileType_cropped.png,1,,saveTime_2510181431__sessionTime_202510181240__participant_P329__trialN_15__trialT_5__fileType_cropped.png,0.0017277192,0.078038774,0.5138985,0.70962554,0.12128452,0.15526699,0.44248825,0.44248825,0.27807972,0.27807972
P329,202510181240,2510181434,16,4,15 Hz,15.0,EXPERIMENTAL,LIGHT,True,,saveTime_2510181434__sessionTime_202510181240__participant_P329__trialN_16__trialT_4__fileType_cropped.png,1,,saveTime_2510181434__sessionTime_202510181240__participant_P329__trialN_16__trialT_4__fileType_cropped.png,0.0015436182,0.069723174,0.29867435,0.41242957,0.28625047,0.36645442,0.6541664,0.6541664,0.11126615,0.11126615
P329,202510181240,2510181437,17,2,5 Hz,5.0,EXPERIMENTAL,LIGHT,True,,saveTime_2510181437__sessionTime_202510181240__participant_P329__trialN_17__trialT_2__fileType_cropped.png,1,,saveTime_2510181437__sessionTime_202510181240__participant_P329__trialN_17__trialT_2__fileType_cropped.png,0.0026179852,0.11825091,0.32179752,0.44435963,0.33865464,0.4335416,0.72719294,0.72719294,0.2092644,0.2092644
P330,202510181240,2510181327,2,7,80 Hz,80.0,CONTROL,LIGHT,True,,saveTime_2510181327__sessionTime_202510181240__participant_P330__trialN_2__trialT_7__fileType_cropped.png,1,,saveTime_2510181327__sessionTime_202510181240__participant_P330__trialN_2__trialT_7__fileType_cropped.png,0.00046586338,0.021042429,0.28385082,0.39196026,0.2877163,0.36833096,0.99760824,0.99760824,0.009044857,0.009044857
P330,202510181240,2510181331,3,1,2.5 Hz,2.5,EXPERIMENTAL,LIGHT,True,,saveTime_2510181331__sessionTime_202510181240__participant_P330__trialN_3__trialT_1__fileType_cropped.png,1,,saveTime_2510181331__sessionTime_202510181240__participant_P330__trialN_3__trialT_1__fileType_cropped.png,0.00021830502,0.009860547,0.4814819,0.6648625,0.11579944,0.14824505,0.60713726,0.60713726,0.29401523,0.29401523
P330,202510181240,2510181335,4,6,40 Hz,40.0,EXPERIMENTAL,LIGHT,True,,saveTime_2510181335__sessionTime_202510181240__participant_P330__trialN_4__trialT_6__fileType_cropped.png,1,,saveTime_2510181335__sessionTime_202510181240__participant_P330__trialN_4__trialT_6__fileType_cropped.png,0.0019583432,0.08845575,0.27146444,0.37485632,0.2959337,0.37885076,0.97226566,0.97226566,0.022553816,0.022553816
P330,202510181240,2510181338,5,5,20 Hz,20.0,EXPERIMENTAL,LIGHT,True,,saveTime_2510181338__sessionTime_202510181240__participant_P330__trialN_5__trialT_5__fileType_cropped.png,1,,saveTime_2510181338__sessionTime_202510181240__participant_P330__trialN_5__trialT_5__fileType_cropped.png,0.001393916,0.062961325,0.24900207,0.34383878,0.326583,0.41808763,0.86849034,0.86849034,0.036563717,0.036563717
P330,202510181240,2510181352,6,A09,,,VALIDATION,IMAGE,True,,saveTime_2510181352__sessionTime_202510181240__participant_P330__trialN_6__trialT_A09__fileType_cropped.png,1,,saveTime_2510181352__sessionTime_202510181240__participant_P330__trialN_6__trialT_A09__fileType_cropped.png,0.0205683,0.9290427,0.6951075,0.95985115,0.035834197,0.045874506,0.03203531,0.03203531,0.087391704,0.087391704
P330,202510181240,2510181356,7,B11,,,VALIDATION,IMAGE,True,,saveTime_2510181356__sessionTime_202510181240__participant_P330__trialN_7__trialT_B11__fileType_cropped.png,1,,saveTime_2510181356__sessionTime_202510181240__participant_P330__trialN_7__trialT_B11__fileType_cropped.png,0.028803954,1.3010362,0.7233261,0.9988172,0.03327202,0.04259444,0.083778225,0.083778225,0.119898155,0.119898155
P330,202510181240,2510181359,8,1,2.5 Hz,2.5,EXPERIMENTAL,LIGHT,True,,saveTime_2510181359__sessionTime_202510181240__participant_P330__trialN_8__trialT_1__fileType_cropped.png,1,,saveTime_2510181359__sessionTime_202510181240__participant_P330__trialN_8__trialT_1__fileType_cropped.png,0.00024191014,0.010926758,0.06451451,0.08908597,0.55943,0.71617556,0.66922593,0.66922593,0.21809095,0.21809095
P330,202510181240,2510181403,9,4,15 Hz,15.0,EXPERIMENTAL,LIGHT,True,,saveTime_2510181403__sessionTime_202510181240__participant_P330__trialN_9__trialT_4__fileType_cropped.png,1,,saveTime_2510181403__sessionTime_202510181240__participant_P330__trialN_9__trialT_4__fileType_cropped.png,0.0014948496,0.067520365,0.12005424,0.16577895,0.47291255,0.60541695,0.57563174,0.57563174,0.12605199,0.12605199
P330,202510181240,2510181406,10,2,5 Hz,5.0,EXPERIMENTAL,LIGHT,True,,saveTime_2510181406__sessionTime_202510181240__participant_P330__trialN_10__trialT_2__fileType_cropped.png,1,,saveTime_2510181406__sessionTime_202510181240__participant_P330__trialN_10__trialT_2__fileType_cropped.png,0.0012684662,0.057294928,0.25687394,0.35470876,0.29853043,0.38217506,0.5721035,0.5721035,0.21971612,0.21971612
P330,202510181240,2510181409,11,6,40 Hz,40.0,EXPERIMENTAL,LIGHT,True,,saveTime_2510181409__sessionTime_202510181240__participant_P330__trialN_11__trialT_6__fileType_cropped.png,1,,saveTime_2510181409__sessionTime_202510181240__participant_P330__trialN_11__trialT_6__fileType_cropped.png,0.0007579836,0.03423711,0.28359163,0.39160237,0.28230026,0.3613974,0.900666,0.900666,0.069166765,0.069166765
P330,202510181240,2510181421,12,3,10 Hz,10.0,EXPERIMENTAL,LIGHT,True,,saveTime_2510181421__sessionTime_202510181240__participant_P330__trialN_12__trialT_3__fileType_cropped.png,1,,saveTime_2510181421__sessionTime_202510181240__participant_P330__trialN_12__trialT_3__fileType_cropped.png,0.0007374701,0.03331054,0.28906316,0.39915782,0.2880485,0.36875623,0.7143786,0.7143786,0.10815246,0.10815246
P330,202510181240,2510181424,13,3,10 Hz,10.0,EXPERIMENTAL,LIGHT,True,,saveTime_2510181424__sessionTime_202510181240__participant_P330__trialN_13__trialT_3__fileType_cropped.png,1,,saveTime_2510181424__sessionTime_202510181240__participant_P330__trialN_13__trialT_3__fileType_cropped.png,0.0012137288,0.054822512,0.28946143,0.39970776,0.28406256,0.36365348,0.7783156,0.7783156,0.055133823,0.055133823
P330,202510181240,2510181428,14,C01,,,VALIDATION,IMAGE,True,,saveTime_2510181428__sessionTime_202510181240__participant_P330__trialN_14__trialT_C01__fileType_cropped.png,1,,saveTime_2510181428__sessionTime_202510181240__participant_P330__trialN_14__trialT_C01__fileType_cropped.png,0.022761792,1.0281198,0.61032987,0.84278446,0.056519773,0.07235593,0.1142293,0.1142293,0.16641495,0.16641495
P330,202510181240,2510181431,15,5,20 Hz,20.0,EXPERIMENTAL,LIGHT,True,,saveTime_2510181431__sessionTime_202510181240__participant_P330__trialN_15__trialT_5__fileType_cropped.png,1,,saveTime_2510181431__sessionTime_202510181240__participant_P330__trialN_15__trialT_5__fileType_cropped.png,0.0010742842,0.048523985,0.21307392,0.29422677,0.38620123,0.49441016,0.86344993,0.86344993,0.09920628,0.09920628
P330,202510181240,2510181434,16,4,15 Hz,15.0,EXPERIMENTAL,LIGHT,True,,saveTime_2510181434__sessionTime_202510181240__participant_P330__trialN_16__trialT_4__fileType_cropped.png,1,,saveTime_2510181434__sessionTime_202510181240__participant_P330__trialN_16__trialT_4__fileType_cropped.png,0.0010075251,0.045508567,0.2943439,0.4064498,0.2809208,0.35963142,0.77156323,0.77156323,0.09770648,0.09770648
P330,202510181240,2510181438,17,2,5 Hz,5.0,EXPERIMENTAL,LIGHT,True,,saveTime_2510181438__sessionTime_202510181240__participant_P330__trialN_17__trialT_2__fileType_cropped.png,1,,saveTime_2510181438__sessionTime_202510181240__participant_P330__trialN_17__trialT_2__fileType_cropped.png,0.0003654604,0.01650736,0.32219383,0.44490686,0.25874972,0.33124828,0.20980342,0.20980342,0.20252465,0.20252465
P331,202510181240,2510181328,2,7,80 Hz,80.0,CONTROL,LIGHT,True,,saveTime_2510181328__sessionTime_202510181240__participant_P331__trialN_2__trialT_7__fileType_cropped.png,1,,saveTime_2510181328__sessionTime_202510181240__participant_P331__trialN_2__trialT_7__fileType_cropped.png,0.00012325427,0.005567231,0.084749736,0.117028125,0.56097054,0.71814775,0.7098344,0.7098344,0.0013391386,0.0013391386
P331,202510181240,2510181332,3,1,2.5 Hz,2.5,EXPERIMENTAL,LIGHT,True,,saveTime_2510181332__sessionTime_202510181240__participant_P331__trialN_3__trialT_1__fileType_cropped.png,1,,saveTime_2510181332__sessionTime_202510181240__participant_P331__trialN_3__trialT_1__fileType_cropped.png,0.00221716,0.10014617,0.47035483,0.6494975,0.18535165,0.23728496,0.5389515,0.5389515,0.46021384,0.46021384
P331,202510181240,2510181335,4,6,40 Hz,40.0,EXPERIMENTAL,LIGHT,True,,saveTime_2510181335__sessionTime_202510181240__participant_P331__trialN_4__trialT_6__fileType_cropped.png,1,,saveTime_2510181335__sessionTime_202510181240__participant_P331__trialN_4__trialT_6__fileType_cropped.png,0.0012797422,0.05780425,0.30192864,0.41692334,0.2711312,0.3470989,0.9803851,0.9803851,0.021728178,0.021728178
P331,202510181240,2510181338,5,5,20 Hz,20.0,EXPERIMENTAL,LIGHT,True,,saveTime_2510181338__sessionTime_202510181240__participant_P331__trialN_5__trialT_5__fileType_cropped.png,1,,saveTime_2510181338__sessionTime_202510181240__participant_P331__trialN_5__trialT_5__fileType_cropped.png,0.0003282325,0.014825825,0.17040166,0.23530206,0.44326088,0.56745726,0.75871474,0.75871474,0.122903146,0.122903146
P331,202510181240,2510181352,6,A10,,,VALIDATION,IMAGE,True,,saveTime_2510181352__sessionTime_202510181240__participant_P331__trialN_6__trialT_A10__fileType_cropped.png,1,,saveTime_2510181352__sessionTime_202510181240__participant_P331__trialN_6__trialT_A10__fileType_cropped.png,0.029331462,1.3248631,0.5547145,0.76598704,0.12554368,0.16071951,0.7172181,0.7172181,0.08786328,0.08786328
P331,202510181240,2510181355,7,B06,,,VALIDATION,IMAGE,True,,saveTime_2510181355__sessionTime_202510181240__participant_P331__trialN_7__trialT_B06__fileType_cropped.png,1,,saveTime_2510181355__sessionTime_202510181240__participant_P331__trialN_7__trialT_B06__fileType_cropped.png,0.0052267513,0.23608539,0.2515083,0.34729955,0.29776436,0.38119435,0.33790615,0.33790615,0.27111232,0.27111232
P331,202510181240,2510181359,8,1,2.5 Hz,2.5,EXPERIMENTAL,LIGHT,True,,saveTime_2510181359__sessionTime_202510181240__participant_P331__trialN_8__trialT_1__fileType_cropped.png,1,,saveTime_2510181359__sessionTime_202510181240__participant_P331__trialN_8__trialT_1__fileType_cropped.png,0.00047213872,0.021325877,0.06468068,0.08931542,0.49673703,0.63591677,0.3799509,0.3799509,0.10112276,0.10112276
P331,202510181240,2510181402,9,4,15 Hz,15.0,EXPERIMENTAL,LIGHT,True,,saveTime_2510181402__sessionTime_202510181240__participant_P331__trialN_9__trialT_4__fileType_cropped.png,1,,saveTime_2510181402__sessionTime_202510181240__participant_P331__trialN_9__trialT_4__fileType_cropped.png,0.0007144039,0.032268673,0.18088694,0.24978083,0.42585087,0.5451692,0.7382841,0.7382841,0.045258157,0.045258157
P331,202510181240,2510181406,10,2,5 Hz,5.0,EXPERIMENTAL,LIGHT,True,,saveTime_2510181406__sessionTime_202510181240__participant_P331__trialN_10__trialT_2__fileType_cropped.png,1,,saveTime_2510181406__sessionTime_202510181240__participant_P331__trialN_10__trialT_2__fileType_cropped.png,0.0018687993,0.084411174,0.20851046,0.28792524,0.3644176,0.46652305,0.9523948,0.9523948,0.016718946,0.016718946
P331,202510181240,2510181408,11,6,40 Hz,40.0,EXPERIMENTAL,LIGHT,True,,saveTime_2510181408__sessionTime_202510181240__participant_P331__trialN_11__trialT_6__fileType_cropped.png,1,,saveTime_2510181408__sessionTime_202510181240__participant_P331__trialN_11__trialT_6__fileType_cropped.png,0.00066226633,0.029913688,0.26109707,0.36054036,0.34592682,0.44285136,0.68051165,0.68051165,0.07612214,0.07612214
P331,202510181240,2510181420,12,3,10 Hz,10.0,EXPERIMENTAL,LIGHT,True,,saveTime_2510181420__sessionTime_202510181240__participant_P331__trialN_12__trialT_3__fileType_cropped.png,1,,saveTime_2510181420__sessionTime_202510181240__participant_P331__trialN_12__trialT_3__fileType_cropped.png,0.001204779,0.054418262,0.24901962,0.343863,0.26704037,0.34186187,0.6981595,0.6981595,0.06684481,0.06684481
P331,202510181240,2510181424,13,3,10 Hz,10.0,EXPERIMENTAL,LIGHT,True,,saveTime_2510181424__sessionTime_202510181240__participant_P331__trialN_13__trialT_3__fileType_cropped.png,1,,saveTime_2510181424__sessionTime_202510181240__participant_P331__trialN_13__trialT_3__fileType_cropped.png,0.00052034506,0.023503292,0.19318831,0.26676738,0.36922562,0.47267818,0.60839826,0.60839826,0.09016066,0.09016066
P331,202510181240,2510181428,14,C12,,,VALIDATION,IMAGE,True,,saveTime_2510181428__sessionTime_202510181240__participant_P331__trialN_14__trialT_C12__fileType_cropped.png,1,,saveTime_2510181428__sessionTime_202510181240__participant_P331__trialN_14__trialT_C12__fileType_cropped.png,0.013940292,0.6296644,0.2892147,0.39936706,0.2897466,0.37093014,0.60031056,0.60031056,0.43522176,0.43522176
P331,202510181240,2510181431,15,5,20 Hz,20.0,EXPERIMENTAL,LIGHT,True,,saveTime_2510181431__sessionTime_202510181240__participant_P331__trialN_15__trialT_5__fileType_cropped.png,1,,saveTime_2510181431__sessionTime_202510181240__participant_P331__trialN_15__trialT_5__fileType_cropped.png,0.0010675198,0.048218444,0.26478887,0.36563823,0.3129576,0.40064457,0.7479439,0.7479439,0.024064943,0.024064943
P331,202510181240,2510181434,16,4,15 Hz,15.0,EXPERIMENTAL,LIGHT,True,,saveTime_2510181434__sessionTime_202510181240__participant_P331__trialN_16__trialT_4__fileType_cropped.png,1,,saveTime_2510181434__sessionTime_202510181240__participant_P331__trialN_16__trialT_4__fileType_cropped.png,0.00048289823,0.021811869,0.468773,0.64731324,0.17160262,0.21968362,0.6291841,0.6291841,0.07070167,0.07070167
P331,202510181240,2510181438,17,2,5 Hz,5.0,EXPERIMENTAL,LIGHT,True,,saveTime_2510181438__sessionTime_202510181240__participant_P331__trialN_17__trialT_2__fileType_cropped.png,1,,saveTime_2510181438__sessionTime_202510181240__participant_P331__trialN_17__trialT_2__fileType_cropped.png,0.0006365489,0.028752066,0.94125015,1.2997414,0.006023674,0.0077114347,0.46728662,0.46728662,0.48009038,0.48009038
P332,202510181420,2510181511,2,1,2.5 Hz,2.5,EXPERIMENTAL,LIGHT,True,,saveTime_2510181511__sessionTime_202510181420__participant_P332__trialN_2__trialT_1__fileType_cropped.png,1,,saveTime_2510181511__sessionTime_202510181420__participant_P332__trialN_2__trialT_1__fileType_cropped.png,0.0006011477,0.027153041,0.0017432428,0.0024071867,0.9243343,1.1833216,0.58992183,0.58992183,0.28007993,0.28007993
P332,202510181420,2510181516,3,3,10 Hz,10.0,EXPERIMENTAL,LIGHT,True,,saveTime_2510181516__sessionTime_202510181420__participant_P332__trialN_3__trialT_3__fileType_cropped.png,1,,saveTime_2510181516__sessionTime_202510181420__participant_P332__trialN_3__trialT_3__fileType_cropped.png,0.004005328,0.18091531,0.23588206,0.32572177,0.28842306,0.36923572,0.6969806,0.6969806,0.16057198,0.16057198
P332,202510181420,2510181519,4,A10,,,VALIDATION,IMAGE,True,,saveTime_2510181519__sessionTime_202510181420__participant_P332__trialN_4__trialT_A10__fileType_cropped.png,1,,saveTime_2510181519__sessionTime_202510181420__participant_P332__trialN_4__trialT_A10__fileType_cropped.png,0.020408947,0.9218449,0.27072313,0.37383267,0.45803118,0.586366,0.5617549,0.5617549,0.11668004,0.11668004
P332,202510181420,2510181524,5,5,20 Hz,20.0,EXPERIMENTAL,LIGHT,True,,saveTime_2510181524__sessionTime_202510181420__participant_P332__trialN_5__trialT_5__fileType_cropped.png,1,,saveTime_2510181524__sessionTime_202510181420__participant_P332__trialN_5__trialT_5__fileType_cropped.png,0.002273374,0.10268527,0.2870365,0.39635926,0.32004383,0.40971625,0.45794225,0.45794225,0.075553365,0.075553365
P332,202510181420,2510181534,6,1,2.5 Hz,2.5,EXPERIMENTAL,LIGHT,True,,saveTime_2510181534__sessionTime_202510181420__participant_P332__trialN_6__trialT_1__fileType_cropped.png,1,,saveTime_2510181534__sessionTime_202510181420__participant_P332__trialN_6__trialT_1__fileType_cropped.png,0.00017486249,0.007898306,0.15703559,0.21684529,0.40157637,0.5140932,0.65081143,0.65081143,0.2833566,0.2833566
P332,202510181420,2510181538,7,3,10 Hz,10.0,EXPERIMENTAL,LIGHT,True,,saveTime_2510181538__sessionTime_202510181420__participant_P332__trialN_7__trialT_3__fileType_cropped.png,1,,saveTime_2510181538__sessionTime_202510181420__participant_P332__trialN_7__trialT_3__fileType_cropped.png,0.0015181468,0.06857267,0.24712048,0.34124056,0.32795954,0.41984984,0.6469645,0.6469645,0.08086399,0.08086399
P332,202510181420,2510181542,8,6,40 Hz,40.0,EXPERIMENTAL,LIGHT,True,,saveTime_2510181542__sessionTime_202510181420__participant_P332__trialN_8__trialT_6__fileType_cropped.png,1,,saveTime_2510181542__sessionTime_202510181420__participant_P332__trialN_8__trialT_6__fileType_cropped.png,0.00115559,0.05219646,0.22818077,0.31508732,0.40970775,0.52450293,0.83704686,0.83704686,0.056794435,0.056794435
P332,202510181420,2510181545,9,2,5 Hz,5.0,EXPERIMENTAL,LIGHT,True,,saveTime_2510181545__sessionTime_202510181420__participant_P332__trialN_9__trialT_2__fileType_cropped.png,1,,saveTime_2510181545__sessionTime_202510181420__participant_P332__trialN_9__trialT_2__fileType_cropped.png,0.00049144024,0.022197701,0.16287448,0.22490801,0.47243407,0.6048044,0.64554524,0.64554524,0.16787305,0.16787305
P332,202510181420,2510181549,10,B02,,,VALIDATION,IMAGE,True,,saveTime_2510181549__sessionTime_202510181420__participant_P332__trialN_10__trialT_B02__fileType_cropped.png,1,,saveTime_2510181549__sessionTime_202510181420__participant_P332__trialN_10__trialT_B02__fileType_cropped.png,0.011615,0.52463406,0.29298094,0.40456775,0.23396502,0.2995192,0.3790156,0.3790156,0.2834174,0.2834174
P332,202510181420,2510181553,11,2,5 Hz,5.0,EXPERIMENTAL,LIGHT,True,,saveTime_2510181553__sessionTime_202510181420__participant_P332__trialN_11__trialT_2__fileType_cropped.png,1,,saveTime_2510181553__sessionTime_202510181420__participant_P332__trialN_11__trialT_2__fileType_cropped.png,0.00047072791,0.021262152,0.2510187,0.34662348,0.33041263,0.42299026,0.5950256,0.5950256,0.21120784,0.21120784
P332,202510181420,2510181605,12,C04,,,VALIDATION,IMAGE,True,,saveTime_2510181605__sessionTime_202510181420__participant_P332__trialN_12__trialT_C04__fileType_cropped.png,1,,saveTime_2510181605__sessionTime_202510181420__participant_P332__trialN_12__trialT_C04__fileType_cropped.png,0.021013647,0.94915843,0.3007523,0.41529897,0.31041244,0.39738625,0.14094895,0.14094895,0.15519153,0.15519153
P332,202510181420,2510181609,13,7,80 Hz,80.0,CONTROL,LIGHT,True,,saveTime_2510181609__sessionTime_202510181420__participant_P332__trialN_13__trialT_7__fileType_cropped.png,1,,saveTime_2510181609__sessionTime_202510181420__participant_P332__trialN_13__trialT_7__fileType_cropped.png,0.00049490697,0.022354288,0.3106858,0.42901582,0.3185271,0.40777457,0.7583141,0.7583141,0.12649663,0.12649663
P332,202510181420,2510181612,14,6,40 Hz,40.0,EXPERIMENTAL,LIGHT,True,,saveTime_2510181612__sessionTime_202510181420__participant_P332__trialN_14__trialT_6__fileType_cropped.png,1,,saveTime_2510181612__sessionTime_202510181420__participant_P332__trialN_14__trialT_6__fileType_cropped.png,0.00041478185,0.018735144,0.4063462,0.56111014,0.24191959,0.30970255,0.4855755,0.4855755,0.056442562,0.056442562
P332,202510181420,2510181617,15,4,15 Hz,15.0,EXPERIMENTAL,LIGHT,True,,saveTime_2510181617__sessionTime_202510181420__participant_P332__trialN_15__trialT_4__fileType_cropped.png,1,,saveTime_2510181617__sessionTime_202510181420__participant_P332__trialN_15__trialT_4__fileType_cropped.png,0.0009022099,0.040751617,0.4327673,0.59759414,0.20461096,0.26194048,0.5493424,0.5493424,0.15616916,0.15616916
P332,202510181420,2510181620,16,5,20 Hz,20.0,EXPERIMENTAL,LIGHT,True,,saveTime_2510181620__sessionTime_202510181420__participant_P332__trialN_16__trialT_5__fileType_cropped.png,1,,saveTime_2510181620__sessionTime_202510181420__participant_P332__trialN_16__trialT_5__fileType_cropped.png,0.00096909364,0.043772668,0.19798265,0.27338773,0.35236967,0.4510994,0.50435317,0.50435317,0.12204333,0.12204333
P332,202510181420,2510181624,17,4,15 Hz,15.0,EXPERIMENTAL,LIGHT,True,,saveTime_2510181624__sessionTime_202510181420__participant_P332__trialN_17__trialT_4__fileType_cropped.png,1,,saveTime_2510181624__sessionTime_202510181420__participant_P332__trialN_17__trialT_4__fileType_cropped.png,0.00074489345,0.033645842,0.2504634,0.34585667,0.3172065,0.40608394,0.45950153,0.45950153,0.056729674,0.056729674
P333,202510181420,2510181512,2,1,2.5 Hz,2.5,EXPERIMENTAL,LIGHT,True,,saveTime_2510181512__sessionTime_202510181420__participant_P333__trialN_2__trialT_1__fileType_cropped.png,1,,saveTime_2510181512__sessionTime_202510181420__participant_P333__trialN_2__trialT_1__fileType_cropped.png,0.00052802364,0.023850124,0.025728747,0.03552798,0.71811104,0.9193171,0.86095387,0.86095387,0.11736535,0.11736535
P333,202510181420,2510181516,3,3,10 Hz,10.0,EXPERIMENTAL,LIGHT,True,,saveTime_2510181516__sessionTime_202510181420__participant_P333__trialN_3__trialT_3__fileType_cropped.png,1,,saveTime_2510181516__sessionTime_202510181420__participant_P333__trialN_3__trialT_3__fileType_cropped.png,0.0075009824,0.33880937,0.541611,0.74789286,0.14943217,0.19130126,0.9028866,0.9028866,0.2690042,0.2690042
P333,202510181420,2510181519,4,A04,,,VALIDATION,IMAGE,True,,saveTime_2510181519__sessionTime_202510181420__participant_P333__trialN_4__trialT_A04__fileType_cropped.png,1,,saveTime_2510181519__sessionTime_202510181420__participant_P333__trialN_4__trialT_A04__fileType_cropped.png,0.01074343,0.48526642,0.615475,0.8498892,0.17769672,0.2274852,0.007838859,0.007838859,0.029966189,0.029966189
P333,202510181420,2510181524,5,5,20 Hz,20.0,EXPERIMENTAL,LIGHT,True,,saveTime_2510181524__sessionTime_202510181420__participant_P333__trialN_5__trialT_5__fileType_cropped.png,1,,saveTime_2510181524__sessionTime_202510181420__participant_P333__trialN_5__trialT_5__fileType_cropped.png,0.00788524,0.35616577,0.3733861,0.5155966,0.18801832,0.2406988,0.98418933,0.98418933,0.070175976,0.070175976
P333,202510181420,2510181534,6,1,2.5 Hz,2.5,EXPERIMENTAL,LIGHT,True,,saveTime_2510181534__sessionTime_202510181420__participant_P333__trialN_6__trialT_1__fileType_cropped.png,1,,saveTime_2510181534__sessionTime_202510181420__participant_P333__trialN_6__trialT_1__fileType_cropped.png,0.00051906775,0.023445599,0.23691756,0.32715166,0.34082207,0.4363163,0.5192256,0.5192256,0.11820573,0.11820573
P333,202510181420,2510181538,7,3,10 Hz,10.0,EXPERIMENTAL,LIGHT,True,,saveTime_2510181538__sessionTime_202510181420__participant_P333__trialN_7__trialT_3__fileType_cropped.png,1,,saveTime_2510181538__sessionTime_202510181420__participant_P333__trialN_7__trialT_3__fileType_cropped.png,0.013624616,0.61540574,0.30111036,0.4157934,0.27251762,0.34887376,0.63616294,0.63616294,0.06575226,0.06575226
P333,202510181420,2510181542,8,6,40 Hz,40.0,EXPERIMENTAL,LIGHT,True,,saveTime_2510181542__sessionTime_202510181420__participant_P333__trialN_8__trialT_6__fileType_cropped.png,1,,saveTime_2510181542__sessionTime_202510181420__participant_P333__trialN_8__trialT_6__fileType_cropped.png,0.0032967841,0.14891134,0.30353874,0.41914666,0.27341393,0.3500212,0.6369435,0.6369435,0.03691077,0.03691077
P333,202510181420,2510181545,9,2,5 Hz,5.0,EXPERIMENTAL,LIGHT,True,,saveTime_2510181545__sessionTime_202510181420__participant_P333__trialN_9__trialT_2__fileType_cropped.png,1,,saveTime_2510181545__sessionTime_202510181420__participant_P333__trialN_9__trialT_2__fileType_cropped.png,0.0007680116,0.03469006,0.7002938,0.96701264,0.0792402,0.10144235,0.7016157,0.7016157,0.10958709,0.10958709
P333,202510181420,2510181549,10,B00,,,VALIDATION,IMAGE,True,,saveTime_2510181549__sessionTime_202510181420__participant_P333__trialN_10__trialT_B00__fileType_cropped.png,1,,saveTime_2510181549__sessionTime_202510181420__participant_P333__trialN_10__trialT_B00__fileType_cropped.png,0.024539934,1.1084361,0.4752865,0.6563075,0.3795665,0.48591647,0.6092323,0.6092323,0.02633802,0.02633802
P333,202510181420,2510181553,11,2,5 Hz,5.0,EXPERIMENTAL,LIGHT,True,,saveTime_2510181553__sessionTime_202510181420__participant_P333__trialN_11__trialT_2__fileType_cropped.png,1,,saveTime_2510181553__sessionTime_202510181420__participant_P333__trialN_11__trialT_2__fileType_cropped.png,0.0010789266,0.048733678,0.6732003,0.9296002,0.042416785,0.05430146,0.7309771,0.7309771,0.054495998,0.054495998
P333,202510181420,2510181606,12,C06,,,VALIDATION,IMAGE,True,,saveTime_2510181606__sessionTime_202510181420__participant_P333__trialN_12__trialT_C06__fileType_cropped.png,1,,saveTime_2510181606__sessionTime_202510181420__participant_P333__trialN_12__trialT_C06__fileType_cropped.png,0.036103524,1.630748,0.024936207,0.03443359,0.667323,0.8542989,0.13710935,0.13710935,0.18400344,0.18400344
P333,202510181420,2510181608,13,7,80 Hz,80.0,CONTROL,LIGHT,True,,saveTime_2510181608__sessionTime_202510181420__participant_P333__trialN_13__trialT_7__fileType_cropped.png,1,,saveTime_2510181608__sessionTime_202510181420__participant_P333__trialN_13__trialT_7__fileType_cropped.png,0.00024207027,0.0109339915,0.009160513,0.012649451,0.73747504,0.94410664,0.84996164,0.84996164,0.0680725,0.0680725
P333,202510181420,2510181614,14,6,40 Hz,40.0,EXPERIMENTAL,LIGHT,True,,saveTime_2510181614__sessionTime_202510181420__participant_P333__trialN_14__trialT_6__fileType_cropped.png,1,,saveTime_2510181614__sessionTime_202510181420__participant_P333__trialN_14__trialT_6__fileType_cropped.png,0.0018156902,0.0820123,0.2854554,0.39417598,0.29160932,0.37331474,0.77785915,0.77785915,0.024751313,0.024751313
P333,202510181420,2510181618,15,4,15 Hz,15.0,EXPERIMENTAL,LIGHT,True,,saveTime_2510181618__sessionTime_202510181420__participant_P333__trialN_15__trialT_4__fileType_cropped.png,1,,saveTime_2510181618__sessionTime_202510181420__participant_P333__trialN_15__trialT_4__fileType_cropped.png,0.013412653,0.6058316,0.3207705,0.44294143,0.24095781,0.3084713,0.7069839,0.7069839,0.06976754,0.06976754
P333,202510181420,2510181621,16,5,20 Hz,20.0,EXPERIMENTAL,LIGHT,True,,saveTime_2510181621__sessionTime_202510181420__participant_P333__trialN_16__trialT_5__fileType_cropped.png,1,,saveTime_2510181621__sessionTime_202510181420__participant_P333__trialN_16__trialT_5__fileType_cropped.png,0.016307028,0.7365667,0.26117778,0.36065182,0.3131154,0.40084654,0.7181606,0.7181606,0.12867586,0.12867586
P333,202510181420,2510181625,17,4,15 Hz,15.0,EXPERIMENTAL,LIGHT,True,,saveTime_2510181625__sessionTime_202510181420__participant_P333__trialN_17__trialT_4__fileType_cropped.png,1,,saveTime_2510181625__sessionTime_202510181420__participant_P333__trialN_17__trialT_4__fileType_cropped.png,0.011536826,0.5211031,0.35145676,0.48531508,0.20269988,0.25949395,0.7976931,0.7976931,0.10924795,0.10924795
P334,202510181420,2510181513,2,1,2.5 Hz,2.5,EXPERIMENTAL,LIGHT,True,,saveTime_2510181513__sessionTime_202510181420__participant_P334__trialN_2__trialT_1__fileType_cropped.png,1,,saveTime_2510181513__sessionTime_202510181420__participant_P334__trialN_2__trialT_1__fileType_cropped.png,0.0010705809,0.048356712,0.076278575,0.10533058,0.62714374,0.80286187,0.92644763,0.92644763,0.040581346,0.040581346
P334,202510181420,2510181517,3,3,10 Hz,10.0,EXPERIMENTAL,LIGHT,True,,saveTime_2510181517__sessionTime_202510181420__participant_P334__trialN_3__trialT_3__fileType_cropped.png,1,,saveTime_2510181517__sessionTime_202510181420__participant_P334__trialN_3__trialT_3__fileType_cropped.png,0.0026190795,0.11830033,0.1612556,0.22267255,0.51350576,0.6573839,0.8451599,0.8451599,0.041056074,0.041056074
P334,202510181420,2510181520,4,A10,,,VALIDATION,IMAGE,True,,saveTime_2510181520__sessionTime_202510181420__participant_P334__trialN_4__trialT_A10__fileType_cropped.png,1,,saveTime_2510181520__sessionTime_202510181420__participant_P334__trialN_4__trialT_A10__fileType_cropped.png,0.02812025,1.2701542,0.38834608,0.53625435,0.38011295,0.48661602,0.52802616,0.52802616,0.17930725,0.17930725
P334,202510181420,2510181524,5,5,20 Hz,20.0,EXPERIMENTAL,LIGHT,True,,saveTime_2510181524__sessionTime_202510181420__participant_P334__trialN_5__trialT_5__fileType_cropped.png,1,,saveTime_2510181524__sessionTime_202510181420__participant_P334__trialN_5__trialT_5__fileType_cropped.png,0.0010351554,0.046756588,0.28880346,0.3987992,0.3058201,0.3915072,0.90417004,0.90417004,0.08149363,0.08149363
P334,202510181420,2510181534,6,1,2.5 Hz,2.5,EXPERIMENTAL,LIGHT,True,,saveTime_2510181534__sessionTime_202510181420__participant_P334__trialN_6__trialT_1__fileType_cropped.png,1,,saveTime_2510181534__sessionTime_202510181420__participant_P334__trialN_6__trialT_1__fileType_cropped.png,0.00028553169,0.012897085,0.030327437,0.04187816,0.758799,0.9714054,0.90952224,0.90952224,0.17398861,0.17398861
P334,202510181420,2510181538,7,3,10 Hz,10.0,EXPERIMENTAL,LIGHT,True,,saveTime_2510181538__sessionTime_202510181420__participant_P334__trialN_7__trialT_3__fileType_cropped.png,1,,saveTime_2510181538__sessionTime_202510181420__participant_P334__trialN_7__trialT_3__fileType_cropped.png,0.00082670205,0.03734103,0.103582725,0.14303398,0.60403997,0.7732847,0.8461525,0.8461525,0.16531327,0.16531327
P334,202510181420,2510181542,8,6,40 Hz,40.0,EXPERIMENTAL,LIGHT,True,,saveTime_2510181542__sessionTime_202510181420__participant_P334__trialN_8__trialT_6__fileType_cropped.png,1,,saveTime_2510181542__sessionTime_202510181420__participant_P334__trialN_8__trialT_6__fileType_cropped.png,0.00050214893,0.022681398,0.17221013,0.2377993,0.47525576,0.6084167,0.70370877,0.70370877,0.1911324,0.1911324
P334,202510181420,2510181546,9,2,5 Hz,5.0,EXPERIMENTAL,LIGHT,True,,saveTime_2510181546__sessionTime_202510181420__participant_P334__trialN_9__trialT_2__fileType_cropped.png,1,,saveTime_2510181546__sessionTime_202510181420__participant_P334__trialN_9__trialT_2__fileType_cropped.png,0.0005204979,0.023510197,0.16247036,0.22434998,0.40657395,0.52049106,0.8432729,0.8432729,0.110912025,0.110912025
P334,202510181420,2510181550,10,B10,,,VALIDATION,IMAGE,True,,saveTime_2510181550__sessionTime_202510181420__participant_P334__trialN_10__trialT_B10__fileType_cropped.png,1,,saveTime_2510181550__sessionTime_202510181420__participant_P334__trialN_10__trialT_B10__fileType_cropped.png,0.022668667,1.0239135,0.6906355,0.95367587,0.026198441,0.03353893,0.22598368,0.22598368,0.21207684,0.21207684
P334,202510181420,2510181554,11,2,5 Hz,5.0,EXPERIMENTAL,LIGHT,True,,saveTime_2510181554__sessionTime_202510181420__participant_P334__trialN_11__trialT_2__fileType_cropped.png,1,,saveTime_2510181554__sessionTime_202510181420__participant_P334__trialN_11__trialT_2__fileType_cropped.png,0.0008785285,0.039681964,0.25349724,0.350046,0.32098517,0.41092134,0.85936165,0.85936165,0.08252425,0.08252425
P334,202510181420,2510181606,12,C12,,,VALIDATION,IMAGE,True,,saveTime_2510181606__sessionTime_202510181420__participant_P334__trialN_12__trialT_C12__fileType_cropped.png,1,,saveTime_2510181606__sessionTime_202510181420__participant_P334__trialN_12__trialT_C12__fileType_cropped.png,0.017767198,0.8025207,0.30506676,0.42125666,0.27279744,0.349232,0.42394975,0.42394975,0.48866057,0.48866057
P334,202510181420,2510181610,13,7,80 Hz,80.0,CONTROL,LIGHT,True,,saveTime_2510181610__sessionTime_202510181420__participant_P334__trialN_13__trialT_7__fileType_cropped.png,1,,saveTime_2510181610__sessionTime_202510181420__participant_P334__trialN_13__trialT_7__fileType_cropped.png,0.00070820487,0.03198867,0.17205094,0.23757948,0.4417427,0.5655137,0.98561734,0.98561734,0.027631322,0.027631322
P334,202510181420,2510181614,14,6,40 Hz,40.0,EXPERIMENTAL,LIGHT,True,,saveTime_2510181614__sessionTime_202510181420__participant_P334__trialN_14__trialT_6__fileType_cropped.png,1,,saveTime_2510181614__sessionTime_202510181420__participant_P334__trialN_14__trialT_6__fileType_cropped.png,0.0012884061,0.058195584,0.42275548,0.58376914,0.17957792,0.22989349,0.7881463,0.7881463,0.19395177,0.19395177
P334,202510181420,2510181617,15,4,15 Hz,15.0,EXPERIMENTAL,LIGHT,True,,saveTime_2510181617__sessionTime_202510181420__participant_P334__trialN_15__trialT_4__fileType_cropped.png,1,,saveTime_2510181617__sessionTime_202510181420__participant_P334__trialN_15__trialT_4__fileType_cropped.png,0.0016522378,0.07462938,0.2549827,0.35209724,0.320747,0.41061643,0.64888537,0.64888537,0.23406808,0.23406808
P334,202510181420,2510181621,16,5,20 Hz,20.0,EXPERIMENTAL,LIGHT,True,,saveTime_2510181621__sessionTime_202510181420__participant_P334__trialN_16__trialT_5__fileType_cropped.png,1,,saveTime_2510181621__sessionTime_202510181420__participant_P334__trialN_16__trialT_5__fileType_cropped.png,0.00073600427,0.03324433,0.16466588,0.22738169,0.50047207,0.6406983,0.8586437,0.8586437,0.15362939,0.15362939
P334,202510181420,2510181625,17,4,15 Hz,15.0,EXPERIMENTAL,LIGHT,True,,saveTime_2510181625__sessionTime_202510181420__participant_P334__trialN_17__trialT_4__fileType_cropped.png,1,,saveTime_2510181625__sessionTime_202510181420__participant_P334__trialN_17__trialT_4__fileType_cropped.png,0.0011441213,0.051678434,0.25554326,0.3528713,0.30807796,0.3943977,0.6962179,0.6962179,0.13429551,0.13429551
P335,202510181600,2510181652,2,5,20 Hz,20.0,EXPERIMENTAL,LIGHT,True,,saveTime_2510181652__sessionTime_202510181600__participant_P335__trialN_2__trialT_5__fileType_cropped.png,1,,saveTime_2510181652__sessionTime_202510181600__participant_P335__trialN_2__trialT_5__fileType_cropped.png,0.0015242986,0.06885053,0.5146997,0.71073186,0.059072293,0.07562364,0.9406944,0.9406944,0.07718693,0.07718693
P335,202510181600,2510181656,3,1,2.5 Hz,2.5,EXPERIMENTAL,LIGHT,True,,saveTime_2510181656__sessionTime_202510181600__participant_P335__trialN_3__trialT_1__fileType_cropped.png,1,,saveTime_2510181656__sessionTime_202510181600__participant_P335__trialN_3__trialT_1__fileType_cropped.png,0.00017297873,0.007813219,0.01191368,0.016451208,0.6819816,0.87306464,0.8335649,0.8335649,0.080684215,0.080684215
P335,202510181600,2510181700,4,3,10 Hz,10.0,EXPERIMENTAL,LIGHT,True,,saveTime_2510181700__sessionTime_202510181600__participant_P335__trialN_4__trialT_3__fileType_cropped.png,1,,saveTime_2510181700__sessionTime_202510181600__participant_P335__trialN_4__trialT_3__fileType_cropped.png,0.011173118,0.50467485,0.66464776,0.91779023,0.05364221,0.06867211,0.7877154,0.7877154,0.4048625,0.4048625
P335,202510181600,2510181703,5,7,80 Hz,80.0,CONTROL,LIGHT,True,,saveTime_2510181703__sessionTime_202510181600__participant_P335__trialN_5__trialT_7__fileType_cropped.png,1,,saveTime_2510181703__sessionTime_202510181600__participant_P335__trialN_5__trialT_7__fileType_cropped.png,0.0011153761,0.05038005,0.05346686,0.07383063,0.6484481,0.83013546,0.9748484,0.9748484,0.028809985,0.028809985
P335,202510181600,2510181715,6,1,2.5 Hz,2.5,EXPERIMENTAL,LIGHT,True,,saveTime_2510181715__sessionTime_202510181600__participant_P335__trialN_6__trialT_1__fileType_cropped.png,1,,saveTime_2510181715__sessionTime_202510181600__participant_P335__trialN_6__trialT_1__fileType_cropped.png,0.0017297107,0.078128725,0.5918541,0.8172719,0.059712745,0.07644354,0.96664417,0.96664417,0.0260735,0.0260735
P335,202510181600,2510181719,7,C10,,,VALIDATION,IMAGE,True,,saveTime_2510181719__sessionTime_202510181600__participant_P335__trialN_7__trialT_C10__fileType_cropped.png,1,,saveTime_2510181719__sessionTime_202510181600__participant_P335__trialN_7__trialT_C10__fileType_cropped.png,0.012540131,0.566421,0.26238474,0.36231846,0.32359025,0.41425633,0.14852087,0.14852087,0.29774815,0.29774815
P335,202510181600,2510181723,8,3,10 Hz,10.0,EXPERIMENTAL,LIGHT,True,,saveTime_2510181723__sessionTime_202510181600__participant_P335__trialN_8__trialT_3__fileType_cropped.png,1,,saveTime_2510181723__sessionTime_202510181600__participant_P335__trialN_8__trialT_3__fileType_cropped.png,0.0011541871,0.052133095,0.53136414,0.73374325,0.13439314,0.17204848,0.9677575,0.9677575,0.034465365,0.034465365
P335,202510181600,2510181726,9,4,15 Hz,15.0,EXPERIMENTAL,LIGHT,True,,saveTime_2510181726__sessionTime_202510181600__participant_P335__trialN_9__trialT_4__fileType_cropped.png,1,,saveTime_2510181726__sessionTime_202510181600__participant_P335__trialN_9__trialT_4__fileType_cropped.png,0.0018372595,0.08298656,0.26329675,0.36357784,0.33018807,0.4227028,0.98223233,0.98223233,0.02126541,0.02126541
P335,202510181600,2510181730,10,4,15 Hz,15.0,EXPERIMENTAL,LIGHT,True,,saveTime_2510181730__sessionTime_202510181600__participant_P335__trialN_10__trialT_4__fileType_cropped.png,1,,saveTime_2510181730__sessionTime_202510181600__participant_P335__trialN_10__trialT_4__fileType_cropped.png,0.0011146244,0.0503461,0.31738853,0.4382714,0.2927975,0.37483585,0.9541886,0.9541886,0.04127213,0.04127213
P335,202510181600,2510181733,11,A00,,,VALIDATION,IMAGE,True,,saveTime_2510181733__sessionTime_202510181600__participant_P335__trialN_11__trialT_A00__fileType_cropped.png,1,,saveTime_2510181733__sessionTime_202510181600__participant_P335__trialN_11__trialT_A00__fileType_cropped.png,0.0054453528,0.24595933,0.833103,1.1504046,0.013762769,0.017618932,0.27497187,0.27497187,0.23252107,0.23252107
P335,202510181600,2510181744,12,6,40 Hz,40.0,EXPERIMENTAL,LIGHT,True,,saveTime_2510181744__sessionTime_202510181600__participant_P335__trialN_12__trialT_6__fileType_cropped.png,1,,saveTime_2510181744__sessionTime_202510181600__participant_P335__trialN_12__trialT_6__fileType_cropped.png,0.0013342724,0.060267307,0.41245598,0.5695469,0.20371707,0.26079613,0.9553171,0.9553171,0.036095966,0.036095966
P335,202510181600,2510181748,13,2,5 Hz,5.0,EXPERIMENTAL,LIGHT,True,,saveTime_2510181748__sessionTime_202510181600__participant_P335__trialN_13__trialT_2__fileType_cropped.png,1,,saveTime_2510181748__sessionTime_202510181600__participant_P335__trialN_13__trialT_2__fileType_cropped.png,0.0030419922,0.13740273,0.29937664,0.41339937,0.31238362,0.39990976,0.9828383,0.9828383,0.013341241,0.013341241
P335,202510181600,2510181752,14,2,5 Hz,5.0,EXPERIMENTAL,LIGHT,True,,saveTime_2510181752__sessionTime_202510181600__participant_P335__trialN_14__trialT_2__fileType_cropped.png,1,,saveTime_2510181752__sessionTime_202510181600__participant_P335__trialN_14__trialT_2__fileType_cropped.png,0.0017274971,0.07802874,0.60514426,0.8356238,0.07405463,0.09480385,0.9592928,0.9592928,0.027735611,0.027735611
P335,202510181600,2510181756,15,B06,,,VALIDATION,IMAGE,True,,saveTime_2510181756__sessionTime_202510181600__participant_P335__trialN_15__trialT_B06__fileType_cropped.png,1,,saveTime_2510181756__sessionTime_202510181600__participant_P335__trialN_15__trialT_B06__fileType_cropped.png,0.0034702076,0.15674464,0.30805263,0.42537975,0.2392616,0.3062998,0.32125202,0.32125202,0.20365362,0.20365362
P335,202510181600,2510181800,16,6,40 Hz,40.0,EXPERIMENTAL,LIGHT,True,,saveTime_2510181800__sessionTime_202510181600__participant_P335__trialN_16__trialT_6__fileType_cropped.png,1,,saveTime_2510181800__sessionTime_202510181600__participant_P335__trialN_16__trialT_6__fileType_cropped.png,0.0021834797,0.09862487,0.35947302,0.49638447,0.25365686,0.32472846,0.9509061,0.9509061,0.025767026,0.025767026
P335,202510181600,2510181803,17,5,20 Hz,20.0,EXPERIMENTAL,LIGHT,True,,saveTime_2510181803__sessionTime_202510181600__participant_P335__trialN_17__trialT_5__fileType_cropped.png,1,,saveTime_2510181803__sessionTime_202510181600__participant_P335__trialN_17__trialT_5__fileType_cropped.png,0.0028084156,0.1268524,0.39860174,0.55041605,0.19642615,0.2514624,0.97561985,0.97561985,0.027777692,0.027777692
P336,202510181600,2510181652,2,5,20 Hz,20.0,EXPERIMENTAL,LIGHT,True,,saveTime_2510181652__sessionTime_202510181600__participant_P336__trialN_2__trialT_5__fileType_cropped.png,1,,saveTime_2510181652__sessionTime_202510181600__participant_P336__trialN_2__trialT_5__fileType_cropped.png,0.0017258807,0.07795573,0.55582315,0.7675179,0.12178012,0.15590145,0.82649404,0.82649404,0.131425,0.131425
P336,202510181600,2510181657,3,1,2.5 Hz,2.5,EXPERIMENTAL,LIGHT,True,,saveTime_2510181657__sessionTime_202510181600__participant_P336__trialN_3__trialT_1__fileType_cropped.png,1,,saveTime_2510181657__sessionTime_202510181600__participant_P336__trialN_3__trialT_1__fileType_cropped.png,0.000115772724,0.0052292994,0.08757222,0.1209256,0.41697663,0.53380847,0.34987438,0.34987438,0.14653672,0.14653672
P336,202510181600,2510181659,4,3,10 Hz,10.0,EXPERIMENTAL,LIGHT,True,,saveTime_2510181659__sessionTime_202510181600__participant_P336__trialN_4__trialT_3__fileType_cropped.png,1,,saveTime_2510181659__sessionTime_202510181600__participant_P336__trialN_4__trialT_3__fileType_cropped.png,0.0002632046,0.011888601,0.5700009,0.7870955,0.107136436,0.13715477,0.8959707,0.8959707,0.058582045,0.058582045
P336,202510181600,2510181704,5,7,80 Hz,80.0,CONTROL,LIGHT,True,,saveTime_2510181704__sessionTime_202510181600__participant_P336__trialN_5__trialT_7__fileType_cropped.png,1,,saveTime_2510181704__sessionTime_202510181600__participant_P336__trialN_5__trialT_7__fileType_cropped.png,0.0002660623,0.012017679,0.031642623,0.043694258,0.56683964,0.7256613,0.99523693,0.99523693,0.018893842,0.018893842
P336,202510181600,2510181715,6,1,2.5 Hz,2.5,EXPERIMENTAL,LIGHT,True,,saveTime_2510181715__sessionTime_202510181600__participant_P336__trialN_6__trialT_1__fileType_cropped.png,1,,saveTime_2510181715__sessionTime_202510181600__participant_P336__trialN_6__trialT_1__fileType_cropped.png,4.7962043e-05,0.0021663816,0.05170342,0.07139555,0.5460971,0.69910693,0.33026236,0.33026236,0.12390486,0.12390486
P336,202510181600,2510181719,7,C07,,,VALIDATION,IMAGE,True,,saveTime_2510181719__sessionTime_202510181600__participant_P336__trialN_7__trialT_C07__fileType_cropped.png,1,,saveTime_2510181719__sessionTime_202510181600__participant_P336__trialN_7__trialT_C07__fileType_cropped.png,0.0028834287,0.13024063,0.25284714,0.3491483,0.2938835,0.37622613,0.8185584,0.8185584,0.19388412,0.19388412
P336,202510181600,2510181723,8,3,10 Hz,10.0,EXPERIMENTAL,LIGHT,True,,saveTime_2510181723__sessionTime_202510181600__participant_P336__trialN_8__trialT_3__fileType_cropped.png,1,,saveTime_2510181723__sessionTime_202510181600__participant_P336__trialN_8__trialT_3__fileType_cropped.png,0.00018572024,0.008388736,0.40994805,0.5660838,0.19922602,0.25504676,0.8974262,0.8974262,0.02645921,0.02645921
P336,202510181600,2510181727,9,4,15 Hz,15.0,EXPERIMENTAL,LIGHT,True,,saveTime_2510181727__sessionTime_202510181600__participant_P336__trialN_9__trialT_4__fileType_cropped.png,1,,saveTime_2510181727__sessionTime_202510181600__participant_P336__trialN_9__trialT_4__fileType_cropped.png,0.00037804607,0.017075837,0.1302121,0.1798056,0.47949833,0.613848,0.891489,0.891489,0.04999963,0.04999963
P336,202510181600,2510181730,10,4,15 Hz,15.0,EXPERIMENTAL,LIGHT,True,,saveTime_2510181730__sessionTime_202510181600__participant_P336__trialN_10__trialT_4__fileType_cropped.png,1,,saveTime_2510181730__sessionTime_202510181600__participant_P336__trialN_10__trialT_4__fileType_cropped.png,0.00036093206,0.01630282,0.5978561,0.82555985,0.09500503,0.12162429,0.8836069,0.8836069,0.038750023,0.038750023
P336,202510181600,2510181733,11,A12,,,VALIDATION,IMAGE,True,,saveTime_2510181733__sessionTime_202510181600__participant_P336__trialN_11__trialT_A12__fileType_cropped.png,1,,saveTime_2510181733__sessionTime_202510181600__participant_P336__trialN_11__trialT_A12__fileType_cropped.png,0.006979873,0.31527156,0.33198524,0.4584275,0.25370577,0.32479107,0.6092016,0.6092016,0.1919496,0.1919496
P336,202510181600,2510181745,12,6,40 Hz,40.0,EXPERIMENTAL,LIGHT,True,,saveTime_2510181745__sessionTime_202510181600__participant_P336__trialN_12__trialT_6__fileType_cropped.png,1,,saveTime_2510181745__sessionTime_202510181600__participant_P336__trialN_12__trialT_6__fileType_cropped.png,0.0005452899,0.024630018,0.27836064,0.38437906,0.29110608,0.3726705,0.99777323,0.99777323,0.00826701,0.00826701
P336,202510181600,2510181748,13,2,5 Hz,5.0,EXPERIMENTAL,LIGHT,True,,saveTime_2510181748__sessionTime_202510181600__participant_P336__trialN_13__trialT_2__fileType_cropped.png,1,,saveTime_2510181748__sessionTime_202510181600__participant_P336__trialN_13__trialT_2__fileType_cropped.png,0.000110917295,0.0050099865,0.79483277,1.0975584,0.06916601,0.088545494,0.026616171,0.026616171,0.07435141,0.07435141
P336,202510181600,2510181752,14,2,5 Hz,5.0,EXPERIMENTAL,LIGHT,True,,saveTime_2510181752__sessionTime_202510181600__participant_P336__trialN_14__trialT_2__fileType_cropped.png,1,,saveTime_2510181752__sessionTime_202510181600__participant_P336__trialN_14__trialT_2__fileType_cropped.png,0.00024067659,0.010871041,0.8070857,1.1144781,0.06591283,0.084380805,0.131301,0.131301,0.07373023,0.07373023
P336,202510181600,2510181800,15,6,40 Hz,40.0,EXPERIMENTAL,LIGHT,True,,saveTime_2510181800__sessionTime_202510181600__participant_P336__trialN_15__trialT_6__fileType_cropped.png,1,,saveTime_2510181800__sessionTime_202510181600__participant_P336__trialN_15__trialT_6__fileType_cropped.png,0.0007286977,0.032914303,0.30256498,0.41780204,0.2782151,0.35616764,0.98647016,0.98647016,0.02063338,0.02063338
P336,202510181600,2510181803,16,5,20 Hz,20.0,EXPERIMENTAL,LIGHT,True,,saveTime_2510181803__sessionTime_202510181600__participant_P336__trialN_16__trialT_5__fileType_cropped.png,1,,saveTime_2510181803__sessionTime_202510181600__participant_P336__trialN_16__trialT_5__fileType_cropped.png,0.0005438979,0.024567144,0.40325218,0.5568377,0.21592703,0.27642718,0.9771085,0.9771085,0.06392529,0.06392529
P336,202510181600,2510181807,17,B10,,,VALIDATION,IMAGE,True,,saveTime_2510181807__sessionTime_202510181600__participant_P336__trialN_17__trialT_B10__fileType_cropped.png,1,,saveTime_2510181807__sessionTime_202510181600__participant_P336__trialN_17__trialT_B10__fileType_cropped.png,0.019214904,0.8679116,0.7004042,0.9671652,0.046020992,0.058915522,0.34908596,0.34908596,0.3850567,0.3850567
P337,202510181600,2510181652,2,5,20 Hz,20.0,EXPERIMENTAL,LIGHT,True,,saveTime_2510181652__sessionTime_202510181600__participant_P337__trialN_2__trialT_5__fileType_cropped.png,1,,saveTime_2510181652__sessionTime_202510181600__participant_P337__trialN_2__trialT_5__fileType_cropped.png,0.00043584,0.019686311,0.2751229,0.37990817,0.30339512,0.3884028,0.82906216,0.82906216,0.25898546,0.25898546
P337,202510181600,2510181656,3,1,2.5 Hz,2.5,EXPERIMENTAL,LIGHT,True,,saveTime_2510181656__sessionTime_202510181600__participant_P337__trialN_3__trialT_1__fileType_cropped.png,1,,saveTime_2510181656__sessionTime_202510181600__participant_P337__trialN_3__trialT_1__fileType_cropped.png,0.0003381341,0.015273066,0.07521446,0.103861175,0.57258326,0.73301417,0.71004015,0.71004015,0.1042278,0.1042278
P337,202510181600,2510181700,4,3,10 Hz,10.0,EXPERIMENTAL,LIGHT,True,,saveTime_2510181700__sessionTime_202510181600__participant_P337__trialN_4__trialT_3__fileType_cropped.png,1,,saveTime_2510181700__sessionTime_202510181600__participant_P337__trialN_4__trialT_3__fileType_cropped.png,0.0013698757,0.061875463,0.5862764,0.80956984,0.13657525,0.174842,0.92033744,0.92033744,0.20546977,0.20546977
P337,202510181600,2510181703,5,7,80 Hz,80.0,CONTROL,LIGHT,True,,saveTime_2510181703__sessionTime_202510181600__participant_P337__trialN_5__trialT_7__fileType_cropped.png,1,,saveTime_2510181703__sessionTime_202510181600__participant_P337__trialN_5__trialT_7__fileType_cropped.png,0.0002485156,0.011225118,0.2536154,0.35020918,0.2592838,0.331932,0.8830429,0.8830429,0.053088438,0.053088438
P337,202510181600,2510181715,6,1,2.5 Hz,2.5,EXPERIMENTAL,LIGHT,True,,saveTime_2510181715__sessionTime_202510181600__participant_P337__trialN_6__trialT_1__fileType_cropped.png,1,,saveTime_2510181715__sessionTime_202510181600__participant_P337__trialN_6__trialT_1__fileType_cropped.png,0.00046888035,0.0211787,0.06583773,0.09091316,0.711233,0.910512,0.39547768,0.39547768,0.09278535,0.09278535
P337,202510181600,2510181720,7,C02,,,VALIDATION,IMAGE,True,,saveTime_2510181720__sessionTime_202510181600__participant_P337__trialN_7__trialT_C02__fileType_cropped.png,1,,saveTime_2510181720__sessionTime_202510181600__participant_P337__trialN_7__trialT_C02__fileType_cropped.png,0.0020477124,0.09249244,0.24099079,0.33277625,0.32371005,0.41440973,0.67194647,0.67194647,0.032485124,0.032485124
P337,202510181600,2510181723,8,3,10 Hz,10.0,EXPERIMENTAL,LIGHT,True,,saveTime_2510181723__sessionTime_202510181600__participant_P337__trialN_8__trialT_3__fileType_cropped.png,1,,saveTime_2510181723__sessionTime_202510181600__participant_P337__trialN_8__trialT_3__fileType_cropped.png,0.003141112,0.14187984,0.28910863,0.39922062,0.30354348,0.38859272,0.6879842,0.6879842,0.021565357,0.021565357
P337,202510181600,2510181727,9,4,15 Hz,15.0,EXPERIMENTAL,LIGHT,True,,saveTime_2510181727__sessionTime_202510181600__participant_P337__trialN_9__trialT_4__fileType_cropped.png,1,,saveTime_2510181727__sessionTime_202510181600__participant_P337__trialN_9__trialT_4__fileType_cropped.png,0.013380158,0.60436386,0.23679432,0.32698148,0.31682616,0.40559703,0.6437574,0.6437574,0.05191606,0.05191606
P337,202510181600,2510181730,10,4,15 Hz,15.0,EXPERIMENTAL,LIGHT,True,,saveTime_2510181730__sessionTime_202510181600__participant_P337__trialN_10__trialT_4__fileType_cropped.png,1,,saveTime_2510181730__sessionTime_202510181600__participant_P337__trialN_10__trialT_4__fileType_cropped.png,0.0016519182,0.07461494,0.6167032,0.8515852,0.14888607,0.19060215,0.62398577,0.62398577,0.023910385,0.023910385
P337,202510181600,2510181733,11,A00,,,VALIDATION,IMAGE,True,,saveTime_2510181733__sessionTime_202510181600__participant_P337__trialN_11__trialT_A00__fileType_cropped.png,1,,saveTime_2510181733__sessionTime_202510181600__participant_P337__trialN_11__trialT_A00__fileType_cropped.png,0.00509148,0.22997536,0.7684398,1.0611132,0.017255312,0.022090042,0.17448406,0.17448406,0.10352639,0.10352639
P337,202510181600,2510181745,12,6,40 Hz,40.0,EXPERIMENTAL,LIGHT,True,,saveTime_2510181745__sessionTime_202510181600__participant_P337__trialN_12__trialT_6__fileType_cropped.png,1,,saveTime_2510181745__sessionTime_202510181600__participant_P337__trialN_12__trialT_6__fileType_cropped.png,0.0008868489,0.040057782,0.26413077,0.3647295,0.36933988,0.47282448,0.784802,0.784802,0.02598568,0.02598568
P337,202510181600,2510181749,13,2,5 Hz,5.0,EXPERIMENTAL,LIGHT,True,,saveTime_2510181749__sessionTime_202510181600__participant_P337__trialN_13__trialT_2__fileType_cropped.png,1,,saveTime_2510181749__sessionTime_202510181600__participant_P337__trialN_13__trialT_2__fileType_cropped.png,0.0011935298,0.05391015,0.399918,0.5522336,0.1403455,0.17966862,0.5486889,0.5486889,0.05601729,0.05601729
P337,202510181600,2510181753,14,2,5 Hz,5.0,EXPERIMENTAL,LIGHT,True,,saveTime_2510181753__sessionTime_202510181600__participant_P337__trialN_14__trialT_2__fileType_cropped.png,1,,saveTime_2510181753__sessionTime_202510181600__participant_P337__trialN_14__trialT_2__fileType_cropped.png,0.0008244685,0.037240144,0.4413571,0.6094555,0.14651074,0.18756127,0.60474324,0.60474324,0.04411172,0.04411172
P337,202510181600,2510181756,15,B08,,,VALIDATION,IMAGE,True,,saveTime_2510181756__sessionTime_202510181600__participant_P337__trialN_15__trialT_B08__fileType_cropped.png,1,,saveTime_2510181756__sessionTime_202510181600__participant_P337__trialN_15__trialT_B08__fileType_cropped.png,0.023040816,1.040723,0.6044921,0.8347233,0.06029905,0.07719412,0.18911506,0.18911506,0.10424369,0.10424369
P337,202510181600,2510181800,16,6,40 Hz,40.0,EXPERIMENTAL,LIGHT,True,,saveTime_2510181800__sessionTime_202510181600__participant_P337__trialN_16__trialT_6__fileType_cropped.png,1,,saveTime_2510181800__sessionTime_202510181600__participant_P337__trialN_16__trialT_6__fileType_cropped.png,0.0021482955,0.09703565,0.22860253,0.31566972,0.3707969,0.47468972,0.653398,0.653398,0.044597205,0.044597205
P337,202510181600,2510181803,17,5,20 Hz,20.0,EXPERIMENTAL,LIGHT,True,,saveTime_2510181803__sessionTime_202510181600__participant_P337__trialN_17__trialT_5__fileType_cropped.png,1,,saveTime_2510181803__sessionTime_202510181600__participant_P337__trialN_17__trialT_5__fileType_cropped.png,0.0013652195,0.061665144,0.49306616,0.68085885,0.13268535,0.16986218,0.68561476,0.68561476,0.028855393,0.028855393
P338,202510181600,2510181652,2,5,20 Hz,20.0,EXPERIMENTAL,LIGHT,True,,saveTime_2510181652__sessionTime_202510181600__participant_P338__trialN_2__trialT_5__fileType_cropped.png,1,,saveTime_2510181652__sessionTime_202510181600__participant_P338__trialN_2__trialT_5__fileType_cropped.png,0.0007309669,0.0330168,0.16815865,0.23220475,0.45616633,0.58397865,0.84628177,0.84628177,0.062251247,0.062251247
P338,202510181600,2510181656,3,1,2.5 Hz,2.5,EXPERIMENTAL,LIGHT,True,,saveTime_2510181656__sessionTime_202510181600__participant_P338__trialN_3__trialT_1__fileType_cropped.png,1,,saveTime_2510181656__sessionTime_202510181600__participant_P338__trialN_3__trialT_1__fileType_cropped.png,0.0010614718,0.047945265,0.01873909,0.025876192,0.7949903,1.017737,0.6711382,0.6711382,0.26623937,0.26623937
P338,202510181600,2510181659,4,3,10 Hz,10.0,EXPERIMENTAL,LIGHT,True,,saveTime_2510181659__sessionTime_202510181600__participant_P338__trialN_4__trialT_3__fileType_cropped.png,1,,saveTime_2510181659__sessionTime_202510181600__participant_P338__trialN_4__trialT_3__fileType_cropped.png,0.0026535455,0.11985711,0.029590007,0.040859867,0.5804401,0.74307245,0.9588094,0.9588094,0.0758109,0.0758109
P338,202510181600,2510181702,5,7,80 Hz,80.0,CONTROL,LIGHT,True,,saveTime_2510181702__sessionTime_202510181600__participant_P338__trialN_5__trialT_7__fileType_cropped.png,1,,saveTime_2510181702__sessionTime_202510181600__participant_P338__trialN_5__trialT_7__fileType_cropped.png,0.0,0.0,0.0,0.0,0.0,0.0,0.98431385,0.98431385,1.1920929e-07,1.1920929e-07
P338,202510181600,2510181715,6,1,2.5 Hz,2.5,EXPERIMENTAL,LIGHT,True,,saveTime_2510181715__sessionTime_202510181600__participant_P338__trialN_6__trialT_1__fileType_cropped.png,1,,saveTime_2510181715__sessionTime_202510181600__participant_P338__trialN_6__trialT_1__fileType_cropped.png,0.0014798014,0.066840656,0.01671382,0.023079565,0.6160873,0.78870755,0.60194767,0.60194767,0.21289602,0.21289602
P338,202510181600,2510181718,7,C13,,,VALIDATION,IMAGE,True,,saveTime_2510181718__sessionTime_202510181600__participant_P338__trialN_7__trialT_C13__fileType_cropped.png,1,,saveTime_2510181718__sessionTime_202510181600__participant_P338__trialN_7__trialT_C13__fileType_cropped.png,0.0071337554,0.32222223,0.31884426,0.44028154,0.37598005,0.48132512,0.31155086,0.31155086,0.11213489,0.11213489
P338,202510181600,2510181723,8,3,10 Hz,10.0,EXPERIMENTAL,LIGHT,True,,saveTime_2510181723__sessionTime_202510181600__participant_P338__trialN_8__trialT_3__fileType_cropped.png,1,,saveTime_2510181723__sessionTime_202510181600__participant_P338__trialN_8__trialT_3__fileType_cropped.png,0.00660257,0.29822928,0.24767116,0.34200096,0.31238544,0.3999121,0.80932903,0.80932903,0.29865223,0.29865223
P338,202510181600,2510181726,9,4,15 Hz,15.0,EXPERIMENTAL,LIGHT,True,,saveTime_2510181726__sessionTime_202510181600__participant_P338__trialN_9__trialT_4__fileType_cropped.png,1,,saveTime_2510181726__sessionTime_202510181600__participant_P338__trialN_9__trialT_4__fileType_cropped.png,0.0012959809,0.05853773,0.23541349,0.32507476,0.38190857,0.48891476,0.9116689,0.9116689,0.11424211,0.11424211
P338,202510181600,2510181730,10,4,15 Hz,15.0,EXPERIMENTAL,LIGHT,True,,saveTime_2510181730__sessionTime_202510181600__participant_P338__trialN_10__trialT_4__fileType_cropped.png,1,,saveTime_2510181730__sessionTime_202510181600__participant_P338__trialN_10__trialT_4__fileType_cropped.png,0.0010650152,0.048105318,0.8346527,1.1525445,0.027147898,0.034754414,0.9268745,0.9268745,0.123714104,0.123714104
P338,202510181600,2510181734,11,A12,,,VALIDATION,IMAGE,True,,saveTime_2510181734__sessionTime_202510181600__participant_P338__trialN_11__trialT_A12__fileType_cropped.png,1,,saveTime_2510181734__sessionTime_202510181600__participant_P338__trialN_11__trialT_A12__fileType_cropped.png,0.003357764,0.15166573,0.3475406,0.47990736,0.19493575,0.24955441,0.7348303,0.7348303,0.28854057,0.28854057
P338,202510181600,2510181743,12,6,40 Hz,40.0,EXPERIMENTAL,LIGHT,True,,saveTime_2510181743__sessionTime_202510181600__participant_P338__trialN_12__trialT_6__fileType_cropped.png,1,,saveTime_2510181743__sessionTime_202510181600__participant_P338__trialN_12__trialT_6__fileType_cropped.png,0.0010181831,0.04598997,0.0852416,0.11770733,0.47198868,0.6042342,0.88030064,0.88030064,0.13177204,0.13177204
P338,202510181600,2510181748,13,2,5 Hz,5.0,EXPERIMENTAL,LIGHT,True,,saveTime_2510181748__sessionTime_202510181600__participant_P338__trialN_13__trialT_2__fileType_cropped.png,1,,saveTime_2510181748__sessionTime_202510181600__participant_P338__trialN_13__trialT_2__fileType_cropped.png,0.012009827,0.5424679,0.28434432,0.39264172,0.27277339,0.3492012,0.9670245,0.9670245,0.12977475,0.12977475
P338,202510181600,2510181753,14,2,5 Hz,5.0,EXPERIMENTAL,LIGHT,True,,saveTime_2510181753__sessionTime_202510181600__participant_P338__trialN_14__trialT_2__fileType_cropped.png,1,,saveTime_2510181753__sessionTime_202510181600__participant_P338__trialN_14__trialT_2__fileType_cropped.png,0.009461345,0.42735633,0.2244169,0.3098899,0.3502321,0.44836292,0.8751038,0.8751038,0.17619225,0.17619225
P338,202510181600,2510181755,15,B05,,,VALIDATION,IMAGE,True,,saveTime_2510181755__sessionTime_202510181600__participant_P338__trialN_15__trialT_B05__fileType_cropped.png,1,,saveTime_2510181755__sessionTime_202510181600__participant_P338__trialN_15__trialT_B05__fileType_cropped.png,0.0055954894,0.2527408,0.011798498,0.016292159,0.8289482,1.0612096,0.0716079,0.0716079,0.12728381,0.12728381
P338,202510181600,2510181800,16,6,40 Hz,40.0,EXPERIMENTAL,LIGHT,True,,saveTime_2510181800__sessionTime_202510181600__participant_P338__trialN_16__trialT_6__fileType_cropped.png,1,,saveTime_2510181800__sessionTime_202510181600__participant_P338__trialN_16__trialT_6__fileType_cropped.png,0.004925114,0.22246084,0.27820587,0.38416535,0.2976216,0.3810116,0.85252774,0.85252774,0.16458206,0.16458206
P338,202510181600,2510181802,17,5,20 Hz,20.0,EXPERIMENTAL,LIGHT,True,,saveTime_2510181802__sessionTime_202510181600__participant_P338__trialN_17__trialT_5__fileType_cropped.png,1,,saveTime_2510181802__sessionTime_202510181600__participant_P338__trialN_17__trialT_5__fileType_cropped.png,0.0023803203,0.107515894,0.3015305,0.41637358,0.28327498,0.3626452,0.9640035,0.9640035,0.070542894,0.070542894
P339,202510240920,2510241023,2,4,15 Hz,15.0,EXPERIMENTAL,LIGHT,True,,saveTime_2510241023__sessionTime_202510240920__participant_P339__trialN_2__trialT_4__fileType_cropped.png,1,,saveTime_2510241023__sessionTime_202510240920__participant_P339__trialN_2__trialT_4__fileType_cropped.png,0.023280255,1.0515381,0.5306613,0.7327727,0.14561668,0.18641672,0.93500525,0.93500525,0.06575056,0.06575056
P339,202510240920,2510241027,3,4,15 Hz,15.0,EXPERIMENTAL,LIGHT,True,,saveTime_2510241027__sessionTime_202510240920__participant_P339__trialN_3__trialT_4__fileType_cropped.png,1,,saveTime_2510241027__sessionTime_202510240920__participant_P339__trialN_3__trialT_4__fileType_cropped.png,0.023193063,1.0475998,0.14582239,0.20136134,0.40457964,0.51793796,0.91001225,0.91001225,0.052121796,0.052121796
P339,202510240920,2510241031,4,C02,,,VALIDATION,IMAGE,True,,saveTime_2510241031__sessionTime_202510240920__participant_P339__trialN_4__trialT_C02__fileType_cropped.png,1,,saveTime_2510241031__sessionTime_202510240920__participant_P339__trialN_4__trialT_C02__fileType_cropped.png,0.0058158007,0.26269197,0.26973823,0.37247264,0.29279608,0.374834,0.86688036,0.86688036,0.028019961,0.028019961
P339,202510240920,2510241035,5,B06,,,VALIDATION,IMAGE,True,,saveTime_2510241035__sessionTime_202510240920__participant_P339__trialN_5__trialT_B06__fileType_cropped.png,1,,saveTime_2510241035__sessionTime_202510240920__participant_P339__trialN_5__trialT_B06__fileType_cropped.png,0.003868256,0.17472397,0.29384795,0.40576497,0.27763382,0.35542348,0.5515839,0.5515839,0.17808647,0.17808647
P339,202510240920,2510241045,6,5,20 Hz,20.0,EXPERIMENTAL,LIGHT,True,,saveTime_2510241045__sessionTime_202510240920__participant_P339__trialN_6__trialT_5__fileType_cropped.png,1,,saveTime_2510241045__sessionTime_202510240920__participant_P339__trialN_6__trialT_5__fileType_cropped.png,0.017597843,0.7948711,0.21004297,0.29004142,0.41926655,0.53674,0.96632296,0.96632296,0.013361819,0.013361819
P339,202510240920,2510241049,7,2,5 Hz,5.0,EXPERIMENTAL,LIGHT,True,,saveTime_2510241049__sessionTime_202510240920__participant_P339__trialN_7__trialT_2__fileType_cropped.png,1,,saveTime_2510241049__sessionTime_202510240920__participant_P339__trialN_7__trialT_2__fileType_cropped.png,0.013400623,0.60528827,0.25628102,0.35389003,0.33624682,0.43045914,0.9239786,0.9239786,0.09469707,0.09469707
P339,202510240920,2510241053,8,6,40 Hz,40.0,EXPERIMENTAL,LIGHT,True,,saveTime_2510241053__sessionTime_202510240920__participant_P339__trialN_8__trialT_6__fileType_cropped.png,1,,saveTime_2510241053__sessionTime_202510240920__participant_P339__trialN_8__trialT_6__fileType_cropped.png,0.015562382,0.702932,0.30391225,0.41966245,0.27817637,0.35611802,0.940538,0.940538,0.030311713,0.030311713
P339,202510240920,2510241056,9,6,40 Hz,40.0,EXPERIMENTAL,LIGHT,True,,saveTime_2510241056__sessionTime_202510240920__participant_P339__trialN_9__trialT_6__fileType_cropped.png,1,,saveTime_2510241056__sessionTime_202510240920__participant_P339__trialN_9__trialT_6__fileType_cropped.png,0.029037844,1.3116007,0.298728,0.41250366,0.27791134,0.35577875,0.9113709,0.9113709,0.09586149,0.09586149
P339,202510240920,2510241101,10,3,10 Hz,10.0,EXPERIMENTAL,LIGHT,True,,saveTime_2510241101__sessionTime_202510240920__participant_P339__trialN_10__trialT_3__fileType_cropped.png,1,,saveTime_2510241101__sessionTime_202510240920__participant_P339__trialN_10__trialT_3__fileType_cropped.png,0.015462897,0.6984384,0.74418277,1.0276176,0.077134095,0.09874614,0.95639735,0.95639735,0.02858086,0.02858086
P339,202510240920,2510241105,11,5,20 Hz,20.0,EXPERIMENTAL,LIGHT,True,,saveTime_2510241105__sessionTime_202510240920__participant_P339__trialN_11__trialT_5__fileType_cropped.png,1,,saveTime_2510241105__sessionTime_202510240920__participant_P339__trialN_11__trialT_5__fileType_cropped.png,0.0040639583,0.18356358,0.32910067,0.4544443,0.26822367,0.34337673,0.9108189,0.9108189,0.028128661,0.028128661
P339,202510240920,2510241115,12,A04,,,VALIDATION,IMAGE,True,,saveTime_2510241115__sessionTime_202510240920__participant_P339__trialN_12__trialT_A04__fileType_cropped.png,1,,saveTime_2510241115__sessionTime_202510240920__participant_P339__trialN_12__trialT_A04__fileType_cropped.png,0.013462101,0.6080652,0.50502145,0.69736755,0.11985985,0.15344314,0.15559484,0.15559484,0.022224354,0.022224354
P339,202510240920,2510241118,13,3,10 Hz,10.0,EXPERIMENTAL,LIGHT,True,,saveTime_2510241118__sessionTime_202510240920__participant_P339__trialN_13__trialT_3__fileType_cropped.png,1,,saveTime_2510241118__sessionTime_202510240920__participant_P339__trialN_13__trialT_3__fileType_cropped.png,0.019002456,0.8583156,0.4168095,0.57555854,0.17612375,0.22547151,0.9515031,0.9515031,0.037625626,0.037625626
P339,202510240920,2510241122,14,1,2.5 Hz,2.5,EXPERIMENTAL,LIGHT,True,,saveTime_2510241122__sessionTime_202510240920__participant_P339__trialN_14__trialT_1__fileType_cropped.png,1,,saveTime_2510241122__sessionTime_202510240920__participant_P339__trialN_14__trialT_1__fileType_cropped.png,0.00025022522,0.01130234,0.0011173933,0.0015429716,0.9582455,1.2267344,0.61402476,0.61402476,0.37910137,0.37910137
P339,202510240920,2510241125,15,7,80 Hz,80.0,CONTROL,LIGHT,True,,saveTime_2510241125__sessionTime_202510240920__participant_P339__trialN_15__trialT_7__fileType_cropped.png,1,,saveTime_2510241125__sessionTime_202510240920__participant_P339__trialN_15__trialT_7__fileType_cropped.png,0.00073634856,0.033259884,0.018547667,0.025611864,0.7668597,0.98172456,0.9775756,0.9775756,0.035361577,0.035361577
P339,202510240920,2510241129,16,2,5 Hz,5.0,EXPERIMENTAL,LIGHT,True,,saveTime_2510241129__sessionTime_202510240920__participant_P339__trialN_16__trialT_2__fileType_cropped.png,1,,saveTime_2510241129__sessionTime_202510240920__participant_P339__trialN_16__trialT_2__fileType_cropped.png,0.013707908,0.6191679,0.72875553,1.0063145,0.026481792,0.033901673,0.9445271,0.9445271,0.08381411,0.08381411
P339,202510240920,2510241132,17,1,2.5 Hz,2.5,EXPERIMENTAL,LIGHT,True,,saveTime_2510241132__sessionTime_202510240920__participant_P339__trialN_17__trialT_1__fileType_cropped.png,1,,saveTime_2510241132__sessionTime_202510240920__participant_P339__trialN_17__trialT_1__fileType_cropped.png,0.00033725062,0.015233161,0.012395543,0.017116599,0.87048376,1.1143829,0.8605175,0.8605175,0.061872274,0.061872274
P340,202510240920,2510241023,2,4,15 Hz,15.0,EXPERIMENTAL,LIGHT,True,,saveTime_2510241023__sessionTime_202510240920__participant_P340__trialN_2__trialT_4__fileType_cropped.png,1,,saveTime_2510241023__sessionTime_202510240920__participant_P340__trialN_2__trialT_4__fileType_cropped.png,0.0014467154,0.06534621,0.014547123,0.020087643,0.6862425,0.8785194,0.914755,0.914755,0.08694048,0.08694048
P340,202510240920,2510241027,3,4,15 Hz,15.0,EXPERIMENTAL,LIGHT,True,,saveTime_2510241027__sessionTime_202510240920__participant_P340__trialN_3__trialT_4__fileType_cropped.png,1,,saveTime_2510241027__sessionTime_202510240920__participant_P340__trialN_3__trialT_4__fileType_cropped.png,0.0007821321,0.035327863,0.32665572,0.45106813,0.2103035,0.269228,0.90500474,0.90500474,0.036355503,0.036355503
P340,202510240920,2510241031,4,C00,,,VALIDATION,IMAGE,True,,saveTime_2510241031__sessionTime_202510240920__participant_P340__trialN_4__trialT_C00__fileType_cropped.png,1,,saveTime_2510241031__sessionTime_202510240920__participant_P340__trialN_4__trialT_C00__fileType_cropped.png,0.02176931,0.9832907,0.78622127,1.0856671,0.117301315,0.15016773,0.64220977,0.64220977,0.18631096,0.18631096
P340,202510240920,2510241034,5,B09,,,VALIDATION,IMAGE,True,,saveTime_2510241034__sessionTime_202510240920__participant_P340__trialN_5__trialT_B09__fileType_cropped.png,1,,saveTime_2510241034__sessionTime_202510240920__participant_P340__trialN_5__trialT_B09__fileType_cropped.png,0.024494128,1.1063671,0.0130876675,0.01807233,0.78002465,0.9985782,0.3303145,0.3303145,0.17925197,0.17925197
P340,202510240920,2510241044,6,5,20 Hz,20.0,EXPERIMENTAL,LIGHT,True,,saveTime_2510241044__sessionTime_202510240920__participant_P340__trialN_6__trialT_5__fileType_cropped.png,1,,saveTime_2510241044__sessionTime_202510240920__participant_P340__trialN_6__trialT_5__fileType_cropped.png,0.0010588701,0.04782775,0.23335597,0.3222336,0.23608619,0.3022347,0.6146554,0.6146554,0.100755945,0.100755945
P340,202510240920,2510241048,7,2,5 Hz,5.0,EXPERIMENTAL,LIGHT,True,,saveTime_2510241048__sessionTime_202510240920__participant_P340__trialN_7__trialT_2__fileType_cropped.png,1,,saveTime_2510241048__sessionTime_202510240920__participant_P340__trialN_7__trialT_2__fileType_cropped.png,0.0015916609,0.0718932,0.8653916,1.1949909,0.005423596,0.0069432226,0.5703966,0.5703966,0.43328997,0.43328997
P340,202510240920,2510241052,8,6,40 Hz,40.0,EXPERIMENTAL,LIGHT,True,,saveTime_2510241052__sessionTime_202510240920__participant_P340__trialN_8__trialT_6__fileType_cropped.png,1,,saveTime_2510241052__sessionTime_202510240920__participant_P340__trialN_8__trialT_6__fileType_cropped.png,0.0009210383,0.041602075,0.8046228,1.1110772,0.012416009,0.015894825,0.8739031,0.8739031,0.10632133,0.10632133
P340,202510240920,2510241056,9,6,40 Hz,40.0,EXPERIMENTAL,LIGHT,True,,saveTime_2510241056__sessionTime_202510240920__participant_P340__trialN_9__trialT_6__fileType_cropped.png,1,,saveTime_2510241056__sessionTime_202510240920__participant_P340__trialN_9__trialT_6__fileType_cropped.png,0.0056728623,0.25623563,0.26963043,0.3723238,0.29332688,0.37551355,0.90530765,0.90530765,0.057742678,0.057742678
P340,202510240920,2510241100,10,3,10 Hz,10.0,EXPERIMENTAL,LIGHT,True,,saveTime_2510241100__sessionTime_202510240920__participant_P340__trialN_10__trialT_3__fileType_cropped.png,1,,saveTime_2510241100__sessionTime_202510240920__participant_P340__trialN_10__trialT_3__fileType_cropped.png,0.0069951997,0.31596383,0.43342674,0.5985047,0.2118777,0.27124327,0.9626998,0.9626998,0.039783537,0.039783537
P340,202510240920,2510241104,11,5,20 Hz,20.0,EXPERIMENTAL,LIGHT,True,,saveTime_2510241104__sessionTime_202510240920__participant_P340__trialN_11__trialT_5__fileType_cropped.png,1,,saveTime_2510241104__sessionTime_202510240920__participant_P340__trialN_11__trialT_5__fileType_cropped.png,0.00048444202,0.0218816,0.86915064,1.2001815,0.013808452,0.017677413,0.65806776,0.65806776,0.34996653,0.34996653
P340,202510240920,2510241114,12,A08,,,VALIDATION,IMAGE,True,,saveTime_2510241114__sessionTime_202510240920__participant_P340__trialN_12__trialT_A08__fileType_cropped.png,1,,saveTime_2510241114__sessionTime_202510240920__participant_P340__trialN_12__trialT_A08__fileType_cropped.png,0.0057478976,0.25962487,0.28179407,0.38912016,0.3170017,0.40582177,0.6592119,0.6592119,0.22178781,0.22178781
P340,202510240920,2510241117,13,3,10 Hz,10.0,EXPERIMENTAL,LIGHT,True,,saveTime_2510241117__sessionTime_202510240920__participant_P340__trialN_13__trialT_3__fileType_cropped.png,1,,saveTime_2510241117__sessionTime_202510240920__participant_P340__trialN_13__trialT_3__fileType_cropped.png,0.0012812576,0.057872698,0.0109205805,0.015079871,0.87713313,1.1228952,0.717204,0.717204,0.1392099,0.1392099
P340,202510240920,2510241122,14,1,2.5 Hz,2.5,EXPERIMENTAL,LIGHT,True,,saveTime_2510241122__sessionTime_202510240920__participant_P340__trialN_14__trialT_1__fileType_cropped.png,1,,saveTime_2510241122__sessionTime_202510240920__participant_P340__trialN_14__trialT_1__fileType_cropped.png,0.0005568184,0.025150744,0.7986745,1.1028634,0.014272496,0.018271478,0.96193665,0.96193665,0.04345773,0.04345773
P340,202510240920,2510241125,15,7,80 Hz,80.0,CONTROL,LIGHT,True,,saveTime_2510241125__sessionTime_202510240920__participant_P340__trialN_15__trialT_7__fileType_cropped.png,1,,saveTime_2510241125__sessionTime_202510240920__participant_P340__trialN_15__trialT_7__fileType_cropped.png,0.0019726446,0.089101724,0.0034591656,0.004776648,0.8031212,1.0281461,0.9934684,0.9934684,0.014584186,0.014584186
P340,202510240920,2510241129,16,2,5 Hz,5.0,EXPERIMENTAL,LIGHT,True,,saveTime_2510241129__sessionTime_202510240920__participant_P340__trialN_16__trialT_2__fileType_cropped.png,1,,saveTime_2510241129__sessionTime_202510240920__participant_P340__trialN_16__trialT_2__fileType_cropped.png,0.0034067575,0.15387869,0.86486363,1.1942618,0.012096043,0.0154852085,0.921968,0.921968,0.03810088,0.03810088
P340,202510240920,2510241132,17,1,2.5 Hz,2.5,EXPERIMENTAL,LIGHT,True,,saveTime_2510241132__sessionTime_202510240920__participant_P340__trialN_17__trialT_1__fileType_cropped.png,1,,saveTime_2510241132__sessionTime_202510240920__participant_P340__trialN_17__trialT_1__fileType_cropped.png,0.00043110602,0.019472484,0.84393984,1.1653688,0.017747132,0.022719664,0.9464143,0.9464143,0.07278157,0.07278157
P341,202510240920,2510241023,2,4,15 Hz,15.0,EXPERIMENTAL,LIGHT,True,,saveTime_2510241023__sessionTime_202510240920__participant_P341__trialN_2__trialT_4__fileType_cropped.png,1,,saveTime_2510241023__sessionTime_202510240920__participant_P341__trialN_2__trialT_4__fileType_cropped.png,0.018916743,0.854444,0.2885985,0.39851618,0.29738513,0.38070887,0.5924415,0.5924415,0.26154998,0.26154998
P341,202510240920,2510241026,3,4,15 Hz,15.0,EXPERIMENTAL,LIGHT,True,,saveTime_2510241026__sessionTime_202510240920__participant_P341__trialN_3__trialT_4__fileType_cropped.png,1,,saveTime_2510241026__sessionTime_202510240920__participant_P341__trialN_3__trialT_4__fileType_cropped.png,0.0055249473,0.2495545,0.16960369,0.23420016,0.41248727,0.5280612,0.35230303,0.35230303,0.25886065,0.25886065
P341,202510240920,2510241030,4,C06,,,VALIDATION,IMAGE,True,,saveTime_2510241030__sessionTime_202510240920__participant_P341__trialN_4__trialT_C06__fileType_cropped.png,1,,saveTime_2510241030__sessionTime_202510240920__participant_P341__trialN_4__trialT_C06__fileType_cropped.png,0.030228944,1.3654011,0.006390552,0.008824503,0.8445493,1.0811819,0.4225327,0.4225327,0.19161879,0.19161879
P341,202510240920,2510241034,5,B13,,,VALIDATION,IMAGE,True,,saveTime_2510241034__sessionTime_202510240920__participant_P341__trialN_5__trialT_B13__fileType_cropped.png,1,,saveTime_2510241034__sessionTime_202510240920__participant_P341__trialN_5__trialT_B13__fileType_cropped.png,0.031174058,1.4080906,0.25060305,0.34604952,0.36173683,0.46309114,0.43300575,0.43300575,0.31219617,0.31219617
P341,202510240920,2510241043,6,5,20 Hz,20.0,EXPERIMENTAL,LIGHT,True,,saveTime_2510241043__sessionTime_202510240920__participant_P341__trialN_6__trialT_5__fileType_cropped.png,1,,saveTime_2510241043__sessionTime_202510240920__participant_P341__trialN_6__trialT_5__fileType_cropped.png,0.020442907,0.9233788,0.31697735,0.4377036,0.24673651,0.31586912,0.5800059,0.5800059,0.2194207,0.2194207
P341,202510240920,2510241048,7,2,5 Hz,5.0,EXPERIMENTAL,LIGHT,True,,saveTime_2510241048__sessionTime_202510240920__participant_P341__trialN_7__trialT_2__fileType_cropped.png,1,,saveTime_2510241048__sessionTime_202510240920__participant_P341__trialN_7__trialT_2__fileType_cropped.png,0.0064124865,0.28964347,0.2749687,0.37969527,0.29483512,0.3774444,0.32244262,0.32244262,0.23398896,0.23398896
P341,202510240920,2510241052,8,6,40 Hz,40.0,EXPERIMENTAL,LIGHT,True,,saveTime_2510241052__sessionTime_202510240920__participant_P341__trialN_8__trialT_6__fileType_cropped.png,1,,saveTime_2510241052__sessionTime_202510240920__participant_P341__trialN_8__trialT_6__fileType_cropped.png,0.019782577,0.8935526,0.26465312,0.3654508,0.35372066,0.45282894,0.6210439,0.6210439,0.26038367,0.26038367
P341,202510240920,2510241056,9,6,40 Hz,40.0,EXPERIMENTAL,LIGHT,True,,saveTime_2510241056__sessionTime_202510240920__participant_P341__trialN_9__trialT_6__fileType_cropped.png,1,,saveTime_2510241056__sessionTime_202510240920__participant_P341__trialN_9__trialT_6__fileType_cropped.png,0.011157125,0.50395244,0.21215601,0.29295927,0.3626865,0.46430692,0.74300456,0.74300456,0.21934822,0.21934822
P341,202510240920,2510241059,10,3,10 Hz,10.0,EXPERIMENTAL,LIGHT,True,,saveTime_2510241059__sessionTime_202510240920__participant_P341__trialN_10__trialT_3__fileType_cropped.png,1,,saveTime_2510241059__sessionTime_202510240920__participant_P341__trialN_10__trialT_3__fileType_cropped.png,0.00918042,0.41466734,0.2317978,0.32008195,0.24780376,0.31723538,0.7577709,0.7577709,0.20923643,0.20923643
P341,202510240920,2510241104,11,5,20 Hz,20.0,EXPERIMENTAL,LIGHT,True,,saveTime_2510241104__sessionTime_202510240920__participant_P341__trialN_11__trialT_5__fileType_cropped.png,1,,saveTime_2510241104__sessionTime_202510240920__participant_P341__trialN_11__trialT_5__fileType_cropped.png,0.011241612,0.50776863,0.26497477,0.36589494,0.33737957,0.43190926,0.45336974,0.45336974,0.21952263,0.21952263
P341,202510240920,2510241113,12,A08,,,VALIDATION,IMAGE,True,,saveTime_2510241113__sessionTime_202510240920__participant_P341__trialN_12__trialT_A08__fileType_cropped.png,1,,saveTime_2510241113__sessionTime_202510240920__participant_P341__trialN_12__trialT_A08__fileType_cropped.png,0.009092935,0.41071576,0.33754802,0.46610895,0.2747915,0.3517848,0.515666,0.515666,0.2500447,0.2500447
P341,202510240920,2510241117,13,3,10 Hz,10.0,EXPERIMENTAL,LIGHT,True,,saveTime_2510241117__sessionTime_202510240920__participant_P341__trialN_13__trialT_3__fileType_cropped.png,1,,saveTime_2510241117__sessionTime_202510240920__participant_P341__trialN_13__trialT_3__fileType_cropped.png,0.008665983,0.39143088,0.2824862,0.3900759,0.30367082,0.38875574,0.47442457,0.47442457,0.14616676,0.14616676
P341,202510240920,2510241121,14,1,2.5 Hz,2.5,EXPERIMENTAL,LIGHT,True,,saveTime_2510241121__sessionTime_202510240920__participant_P341__trialN_14__trialT_1__fileType_cropped.png,1,,saveTime_2510241121__sessionTime_202510240920__participant_P341__trialN_14__trialT_1__fileType_cropped.png,0.011001892,0.49694082,0.28002155,0.38667256,0.31966895,0.40923634,0.4569143,0.4569143,0.22180973,0.22180973
P341,202510240920,2510241124,15,7,80 Hz,80.0,CONTROL,LIGHT,True,,saveTime_2510241124__sessionTime_202510240920__participant_P341__trialN_15__trialT_7__fileType_cropped.png,1,,saveTime_2510241124__sessionTime_202510240920__participant_P341__trialN_15__trialT_7__fileType_cropped.png,0.003205,0.14476557,0.41079888,0.56725866,0.16839376,0.21557567,0.8182777,0.8182777,0.14591374,0.14591374
P341,202510240920,2510241128,16,2,5 Hz,5.0,EXPERIMENTAL,LIGHT,True,,saveTime_2510241128__sessionTime_202510240920__participant_P341__trialN_16__trialT_2__fileType_cropped.png,1,,saveTime_2510241128__sessionTime_202510240920__participant_P341__trialN_16__trialT_2__fileType_cropped.png,0.007991417,0.36096168,0.3301591,0.45590585,0.26003134,0.332889,0.56254387,0.56254387,0.22608618,0.22608618
P341,202510240920,2510241132,17,1,2.5 Hz,2.5,EXPERIMENTAL,LIGHT,True,,saveTime_2510241132__sessionTime_202510240920__participant_P341__trialN_17__trialT_1__fileType_cropped.png,1,,saveTime_2510241132__sessionTime_202510240920__participant_P341__trialN_17__trialT_1__fileType_cropped.png,0.0031598345,0.14272551,0.2266061,0.3129129,0.3470474,0.4442859,0.5215075,0.5215075,0.4966775,0.4966775
P342,202510240920,2510241023,2,4,15 Hz,15.0,EXPERIMENTAL,LIGHT,True,,saveTime_2510241023__sessionTime_202510240920__participant_P342__trialN_2__trialT_4__fileType_cropped.png,1,,saveTime_2510241023__sessionTime_202510240920__participant_P342__trialN_2__trialT_4__fileType_cropped.png,0.0013613227,0.06148913,0.4508457,0.622558,0.31618124,0.40477142,0.6211794,0.6211794,0.25779718,0.25779718
P342,202510240920,2510241027,3,4,15 Hz,15.0,EXPERIMENTAL,LIGHT,True,,saveTime_2510241027__sessionTime_202510240920__participant_P342__trialN_3__trialT_4__fileType_cropped.png,1,,saveTime_2510241027__sessionTime_202510240920__participant_P342__trialN_3__trialT_4__fileType_cropped.png,0.006433129,0.29057586,0.2610041,0.36041197,0.24699107,0.31619498,0.89153063,0.89153063,0.20237799,0.20237799
P342,202510240920,2510241031,4,C08,,,VALIDATION,IMAGE,True,,saveTime_2510241031__sessionTime_202510240920__participant_P342__trialN_4__trialT_C08__fileType_cropped.png,1,,saveTime_2510241031__sessionTime_202510240920__participant_P342__trialN_4__trialT_C08__fileType_cropped.png,0.019343426,0.8737168,0.31794542,0.4390404,0.2505624,0.32076696,0.7070786,0.7070786,0.37170902,0.37170902
P342,202510240920,2510241035,5,B08,,,VALIDATION,IMAGE,True,,saveTime_2510241035__sessionTime_202510240920__participant_P342__trialN_5__trialT_B08__fileType_cropped.png,1,,saveTime_2510241035__sessionTime_202510240920__participant_P342__trialN_5__trialT_B08__fileType_cropped.png,0.03480193,1.5719568,0.7427335,1.0256163,0.03368907,0.04312834,0.1365566,0.1365566,0.15689375,0.15689375
P342,202510240920,2510241044,6,5,20 Hz,20.0,EXPERIMENTAL,LIGHT,True,,saveTime_2510241044__sessionTime_202510240920__participant_P342__trialN_6__trialT_5__fileType_cropped.png,1,,saveTime_2510241044__sessionTime_202510240920__participant_P342__trialN_6__trialT_5__fileType_cropped.png,0.01763631,0.7966086,0.34831664,0.480979,0.3108093,0.39789435,0.7416351,0.7416351,0.32870567,0.32870567
P342,202510240920,2510241049,7,2,5 Hz,5.0,EXPERIMENTAL,LIGHT,True,,saveTime_2510241049__sessionTime_202510240920__participant_P342__trialN_7__trialT_2__fileType_cropped.png,1,,saveTime_2510241049__sessionTime_202510240920__participant_P342__trialN_7__trialT_2__fileType_cropped.png,0.010209939,0.46116936,0.29921955,0.41318244,0.3050715,0.39054886,0.83858395,0.83858395,0.23937115,0.23937115
P342,202510240920,2510241052,8,6,40 Hz,40.0,EXPERIMENTAL,LIGHT,True,,saveTime_2510241052__sessionTime_202510240920__participant_P342__trialN_8__trialT_6__fileType_cropped.png,1,,saveTime_2510241052__sessionTime_202510240920__participant_P342__trialN_8__trialT_6__fileType_cropped.png,0.0017035351,0.07694641,0.009828529,0.013571893,0.7531825,0.96421516,0.7511405,0.7511405,0.16898464,0.16898464
P342,202510240920,2510241056,9,6,40 Hz,40.0,EXPERIMENTAL,LIGHT,True,,saveTime_2510241056__sessionTime_202510240920__participant_P342__trialN_9__trialT_6__fileType_cropped.png,1,,saveTime_2510241056__sessionTime_202510240920__participant_P342__trialN_9__trialT_6__fileType_cropped.png,0.013232072,0.597675,0.7885793,1.0889232,0.019412158,0.02485121,0.85528785,0.85528785,0.25176525,0.25176525
P342,202510240920,2510241059,10,3,10 Hz,10.0,EXPERIMENTAL,LIGHT,True,,saveTime_2510241059__sessionTime_202510240920__participant_P342__trialN_10__trialT_3__fileType_cropped.png,1,,saveTime_2510241059__sessionTime_202510240920__participant_P342__trialN_10__trialT_3__fileType_cropped.png,0.0026843997,0.121250756,0.21175598,0.29240686,0.28640005,0.3666459,0.7729411,0.7729411,0.20612372,0.20612372
P342,202510240920,2510241104,11,5,20 Hz,20.0,EXPERIMENTAL,LIGHT,True,,saveTime_2510241104__sessionTime_202510240920__participant_P342__trialN_11__trialT_5__fileType_cropped.png,1,,saveTime_2510241104__sessionTime_202510240920__participant_P342__trialN_11__trialT_5__fileType_cropped.png,0.0057098554,0.25790656,0.32603088,0.45020533,0.3048353,0.39024648,0.9005993,0.9005993,0.2056456,0.2056456
P342,202510240920,2510241113,12,A10,,,VALIDATION,IMAGE,True,,saveTime_2510241113__sessionTime_202510240920__participant_P342__trialN_12__trialT_A10__fileType_cropped.png,1,,saveTime_2510241113__sessionTime_202510240920__participant_P342__trialN_12__trialT_A10__fileType_cropped.png,0.03612139,1.6315551,0.5589916,0.77189314,0.27860862,0.3566714,0.84050906,0.84050906,0.22757164,0.22757164
P342,202510240920,2510241118,13,3,10 Hz,10.0,EXPERIMENTAL,LIGHT,True,,saveTime_2510241118__sessionTime_202510240920__participant_P342__trialN_13__trialT_3__fileType_cropped.png,1,,saveTime_2510241118__sessionTime_202510240920__participant_P342__trialN_13__trialT_3__fileType_cropped.png,0.0098735215,0.4459738,0.31189227,0.4306818,0.23730464,0.30379453,0.8353065,0.8353065,0.12373522,0.12373522
P342,202510240920,2510241122,14,1,2.5 Hz,2.5,EXPERIMENTAL,LIGHT,True,,saveTime_2510241122__sessionTime_202510240920__participant_P342__trialN_14__trialT_1__fileType_cropped.png,1,,saveTime_2510241122__sessionTime_202510240920__participant_P342__trialN_14__trialT_1__fileType_cropped.png,0.00016692444,0.0075397543,0.0060471995,0.008350379,0.8503181,1.088567,0.9505214,0.9505214,0.17718361,0.17718361
P342,202510240920,2510241124,15,7,80 Hz,80.0,CONTROL,LIGHT,True,,saveTime_2510241124__sessionTime_202510240920__participant_P342__trialN_15__trialT_7__fileType_cropped.png,1,,saveTime_2510241124__sessionTime_202510240920__participant_P342__trialN_15__trialT_7__fileType_cropped.png,0.0,0.0,0.0,0.0,0.0,0.0,1.0,1.0,0.0,0.0
P342,202510240920,2510241128,16,2,5 Hz,5.0,EXPERIMENTAL,LIGHT,True,,saveTime_2510241128__sessionTime_202510240920__participant_P342__trialN_16__trialT_2__fileType_cropped.png,1,,saveTime_2510241128__sessionTime_202510240920__participant_P342__trialN_16__trialT_2__fileType_cropped.png,0.0077946098,0.35207212,0.2653786,0.36645257,0.25321412,0.32416168,0.9349871,0.9349871,0.060361493,0.060361493
P342,202510240920,2510241132,17,1,2.5 Hz,2.5,EXPERIMENTAL,LIGHT,True,,saveTime_2510241132__sessionTime_202510240920__participant_P342__trialN_17__trialT_1__fileType_cropped.png,1,,saveTime_2510241132__sessionTime_202510240920__participant_P342__trialN_17__trialT_1__fileType_cropped.png,0.00041977083,0.018960489,0.3194457,0.44111207,0.28415635,0.36377355,0.9880858,0.9880858,0.02333222,0.02333222
P343,202510240920,2510241023,2,4,15 Hz,15.0,EXPERIMENTAL,LIGHT,True,,saveTime_2510241023__sessionTime_202510240920__participant_P343__trialN_2__trialT_4__fileType_cropped.png,1,,saveTime_2510241023__sessionTime_202510240920__participant_P343__trialN_2__trialT_4__fileType_cropped.png,0.0008766214,0.03959582,0.34621722,0.47807997,0.28467634,0.36443922,0.79817486,0.79817486,0.17477211,0.17477211
P343,202510240920,2510241026,3,4,15 Hz,15.0,EXPERIMENTAL,LIGHT,True,,saveTime_2510241026__sessionTime_202510240920__participant_P343__trialN_3__trialT_4__fileType_cropped.png,1,,saveTime_2510241026__sessionTime_202510240920__participant_P343__trialN_3__trialT_4__fileType_cropped.png,0.0016698305,0.075424016,0.63580686,0.8779648,0.04736056,0.060630422,0.8769868,0.8769868,0.1675079,0.1675079
P343,202510240920,2510241031,4,C14,,,VALIDATION,IMAGE,True,,saveTime_2510241031__sessionTime_202510240920__participant_P343__trialN_4__trialT_C14__fileType_cropped.png,1,,saveTime_2510241031__sessionTime_202510240920__participant_P343__trialN_4__trialT_C14__fileType_cropped.png,0.0059147635,0.267162,0.38683805,0.53417194,0.20127447,0.25766915,0.39175656,0.39175656,0.066974655,0.066974655
P343,202510240920,2510241034,5,B08,,,VALIDATION,IMAGE,True,,saveTime_2510241034__sessionTime_202510240920__participant_P343__trialN_5__trialT_B08__fileType_cropped.png,1,,saveTime_2510241034__sessionTime_202510240920__participant_P343__trialN_5__trialT_B08__fileType_cropped.png,0.01640027,0.7407783,0.6441294,0.8894571,0.023334889,0.029873043,0.11468349,0.11468349,0.1434132,0.1434132
P343,202510240920,2510241044,6,5,20 Hz,20.0,EXPERIMENTAL,LIGHT,True,,saveTime_2510241044__sessionTime_202510240920__participant_P343__trialN_6__trialT_5__fileType_cropped.png,1,,saveTime_2510241044__sessionTime_202510240920__participant_P343__trialN_6__trialT_5__fileType_cropped.png,0.0009108694,0.041142754,0.28501177,0.3935634,0.326326,0.41775864,0.86261463,0.86261463,0.1433331,0.1433331
P343,202510240920,2510241048,7,2,5 Hz,5.0,EXPERIMENTAL,LIGHT,True,,saveTime_2510241048__sessionTime_202510240920__participant_P343__trialN_7__trialT_2__fileType_cropped.png,1,,saveTime_2510241048__sessionTime_202510240920__participant_P343__trialN_7__trialT_2__fileType_cropped.png,0.0015880645,0.071730755,0.87198186,1.2040911,0.022327747,0.028583713,0.72679985,0.72679985,0.26949006,0.26949006
P343,202510240920,2510241052,8,6,40 Hz,40.0,EXPERIMENTAL,LIGHT,True,,saveTime_2510241052__sessionTime_202510240920__participant_P343__trialN_8__trialT_6__fileType_cropped.png,1,,saveTime_2510241052__sessionTime_202510240920__participant_P343__trialN_8__trialT_6__fileType_cropped.png,0.00068011397,0.03071984,0.15056571,0.20791124,0.53136444,0.68024635,0.9413677,0.9413677,0.13004577,0.13004577
P343,202510240920,2510241056,9,6,40 Hz,40.0,EXPERIMENTAL,LIGHT,True,,saveTime_2510241056__sessionTime_202510240920__participant_P343__trialN_9__trialT_6__fileType_cropped.png,1,,saveTime_2510241056__sessionTime_202510240920__participant_P343__trialN_9__trialT_6__fileType_cropped.png,0.0012497496,0.05644952,0.22139634,0.30571893,0.39429262,0.50476867,0.9595477,0.9595477,0.039300222,0.039300222
P343,202510240920,2510241100,10,3,10 Hz,10.0,EXPERIMENTAL,LIGHT,True,,saveTime_2510241100__sessionTime_202510240920__participant_P343__trialN_10__trialT_3__fileType_cropped.png,1,,saveTime_2510241100__sessionTime_202510240920__participant_P343__trialN_10__trialT_3__fileType_cropped.png,0.0005353033,0.024178937,0.5368826,0.7413635,0.13466841,0.17240088,0.83318806,0.83318806,0.15901431,0.15901431
P343,202510240920,2510241104,11,5,20 Hz,20.0,EXPERIMENTAL,LIGHT,True,,saveTime_2510241104__sessionTime_202510240920__participant_P343__trialN_11__trialT_5__fileType_cropped.png,1,,saveTime_2510241104__sessionTime_202510240920__participant_P343__trialN_11__trialT_5__fileType_cropped.png,0.0017791169,0.08036034,0.2768781,0.38233185,0.2858592,0.3659535,0.96707577,0.96707577,0.088943765,0.088943765
P343,202510240920,2510241112,12,A14,,,VALIDATION,IMAGE,True,,saveTime_2510241112__sessionTime_202510240920__participant_P343__trialN_12__trialT_A14__fileType_cropped.png,1,,saveTime_2510241112__sessionTime_202510240920__participant_P343__trialN_12__trialT_A14__fileType_cropped.png,0.00030564025,0.013805362,0.08898074,0.12287058,0.23456801,0.30029115,0.632587,0.632587,0.01755008,0.01755008
P343,202510240920,2510241117,13,3,10 Hz,10.0,EXPERIMENTAL,LIGHT,True,,saveTime_2510241117__sessionTime_202510240920__participant_P343__trialN_13__trialT_3__fileType_cropped.png,1,,saveTime_2510241117__sessionTime_202510240920__participant_P343__trialN_13__trialT_3__fileType_cropped.png,0.0028719814,0.12972356,0.34242362,0.47284153,0.30237937,0.38710243,0.292598,0.292598,0.018465804,0.018465804
P343,202510240920,2510241121,14,1,2.5 Hz,2.5,EXPERIMENTAL,LIGHT,True,,saveTime_2510241121__sessionTime_202510240920__participant_P343__trialN_14__trialT_1__fileType_cropped.png,1,,saveTime_2510241121__sessionTime_202510240920__participant_P343__trialN_14__trialT_1__fileType_cropped.png,0.0006312624,0.02851328,0.7635759,1.0543969,0.02614783,0.033474136,0.859564,0.859564,0.19564062,0.19564062
P343,202510240920,2510241125,15,7,80 Hz,80.0,CONTROL,LIGHT,True,,saveTime_2510241125__sessionTime_202510240920__participant_P343__trialN_15__trialT_7__fileType_cropped.png,1,,saveTime_2510241125__sessionTime_202510240920__participant_P343__trialN_15__trialT_7__fileType_cropped.png,0.0,0.0,0.0,0.0,0.0,0.0,1.0,1.0,0.0,0.0
P343,202510240920,2510241129,16,2,5 Hz,5.0,EXPERIMENTAL,LIGHT,True,,saveTime_2510241129__sessionTime_202510240920__participant_P343__trialN_16__trialT_2__fileType_cropped.png,1,,saveTime_2510241129__sessionTime_202510240920__participant_P343__trialN_16__trialT_2__fileType_cropped.png,0.0005881946,0.026567966,0.25977713,0.3587177,0.37541297,0.48059916,0.37397867,0.37397867,0.080905765,0.080905765
P343,202510240920,2510241132,17,1,2.5 Hz,2.5,EXPERIMENTAL,LIGHT,True,,saveTime_2510241132__sessionTime_202510240920__participant_P343__trialN_17__trialT_1__fileType_cropped.png,1,,saveTime_2510241132__sessionTime_202510240920__participant_P343__trialN_17__trialT_1__fileType_cropped.png,0.0006650319,0.030038605,0.7820721,1.0799377,0.027058143,0.034639508,0.92500657,0.92500657,0.10370091,0.10370091
P344,202510240920,2510241023,2,4,15 Hz,15.0,EXPERIMENTAL,LIGHT,True,,saveTime_2510241023__sessionTime_202510240920__participant_P344__trialN_2__trialT_4__fileType_cropped.png,1,,saveTime_2510241023__sessionTime_202510240920__participant_P344__trialN_2__trialT_4__fileType_cropped.png,0.017388973,0.78543675,0.61842924,0.8539686,0.124389425,0.15924184,0.715136,0.715136,0.41281363,0.41281363
P344,202510240920,2510241027,3,4,15 Hz,15.0,EXPERIMENTAL,LIGHT,True,,saveTime_2510241027__sessionTime_202510240920__participant_P344__trialN_3__trialT_4__fileType_cropped.png,1,,saveTime_2510241027__sessionTime_202510240920__participant_P344__trialN_3__trialT_4__fileType_cropped.png,0.002917662,0.1317869,0.22865774,0.31574595,0.31448546,0.4026005,0.7863606,0.7863606,0.29112536,0.29112536
P344,202510240920,2510241031,4,C09,,,VALIDATION,IMAGE,True,,saveTime_2510241031__sessionTime_202510240920__participant_P344__trialN_4__trialT_C09__fileType_cropped.png,1,,saveTime_2510241031__sessionTime_202510240920__participant_P344__trialN_4__trialT_C09__fileType_cropped.png,0.027491033,1.2417333,0.015941659,0.022013312,0.73334765,0.93882287,0.56753314,0.56753314,0.14017314,0.14017314
P344,202510240920,2510241034,5,B08,,,VALIDATION,IMAGE,True,,saveTime_2510241034__sessionTime_202510240920__participant_P344__trialN_5__trialT_B08__fileType_cropped.png,1,,saveTime_2510241034__sessionTime_202510240920__participant_P344__trialN_5__trialT_B08__fileType_cropped.png,0.019329421,0.8730842,0.66774815,0.92207146,0.044537533,0.057016414,0.09484672,0.09484672,0.14695536,0.14695536
P344,202510240920,2510241044,6,5,20 Hz,20.0,EXPERIMENTAL,LIGHT,True,,saveTime_2510241044__sessionTime_202510240920__participant_P344__trialN_6__trialT_5__fileType_cropped.png,1,,saveTime_2510241044__sessionTime_202510240920__participant_P344__trialN_6__trialT_5__fileType_cropped.png,0.0011794704,0.05327511,0.26930544,0.37187502,0.2780892,0.35600644,0.891605,0.891605,0.122181535,0.122181535
P344,202510240920,2510241048,7,2,5 Hz,5.0,EXPERIMENTAL,LIGHT,True,,saveTime_2510241048__sessionTime_202510240920__participant_P344__trialN_7__trialT_2__fileType_cropped.png,1,,saveTime_2510241048__sessionTime_202510240920__participant_P344__trialN_7__trialT_2__fileType_cropped.png,0.0018331591,0.08280136,0.5554184,0.76695895,0.07901067,0.101148516,0.84043926,0.84043926,0.121900395,0.121900395
P344,202510240920,2510241052,8,6,40 Hz,40.0,EXPERIMENTAL,LIGHT,True,,saveTime_2510241052__sessionTime_202510240920__participant_P344__trialN_8__trialT_6__fileType_cropped.png,1,,saveTime_2510241052__sessionTime_202510240920__participant_P344__trialN_8__trialT_6__fileType_cropped.png,0.0022452078,0.10141304,0.29101574,0.40185407,0.27338237,0.3499808,0.89184767,0.89184767,0.10593488,0.10593488
P344,202510240920,2510241056,9,6,40 Hz,40.0,EXPERIMENTAL,LIGHT,True,,saveTime_2510241056__sessionTime_202510240920__participant_P344__trialN_9__trialT_6__fileType_cropped.png,1,,saveTime_2510241056__sessionTime_202510240920__participant_P344__trialN_9__trialT_6__fileType_cropped.png,0.00045146156,0.020391917,0.12713578,0.17555763,0.51605463,0.6606469,0.8484325,0.8484325,0.12202402,0.12202402
P344,202510240920,2510241059,10,3,10 Hz,10.0,EXPERIMENTAL,LIGHT,True,,saveTime_2510241059__sessionTime_202510240920__participant_P344__trialN_10__trialT_3__fileType_cropped.png,1,,saveTime_2510241059__sessionTime_202510240920__participant_P344__trialN_10__trialT_3__fileType_cropped.png,0.00048924395,0.022098497,0.013685683,0.018898109,0.8313001,1.0642203,0.7954235,0.7954235,0.15725791,0.15725791
P344,202510240920,2510241104,11,5,20 Hz,20.0,EXPERIMENTAL,LIGHT,True,,saveTime_2510241104__sessionTime_202510240920__participant_P344__trialN_11__trialT_5__fileType_cropped.png,1,,saveTime_2510241104__sessionTime_202510240920__participant_P344__trialN_11__trialT_5__fileType_cropped.png,0.0010048654,0.04538843,0.13854374,0.1913105,0.4940196,0.63243794,0.7800941,0.7800941,0.16835509,0.16835509
P344,202510240920,2510241113,12,A05,,,VALIDATION,IMAGE,True,,saveTime_2510241113__sessionTime_202510240920__participant_P344__trialN_12__trialT_A05__fileType_cropped.png,1,,saveTime_2510241113__sessionTime_202510240920__participant_P344__trialN_12__trialT_A05__fileType_cropped.png,0.007844802,0.35433924,0.07866583,0.10862706,0.56611854,0.7247381,0.39902464,0.39902464,0.17726557,0.17726557
P344,202510240920,2510241118,13,3,10 Hz,10.0,EXPERIMENTAL,LIGHT,True,,saveTime_2510241118__sessionTime_202510240920__participant_P344__trialN_13__trialT_3__fileType_cropped.png,1,,saveTime_2510241118__sessionTime_202510240920__participant_P344__trialN_13__trialT_3__fileType_cropped.png,0.0005565429,0.0251383,0.1906451,0.26325554,0.31936488,0.40884706,0.7530122,0.7530122,0.100209065,0.100209065
P344,202510240920,2510241122,14,1,2.5 Hz,2.5,EXPERIMENTAL,LIGHT,True,,saveTime_2510241122__sessionTime_202510240920__participant_P344__trialN_14__trialT_1__fileType_cropped.png,1,,saveTime_2510241122__sessionTime_202510240920__participant_P344__trialN_14__trialT_1__fileType_cropped.png,0.00052439375,0.023686167,0.40058872,0.5531598,0.22583592,0.28911242,0.794675,0.794675,0.14898735,0.14898735
P344,202510240920,2510241125,15,7,80 Hz,80.0,CONTROL,LIGHT,True,,saveTime_2510241125__sessionTime_202510240920__participant_P344__trialN_15__trialT_7__fileType_cropped.png,1,,saveTime_2510241125__sessionTime_202510240920__participant_P344__trialN_15__trialT_7__fileType_cropped.png,0.0008457446,0.038201157,0.23958798,0.33083916,0.3947962,0.50541335,0.9039953,0.9039953,0.07513104,0.07513104
P344,202510240920,2510241128,16,2,5 Hz,5.0,EXPERIMENTAL,LIGHT,True,,saveTime_2510241128__sessionTime_202510240920__participant_P344__trialN_16__trialT_2__fileType_cropped.png,1,,saveTime_2510241128__sessionTime_202510240920__participant_P344__trialN_16__trialT_2__fileType_cropped.png,0.00029556046,0.013350071,0.2536369,0.35023886,0.27163786,0.3477475,0.48321587,0.48321587,0.3584015,0.3584015
P344,202510240920,2510241132,17,1,2.5 Hz,2.5,EXPERIMENTAL,LIGHT,True,,saveTime_2510241132__sessionTime_202510240920__participant_P344__trialN_17__trialT_1__fileType_cropped.png,1,,saveTime_2510241132__sessionTime_202510240920__participant_P344__trialN_17__trialT_1__fileType_cropped.png,0.0012287515,0.055501066,0.31994468,0.4418011,0.2549198,0.32634526,0.9290881,0.9290881,0.07570783,0.07570783
P344453,202510261600,2510261653,2,6,40 Hz,40.0,EXPERIMENTAL,LIGHT,True,,saveTime_2510261653__sessionTime_202510261600__participant_P344453__trialN_2__trialT_6__fileType_cropped.png,1,,saveTime_2510261653__sessionTime_202510261600__participant_P344453__trialN_2__trialT_6__fileType_cropped.png,0.0009270073,0.04187168,0.2797266,0.38626525,0.3237671,0.41448274,0.6191521,0.6191521,0.008026602,0.008026602
P344453,202510261600,2510261655,3,4,15 Hz,15.0,EXPERIMENTAL,LIGHT,True,,saveTime_2510261655__sessionTime_202510261600__participant_P344453__trialN_3__trialT_4__fileType_cropped.png,1,,saveTime_2510261655__sessionTime_202510261600__participant_P344453__trialN_3__trialT_4__fileType_cropped.png,0.00042521558,0.019206421,0.36402944,0.5026763,0.23102786,0.29575908,0.9015887,0.9015887,0.04855826,0.04855826
P344453,202510261600,2510261659,4,1,2.5 Hz,2.5,EXPERIMENTAL,LIGHT,True,,saveTime_2510261659__sessionTime_202510261600__participant_P344453__trialN_4__trialT_1__fileType_cropped.png,1,,saveTime_2510261659__sessionTime_202510261600__participant_P344453__trialN_4__trialT_1__fileType_cropped.png,0.00031968762,0.014439864,0.30263022,0.41789213,0.13874678,0.17762196,0.9995183,0.9995183,0.0036542176,0.0036542176
P344453,202510261600,2510261703,5,4,15 Hz,15.0,EXPERIMENTAL,LIGHT,True,,saveTime_2510261703__sessionTime_202510261600__participant_P344453__trialN_5__trialT_4__fileType_cropped.png,1,,saveTime_2510261703__sessionTime_202510261600__participant_P344453__trialN_5__trialT_4__fileType_cropped.png,0.00019569861,0.008839445,0.3070482,0.42399275,0.22308147,0.2855862,0.69872296,0.69872296,0.01752323,0.01752323
P344453,202510261600,2510261717,6,B03,,,VALIDATION,IMAGE,True,,saveTime_2510261717__sessionTime_202510261600__participant_P344453__trialN_6__trialT_B03__fileType_cropped.png,1,,saveTime_2510261717__sessionTime_202510261600__participant_P344453__trialN_6__trialT_B03__fileType_cropped.png,0.003066721,0.13851969,0.050210617,0.069334194,0.58535445,0.7493637,0.11276129,0.11276129,0.1769995,0.1769995
P344453,202510261600,2510261720,7,5,20 Hz,20.0,EXPERIMENTAL,LIGHT,True,,saveTime_2510261720__sessionTime_202510261600__participant_P344453__trialN_7__trialT_5__fileType_cropped.png,1,,saveTime_2510261720__sessionTime_202510261600__participant_P344453__trialN_7__trialT_5__fileType_cropped.png,0.00039093188,0.017657872,0.20689815,0.28569886,0.3078518,0.39410815,0.85579777,0.85579777,0.01220706,0.01220706
P344453,202510261600,2510261723,8,3,10 Hz,10.0,EXPERIMENTAL,LIGHT,True,,saveTime_2510261723__sessionTime_202510261600__participant_P344453__trialN_8__trialT_3__fileType_cropped.png,1,,saveTime_2510261723__sessionTime_202510261600__participant_P344453__trialN_8__trialT_3__fileType_cropped.png,0.0002875427,0.01298792,0.44146886,0.60960984,0.29023984,0.37156156,0.8059257,0.8059257,0.022456978,0.022456978
P344453,202510261600,2510261728,9,5,20 Hz,20.0,EXPERIMENTAL,LIGHT,True,,saveTime_2510261728__sessionTime_202510261600__participant_P344453__trialN_9__trialT_5__fileType_cropped.png,1,,saveTime_2510261728__sessionTime_202510261600__participant_P344453__trialN_9__trialT_5__fileType_cropped.png,0.0004188268,0.018917847,0.1489429,0.20567036,0.50655013,0.6484794,0.45375162,0.45375162,0.016338542,0.016338542
P344453,202510261600,2510261732,10,6,40 Hz,40.0,EXPERIMENTAL,LIGHT,True,,saveTime_2510261732__sessionTime_202510261600__participant_P344453__trialN_10__trialT_6__fileType_cropped.png,1,,saveTime_2510261732__sessionTime_202510261600__participant_P344453__trialN_10__trialT_6__fileType_cropped.png,0.00036772116,0.016609475,0.1096362,0.15139303,0.5882849,0.75311524,0.6931869,0.6931869,0.0051746597,0.0051746597
P344453,202510261600,2510261736,11,3,10 Hz,10.0,EXPERIMENTAL,LIGHT,True,,saveTime_2510261736__sessionTime_202510261600__participant_P344453__trialN_11__trialT_3__fileType_cropped.png,1,,saveTime_2510261736__sessionTime_202510261600__participant_P344453__trialN_11__trialT_3__fileType_cropped.png,0.00046288152,0.020907741,0.18396206,0.25402716,0.2867946,0.367151,0.42303893,0.42303893,0.03867679,0.03867679
P344453,202510261600,2510261750,12,C13,,,VALIDATION,IMAGE,True,,saveTime_2510261750__sessionTime_202510261600__participant_P344453__trialN_12__trialT_C13__fileType_cropped.png,1,,saveTime_2510261750__sessionTime_202510261600__participant_P344453__trialN_12__trialT_C13__fileType_cropped.png,0.013948148,0.63001925,0.3115792,0.43024948,0.42013288,0.53784907,0.10008856,0.10008856,0.0972402,0.0972402
P344453,202510261600,2510261753,13,7,80 Hz,80.0,CONTROL,LIGHT,True,,saveTime_2510261753__sessionTime_202510261600__participant_P344453__trialN_13__trialT_7__fileType_cropped.png,1,,saveTime_2510261753__sessionTime_202510261600__participant_P344453__trialN_13__trialT_7__fileType_cropped.png,0.0010438754,0.04715046,0.12001316,0.16572224,0.33334923,0.42674968,0.99965376,0.99965376,0.0018986175,0.0018986175
P344453,202510261600,2510261758,14,2,5 Hz,5.0,EXPERIMENTAL,LIGHT,True,,saveTime_2510261758__sessionTime_202510261600__participant_P344453__trialN_14__trialT_2__fileType_cropped.png,1,,saveTime_2510261758__sessionTime_202510261600__participant_P344453__trialN_14__trialT_2__fileType_cropped.png,0.00038776908,0.017515013,0.32546294,0.44942108,0.2804975,0.35908952,0.67966604,0.67966604,0.023595482,0.023595482
P344453,202510261600,2510261801,15,A14,,,VALIDATION,IMAGE,True,,saveTime_2510261801__sessionTime_202510261600__participant_P344453__trialN_15__trialT_A14__fileType_cropped.png,1,,saveTime_2510261801__sessionTime_202510261600__participant_P344453__trialN_15__trialT_A14__fileType_cropped.png,0.00032721387,0.0147798145,0.0640899,0.088499635,0.43574226,0.557832,0.47522625,0.47522625,0.00922965,0.00922965
P344453,202510261600,2510261805,16,2,5 Hz,5.0,EXPERIMENTAL,LIGHT,True,,saveTime_2510261805__sessionTime_202510261600__participant_P344453__trialN_16__trialT_2__fileType_cropped.png,1,,saveTime_2510261805__sessionTime_202510261600__participant_P344453__trialN_16__trialT_2__fileType_cropped.png,0.0005781537,0.026114432,0.3887873,0.5368636,0.21233219,0.2718251,0.71784955,0.71784955,0.01579894,0.01579894
P344453,202510261600,2510261809,17,1,2.5 Hz,2.5,EXPERIMENTAL,LIGHT,True,,saveTime_2510261809__sessionTime_202510261600__participant_P344453__trialN_17__trialT_1__fileType_cropped.png,1,,saveTime_2510261809__sessionTime_202510261600__participant_P344453__trialN_17__trialT_1__fileType_cropped.png,0.0004544695,0.020527782,0.042002227,0.057999495,0.6739205,0.8627449,0.99940306,0.99940306,0.004167866,0.004167866
P345,202510240920,2510241023,2,4,15 Hz,15.0,EXPERIMENTAL,LIGHT,True,,saveTime_2510241023__sessionTime_202510240920__participant_P345__trialN_2__trialT_4__fileType_cropped.png,1,,saveTime_2510241023__sessionTime_202510240920__participant_P345__trialN_2__trialT_4__fileType_cropped.png,0.0045463117,0.20535083,0.40560633,0.56008846,0.16156225,0.20683004,0.9272824,0.9272824,0.0716315,0.0716315
P345,202510240920,2510241027,3,4,15 Hz,15.0,EXPERIMENTAL,LIGHT,True,,saveTime_2510241027__sessionTime_202510240920__participant_P345__trialN_3__trialT_4__fileType_cropped.png,1,,saveTime_2510241027__sessionTime_202510240920__participant_P345__trialN_3__trialT_4__fileType_cropped.png,0.025107872,1.1340891,0.4010136,0.5537465,0.25000918,0.32005873,0.92296934,0.92296934,0.05753368,0.05753368
P345,202510240920,2510241030,4,C00,,,VALIDATION,IMAGE,True,,saveTime_2510241030__sessionTime_202510240920__participant_P345__trialN_4__trialT_C00__fileType_cropped.png,1,,saveTime_2510241030__sessionTime_202510240920__participant_P345__trialN_4__trialT_C00__fileType_cropped.png,0.032965485,1.489007,0.7154775,0.9879794,0.10036,0.12847966,0.51112163,0.51112163,0.3587483,0.3587483
P345,202510240920,2510241034,5,B07,,,VALIDATION,IMAGE,True,,saveTime_2510241034__sessionTime_202510240920__participant_P345__trialN_5__trialT_B07__fileType_cropped.png,1,,saveTime_2510241034__sessionTime_202510240920__participant_P345__trialN_5__trialT_B07__fileType_cropped.png,0.0034619067,0.15636972,0.24142897,0.33338133,0.33423933,0.42788917,0.78140575,0.78140575,0.36904705,0.36904705
P345,202510240920,2510241044,6,5,20 Hz,20.0,EXPERIMENTAL,LIGHT,True,,saveTime_2510241044__sessionTime_202510240920__participant_P345__trialN_6__trialT_5__fileType_cropped.png,1,,saveTime_2510241044__sessionTime_202510240920__participant_P345__trialN_6__trialT_5__fileType_cropped.png,0.014018166,0.63318187,0.23085393,0.3187786,0.33155087,0.42444742,0.87407285,0.87407285,0.06537651,0.06537651
P345,202510240920,2510241049,7,2,5 Hz,5.0,EXPERIMENTAL,LIGHT,True,,saveTime_2510241049__sessionTime_202510240920__participant_P345__trialN_7__trialT_2__fileType_cropped.png,1,,saveTime_2510241049__sessionTime_202510240920__participant_P345__trialN_7__trialT_2__fileType_cropped.png,0.005594709,0.25270554,0.11285119,0.1558325,0.60967964,0.7805045,0.8638088,0.8638088,0.15666558,0.15666558
P345,202510240920,2510241053,8,6,40 Hz,40.0,EXPERIMENTAL,LIGHT,True,,saveTime_2510241053__sessionTime_202510240920__participant_P345__trialN_8__trialT_6__fileType_cropped.png,1,,saveTime_2510241053__sessionTime_202510240920__participant_P345__trialN_8__trialT_6__fileType_cropped.png,0.020293372,0.91662455,0.29669386,0.4096948,0.25059614,0.32081017,0.9715811,0.9715811,0.030819282,0.030819282
P345,202510240920,2510241056,9,6,40 Hz,40.0,EXPERIMENTAL,LIGHT,True,,saveTime_2510241056__sessionTime_202510240920__participant_P345__trialN_9__trialT_6__fileType_cropped.png,1,,saveTime_2510241056__sessionTime_202510240920__participant_P345__trialN_9__trialT_6__fileType_cropped.png,0.0028572103,0.12905638,0.3612998,0.49890703,0.14904766,0.19080901,0.9216156,0.9216156,0.085573934,0.085573934
P345,202510240920,2510241101,10,3,10 Hz,10.0,EXPERIMENTAL,LIGHT,True,,saveTime_2510241101__sessionTime_202510240920__participant_P345__trialN_10__trialT_3__fileType_cropped.png,1,,saveTime_2510241101__sessionTime_202510240920__participant_P345__trialN_10__trialT_3__fileType_cropped.png,0.014037016,0.63403326,0.49097,0.6779643,0.14357762,0.18380634,0.69801986,0.69801986,0.2642368,0.2642368
P345,202510240920,2510241105,11,5,20 Hz,20.0,EXPERIMENTAL,LIGHT,True,,saveTime_2510241105__sessionTime_202510240920__participant_P345__trialN_11__trialT_5__fileType_cropped.png,1,,saveTime_2510241105__sessionTime_202510240920__participant_P345__trialN_11__trialT_5__fileType_cropped.png,0.014982801,0.67675316,0.20101582,0.27757612,0.33695745,0.4313689,0.91109204,0.91109204,0.10836166,0.10836166
P345,202510240920,2510241113,12,A06,,,VALIDATION,IMAGE,True,,saveTime_2510241113__sessionTime_202510240920__participant_P345__trialN_12__trialT_A06__fileType_cropped.png,1,,saveTime_2510241113__sessionTime_202510240920__participant_P345__trialN_12__trialT_A06__fileType_cropped.png,0.0007089903,0.03202415,0.16312316,0.2252514,0.3762682,0.48169404,0.5583539,0.5583539,0.051876977,0.051876977
P345,202510240920,2510241118,13,3,10 Hz,10.0,EXPERIMENTAL,LIGHT,True,,saveTime_2510241118__sessionTime_202510240920__participant_P345__trialN_13__trialT_3__fileType_cropped.png,1,,saveTime_2510241118__sessionTime_202510240920__participant_P345__trialN_13__trialT_3__fileType_cropped.png,0.011637967,0.5256715,0.6096424,0.84183514,0.11699396,0.14977427,0.96073264,0.96073264,0.032551102,0.032551102
P345,202510240920,2510241121,14,1,2.5 Hz,2.5,EXPERIMENTAL,LIGHT,True,,saveTime_2510241121__sessionTime_202510240920__participant_P345__trialN_14__trialT_1__fileType_cropped.png,1,,saveTime_2510241121__sessionTime_202510240920__participant_P345__trialN_14__trialT_1__fileType_cropped.png,0.0014592032,0.065910265,0.5534685,0.7642665,0.105382405,0.13490929,0.93928313,0.93928313,0.046502344,0.046502344
P345,202510240920,2510241125,15,7,80 Hz,80.0,CONTROL,LIGHT,True,,saveTime_2510241125__sessionTime_202510240920__participant_P345__trialN_15__trialT_7__fileType_cropped.png,1,,saveTime_2510241125__sessionTime_202510240920__participant_P345__trialN_15__trialT_7__fileType_cropped.png,0.0027063037,0.12224013,0.082112625,0.11338662,0.584071,0.74772066,0.9582045,0.9582045,0.023028372,0.023028372
P345,202510240920,2510241129,16,2,5 Hz,5.0,EXPERIMENTAL,LIGHT,True,,saveTime_2510241129__sessionTime_202510240920__participant_P345__trialN_16__trialT_2__fileType_cropped.png,1,,saveTime_2510241129__sessionTime_202510240920__participant_P345__trialN_16__trialT_2__fileType_cropped.png,0.0104119,0.4702916,0.6016383,0.8307826,0.13856216,0.17738561,0.83752424,0.83752424,0.12107849,0.12107849
P345,202510240920,2510241133,17,1,2.5 Hz,2.5,EXPERIMENTAL,LIGHT,True,,saveTime_2510241133__sessionTime_202510240920__participant_P345__trialN_17__trialT_1__fileType_cropped.png,1,,saveTime_2510241133__sessionTime_202510240920__participant_P345__trialN_17__trialT_1__fileType_cropped.png,0.0013303582,0.06009051,0.48477706,0.66941273,0.16305584,0.20874213,0.94859076,0.94859076,0.025044559,0.025044559
P346,202510241110,2510241158,2,6,40 Hz,40.0,EXPERIMENTAL,LIGHT,True,,saveTime_2510241158__sessionTime_202510241110__participant_P346__trialN_2__trialT_6__fileType_cropped.png,1,,saveTime_2510241158__sessionTime_202510241110__participant_P346__trialN_2__trialT_6__fileType_cropped.png,0.011058064,0.499478,0.02744603,0.03789932,0.7102948,0.9093108,0.8419579,0.8419579,0.027223755,0.027223755
P346,202510241110,2510241203,3,2,5 Hz,5.0,EXPERIMENTAL,LIGHT,True,,saveTime_2510241203__sessionTime_202510241110__participant_P346__trialN_3__trialT_2__fileType_cropped.png,1,,saveTime_2510241203__sessionTime_202510241110__participant_P346__trialN_3__trialT_2__fileType_cropped.png,0.012241162,0.552917,0.22615239,0.3122864,0.30831757,0.39470443,0.9698621,0.9698621,0.016373884,0.016373884
P346,202510241110,2510241207,4,5,20 Hz,20.0,EXPERIMENTAL,LIGHT,True,,saveTime_2510241207__sessionTime_202510241110__participant_P346__trialN_4__trialT_5__fileType_cropped.png,1,,saveTime_2510241207__sessionTime_202510241110__participant_P346__trialN_4__trialT_5__fileType_cropped.png,0.004662312,0.21059042,0.08285477,0.11441143,0.652958,0.83590895,0.92512125,0.92512125,0.0075207166,0.0075207166
P346,202510241110,2510241211,5,3,10 Hz,10.0,EXPERIMENTAL,LIGHT,True,,saveTime_2510241211__sessionTime_202510241110__participant_P346__trialN_5__trialT_3__fileType_cropped.png,1,,saveTime_2510241211__sessionTime_202510241110__participant_P346__trialN_5__trialT_3__fileType_cropped.png,0.0017602141,0.079506524,0.81135786,1.1203774,0.026375566,0.03376568,0.9850849,0.9850849,0.017845936,0.017845936
P346,202510241110,2510241222,6,1,2.5 Hz,2.5,EXPERIMENTAL,LIGHT,True,,saveTime_2510241222__sessionTime_202510241110__participant_P346__trialN_6__trialT_1__fileType_cropped.png,1,,saveTime_2510241222__sessionTime_202510241110__participant_P346__trialN_6__trialT_1__fileType_cropped.png,0.004009331,0.18109614,0.019202882,0.02651663,0.7338323,0.9394433,0.968498,0.968498,0.005689322,0.005689322
P346,202510241110,2510241224,7,1,2.5 Hz,2.5,EXPERIMENTAL,LIGHT,True,,saveTime_2510241224__sessionTime_202510241110__participant_P346__trialN_7__trialT_1__fileType_cropped.png,1,,saveTime_2510241224__sessionTime_202510241110__participant_P346__trialN_7__trialT_1__fileType_cropped.png,0.00066102506,0.02985762,0.040583063,0.056039818,0.6953425,0.8901691,0.999592,0.999592,0.002147744,0.002147744
P346,202510241110,2510241229,8,2,5 Hz,5.0,EXPERIMENTAL,LIGHT,True,,saveTime_2510241229__sessionTime_202510241110__participant_P346__trialN_8__trialT_2__fileType_cropped.png,1,,saveTime_2510241229__sessionTime_202510241110__participant_P346__trialN_8__trialT_2__fileType_cropped.png,0.002722391,0.12296677,0.034439772,0.04755675,0.54929286,0.70319813,0.98715895,0.98715895,0.01327385,0.01327385
P346,202510241110,2510241234,9,5,20 Hz,20.0,EXPERIMENTAL,LIGHT,True,,saveTime_2510241234__sessionTime_202510241110__participant_P346__trialN_9__trialT_5__fileType_cropped.png,1,,saveTime_2510241234__sessionTime_202510241110__participant_P346__trialN_9__trialT_5__fileType_cropped.png,0.0030203906,0.13642702,0.102936246,0.14214128,0.75105786,0.9614952,0.8871709,0.8871709,0.006938299,0.006938299
P346,202510241110,2510241237,10,6,40 Hz,40.0,EXPERIMENTAL,LIGHT,True,,saveTime_2510241237__sessionTime_202510241110__participant_P346__trialN_10__trialT_6__fileType_cropped.png,1,,saveTime_2510241237__sessionTime_202510241110__participant_P346__trialN_10__trialT_6__fileType_cropped.png,0.0020975976,0.09474569,0.51650494,0.7132247,0.13675232,0.17506868,0.92847884,0.92847884,0.020259451,0.020259451
P346,202510241110,2510241241,11,7,80 Hz,80.0,CONTROL,LIGHT,True,,saveTime_2510241241__sessionTime_202510241110__participant_P346__trialN_11__trialT_7__fileType_cropped.png,1,,saveTime_2510241241__sessionTime_202510241110__participant_P346__trialN_11__trialT_7__fileType_cropped.png,0.0002217439,0.010015876,0.02313608,0.03194785,0.8084926,1.0350225,0.83951485,0.83951485,0.02745772,0.02745772
P346,202510241110,2510241252,12,A03,,,VALIDATION,IMAGE,True,,saveTime_2510241252__sessionTime_202510241110__participant_P346__trialN_12__trialT_A03__fileType_cropped.png,1,,saveTime_2510241252__sessionTime_202510241110__participant_P346__trialN_12__trialT_A03__fileType_cropped.png,0.008331944,0.3763428,0.29829282,0.41190276,0.26832315,0.34350407,0.04234592,0.04234592,0.13136941,0.13136941
P346,202510241110,2510241256,13,B02,,,VALIDATION,IMAGE,True,,saveTime_2510241256__sessionTime_202510241110__participant_P346__trialN_13__trialT_B02__fileType_cropped.png,1,,saveTime_2510241256__sessionTime_202510241110__participant_P346__trialN_13__trialT_B02__fileType_cropped.png,0.008346771,0.37701252,0.24590424,0.33956107,0.271505,0.34757742,0.33657187,0.33657187,0.30423772,0.30423772
P346,202510241110,2510241300,14,4,15 Hz,15.0,EXPERIMENTAL,LIGHT,True,,saveTime_2510241300__sessionTime_202510241110__participant_P346__trialN_14__trialT_4__fileType_cropped.png,1,,saveTime_2510241300__sessionTime_202510241110__participant_P346__trialN_14__trialT_4__fileType_cropped.png,0.00048424135,0.021872535,0.07275033,0.10045854,0.57006055,0.72978467,0.99489534,0.99489534,0.012644718,0.012644718
P346,202510241110,2510241305,15,4,15 Hz,15.0,EXPERIMENTAL,LIGHT,True,,saveTime_2510241305__sessionTime_202510241110__participant_P346__trialN_15__trialT_4__fileType_cropped.png,1,,saveTime_2510241305__sessionTime_202510241110__participant_P346__trialN_15__trialT_4__fileType_cropped.png,0.0029702615,0.13416275,0.3214791,0.44391993,0.30845943,0.39488605,0.89753646,0.89753646,0.014118762,0.014118762
P346,202510241110,2510241308,16,C11,,,VALIDATION,IMAGE,True,,saveTime_2510241308__sessionTime_202510241110__participant_P346__trialN_16__trialT_C11__fileType_cropped.png,1,,saveTime_2510241308__sessionTime_202510241110__participant_P346__trialN_16__trialT_C11__fileType_cropped.png,0.0010582682,0.047800567,0.29926994,0.41325203,0.26940632,0.3448907,0.27161625,0.27161625,0.20957267,0.20957267
P346,202510241110,2510241311,17,3,10 Hz,10.0,EXPERIMENTAL,LIGHT,True,,saveTime_2510241311__sessionTime_202510241110__participant_P346__trialN_17__trialT_3__fileType_cropped.png,1,,saveTime_2510241311__sessionTime_202510241110__participant_P346__trialN_17__trialT_3__fileType_cropped.png,0.0033303238,0.15042628,0.024236735,0.03346771,0.7829815,1.0023636,0.91272825,0.91272825,0.0069437535,0.0069437535
P347,202510241110,2510241159,2,6,40 Hz,40.0,EXPERIMENTAL,LIGHT,True,,saveTime_2510241159__sessionTime_202510241110__participant_P347__trialN_2__trialT_6__fileType_cropped.png,1,,saveTime_2510241159__sessionTime_202510241110__participant_P347__trialN_2__trialT_6__fileType_cropped.png,0.0010605009,0.04790141,0.084214546,0.116289094,0.5978643,0.76537865,0.9510862,0.9510862,0.040954348,0.040954348
P347,202510241110,2510241203,3,2,5 Hz,5.0,EXPERIMENTAL,LIGHT,True,,saveTime_2510241203__sessionTime_202510241110__participant_P347__trialN_3__trialT_2__fileType_cropped.png,1,,saveTime_2510241203__sessionTime_202510241110__participant_P347__trialN_3__trialT_2__fileType_cropped.png,0.0014043947,0.06343464,0.009286889,0.01282396,0.8457358,1.0827007,0.6086248,0.6086248,0.27217215,0.27217215
P347,202510241110,2510241207,4,5,20 Hz,20.0,EXPERIMENTAL,LIGHT,True,,saveTime_2510241207__sessionTime_202510241110__participant_P347__trialN_4__trialT_5__fileType_cropped.png,1,,saveTime_2510241207__sessionTime_202510241110__participant_P347__trialN_4__trialT_5__fileType_cropped.png,0.00068096427,0.030758249,0.30057135,0.4150491,0.27657318,0.35406566,0.59040964,0.59040964,0.10686056,0.10686056
P347,202510241110,2510241211,5,3,10 Hz,10.0,EXPERIMENTAL,LIGHT,True,,saveTime_2510241211__sessionTime_202510241110__participant_P347__trialN_5__trialT_3__fileType_cropped.png,1,,saveTime_2510241211__sessionTime_202510241110__participant_P347__trialN_5__trialT_3__fileType_cropped.png,0.0010253527,0.046313815,0.21263553,0.29362142,0.34027907,0.43562117,0.59418064,0.59418064,0.09612402,0.09612402
P347,202510241110,2510241221,6,1,2.5 Hz,2.5,EXPERIMENTAL,LIGHT,True,,saveTime_2510241221__sessionTime_202510241110__participant_P347__trialN_6__trialT_1__fileType_cropped.png,1,,saveTime_2510241221__sessionTime_202510241110__participant_P347__trialN_6__trialT_1__fileType_cropped.png,0.0003083966,0.0139298625,0.10499935,0.14499015,0.6070034,0.77707845,0.646291,0.646291,0.25587308,0.25587308
P347,202510241110,2510241225,7,1,2.5 Hz,2.5,EXPERIMENTAL,LIGHT,True,,saveTime_2510241225__sessionTime_202510241110__participant_P347__trialN_7__trialT_1__fileType_cropped.png,1,,saveTime_2510241225__sessionTime_202510241110__participant_P347__trialN_7__trialT_1__fileType_cropped.png,0.00040197038,0.018156465,0.004753084,0.006563377,0.8588286,1.099462,0.70986396,0.70986396,0.11512085,0.11512085
P347,202510241110,2510241230,8,2,5 Hz,5.0,EXPERIMENTAL,LIGHT,True,,saveTime_2510241230__sessionTime_202510241110__participant_P347__trialN_8__trialT_2__fileType_cropped.png,1,,saveTime_2510241230__sessionTime_202510241110__participant_P347__trialN_8__trialT_2__fileType_cropped.png,0.0004543426,0.02052205,0.2637701,0.36423147,0.316115,0.4046866,0.6388291,0.6388291,0.19533375,0.19533375
P347,202510241110,2510241234,9,5,20 Hz,20.0,EXPERIMENTAL,LIGHT,True,,saveTime_2510241234__sessionTime_202510241110__participant_P347__trialN_9__trialT_5__fileType_cropped.png,1,,saveTime_2510241234__sessionTime_202510241110__participant_P347__trialN_9__trialT_5__fileType_cropped.png,0.0004116734,0.018594738,0.26642194,0.3678933,0.29184,0.37361005,0.5745863,0.5745863,0.2009856,0.2009856
P347,202510241110,2510241237,10,6,40 Hz,40.0,EXPERIMENTAL,LIGHT,True,,saveTime_2510241237__sessionTime_202510241110__participant_P347__trialN_10__trialT_6__fileType_cropped.png,1,,saveTime_2510241237__sessionTime_202510241110__participant_P347__trialN_10__trialT_6__fileType_cropped.png,0.00077393465,0.034957595,0.27083206,0.3739831,0.3115565,0.39885086,0.8543775,0.8543775,0.107414395,0.107414395
P347,202510241110,2510241241,11,7,80 Hz,80.0,CONTROL,LIGHT,True,,saveTime_2510241241__sessionTime_202510241110__participant_P347__trialN_11__trialT_7__fileType_cropped.png,1,,saveTime_2510241241__sessionTime_202510241110__participant_P347__trialN_11__trialT_7__fileType_cropped.png,0.000551175,0.02489584,0.35070544,0.4842776,0.22294128,0.28540674,0.7507535,0.7507535,0.20548874,0.20548874
P347,202510241110,2510241252,12,A00,,,VALIDATION,IMAGE,True,,saveTime_2510241252__sessionTime_202510241110__participant_P347__trialN_12__trialT_A00__fileType_cropped.png,1,,saveTime_2510241252__sessionTime_202510241110__participant_P347__trialN_12__trialT_A00__fileType_cropped.png,0.008518465,0.3847677,0.6298275,0.86970806,0.03972825,0.050859626,0.30581987,0.30581987,0.25244132,0.25244132
P347,202510241110,2510241256,13,B02,,,VALIDATION,IMAGE,True,,saveTime_2510241256__sessionTime_202510241110__participant_P347__trialN_13__trialT_B02__fileType_cropped.png,1,,saveTime_2510241256__sessionTime_202510241110__participant_P347__trialN_13__trialT_B02__fileType_cropped.png,0.013411909,0.60579807,0.26914257,0.37165013,0.27910557,0.35730758,0.47110742,0.47110742,0.29919887,0.29919887
P347,202510241110,2510241300,14,4,15 Hz,15.0,EXPERIMENTAL,LIGHT,True,,saveTime_2510241300__sessionTime_202510241110__participant_P347__trialN_14__trialT_4__fileType_cropped.png,1,,saveTime_2510241300__sessionTime_202510241110__participant_P347__trialN_14__trialT_4__fileType_cropped.png,0.00104202,0.047066655,0.05658603,0.07813779,0.61658555,0.7893454,0.50703186,0.50703186,0.11800283,0.11800283
P347,202510241110,2510241304,15,4,15 Hz,15.0,EXPERIMENTAL,LIGHT,True,,saveTime_2510241304__sessionTime_202510241110__participant_P347__trialN_15__trialT_4__fileType_cropped.png,1,,saveTime_2510241304__sessionTime_202510241110__participant_P347__trialN_15__trialT_4__fileType_cropped.png,0.00048577198,0.021941673,0.07807562,0.107812054,0.5015142,0.64203244,0.8015365,0.8015365,0.20865065,0.20865065
P347,202510241110,2510241308,16,C05,,,VALIDATION,IMAGE,True,,saveTime_2510241308__sessionTime_202510241110__participant_P347__trialN_16__trialT_C05__fileType_cropped.png,1,,saveTime_2510241308__sessionTime_202510241110__participant_P347__trialN_16__trialT_C05__fileType_cropped.png,0.0038467771,0.1737538,0.29436398,0.40647754,0.26219857,0.33566344,0.18553443,0.18553443,0.17212872,0.17212872
P347,202510241110,2510241312,17,3,10 Hz,10.0,EXPERIMENTAL,LIGHT,True,,saveTime_2510241312__sessionTime_202510241110__participant_P347__trialN_17__trialT_3__fileType_cropped.png,1,,saveTime_2510241312__sessionTime_202510241110__participant_P347__trialN_17__trialT_3__fileType_cropped.png,0.00059675146,0.026954468,0.20492429,0.2829732,0.35014182,0.44824734,0.80480534,0.80480534,0.18718864,0.18718864
P348,202510241110,2510241159,2,6,40 Hz,40.0,EXPERIMENTAL,LIGHT,True,,saveTime_2510241159__sessionTime_202510241110__participant_P348__trialN_2__trialT_6__fileType_cropped.png,1,,saveTime_2510241159__sessionTime_202510241110__participant_P348__trialN_2__trialT_6__fileType_cropped.png,0.0035595342,0.16077942,0.005610439,0.0077472706,0.85939777,1.1001906,0.9804399,0.9804399,0.020272262,0.020272262
P348,202510241110,2510241203,3,2,5 Hz,5.0,EXPERIMENTAL,LIGHT,True,,saveTime_2510241203__sessionTime_202510241110__participant_P348__trialN_3__trialT_2__fileType_cropped.png,1,,saveTime_2510241203__sessionTime_202510241110__participant_P348__trialN_3__trialT_2__fileType_cropped.png,0.00039107355,0.01766427,0.27105257,0.37428758,0.3050441,0.3905138,0.92385083,0.92385083,0.19068521,0.19068521
P348,202510241110,2510241207,4,5,20 Hz,20.0,EXPERIMENTAL,LIGHT,True,,saveTime_2510241207__sessionTime_202510241110__participant_P348__trialN_4__trialT_5__fileType_cropped.png,1,,saveTime_2510241207__sessionTime_202510241110__participant_P348__trialN_4__trialT_5__fileType_cropped.png,0.0013606722,0.06145975,0.15544264,0.21464562,0.40512583,0.5186372,0.9736398,0.9736398,0.020587174,0.020587174
P348,202510241110,2510241211,5,3,10 Hz,10.0,EXPERIMENTAL,LIGHT,True,,saveTime_2510241211__sessionTime_202510241110__participant_P348__trialN_5__trialT_3__fileType_cropped.png,1,,saveTime_2510241211__sessionTime_202510241110__participant_P348__trialN_5__trialT_3__fileType_cropped.png,0.0005731146,0.025886822,0.16235277,0.2241876,0.47225085,0.60456985,0.97430956,0.97430956,0.059729435,0.059729435
P348,202510241110,2510241222,6,1,2.5 Hz,2.5,EXPERIMENTAL,LIGHT,True,,saveTime_2510241222__sessionTime_202510241110__participant_P348__trialN_6__trialT_1__fileType_cropped.png,1,,saveTime_2510241222__sessionTime_202510241110__participant_P348__trialN_6__trialT_1__fileType_cropped.png,0.00026283483,0.011871899,0.14781988,0.20411961,0.5332775,0.68269545,0.5985296,0.5985296,0.3308111,0.3308111
P348,202510241110,2510241225,7,1,2.5 Hz,2.5,EXPERIMENTAL,LIGHT,True,,saveTime_2510241225__sessionTime_202510241110__participant_P348__trialN_7__trialT_1__fileType_cropped.png,1,,saveTime_2510241225__sessionTime_202510241110__participant_P348__trialN_7__trialT_1__fileType_cropped.png,0.00023470478,0.010601303,0.8219097,1.1349481,0.02132239,0.027296668,0.7657442,0.7657442,0.32726693,0.32726693
P348,202510241110,2510241230,8,2,5 Hz,5.0,EXPERIMENTAL,LIGHT,True,,saveTime_2510241230__sessionTime_202510241110__participant_P348__trialN_8__trialT_2__fileType_cropped.png,1,,saveTime_2510241230__sessionTime_202510241110__participant_P348__trialN_8__trialT_2__fileType_cropped.png,0.00027086042,0.012234404,0.6410104,0.8851502,0.11028196,0.14118163,0.7296985,0.7296985,0.29759052,0.29759052
P348,202510241110,2510241233,9,5,20 Hz,20.0,EXPERIMENTAL,LIGHT,True,,saveTime_2510241233__sessionTime_202510241110__participant_P348__trialN_9__trialT_5__fileType_cropped.png,1,,saveTime_2510241233__sessionTime_202510241110__participant_P348__trialN_9__trialT_5__fileType_cropped.png,0.00087948906,0.03972535,0.20394933,0.28162694,0.41102675,0.5261915,0.9831836,0.9831836,0.022705823,0.022705823
P348,202510241110,2510241237,10,6,40 Hz,40.0,EXPERIMENTAL,LIGHT,True,,saveTime_2510241237__sessionTime_202510241110__participant_P348__trialN_10__trialT_6__fileType_cropped.png,1,,saveTime_2510241237__sessionTime_202510241110__participant_P348__trialN_10__trialT_6__fileType_cropped.png,0.0012671545,0.057235677,0.32129782,0.44366962,0.25808036,0.33039138,0.9189658,0.9189658,0.034526248,0.034526248
P348,202510241110,2510241241,11,7,80 Hz,80.0,CONTROL,LIGHT,True,,saveTime_2510241241__sessionTime_202510241110__participant_P348__trialN_11__trialT_7__fileType_cropped.png,1,,saveTime_2510241241__sessionTime_202510241110__participant_P348__trialN_11__trialT_7__fileType_cropped.png,0.00015458142,0.0069822366,0.18539865,0.2560109,0.34131393,0.43694597,0.9999904,0.9999904,0.001517206,0.001517206
P348,202510241110,2510241252,12,A01,,,VALIDATION,IMAGE,True,,saveTime_2510241252__sessionTime_202510241110__participant_P348__trialN_12__trialT_A01__fileType_cropped.png,1,,saveTime_2510241252__sessionTime_202510241110__participant_P348__trialN_12__trialT_A01__fileType_cropped.png,0.0065645953,0.296514,0.375246,0.5181649,0.27218026,0.3484419,0.5186091,0.5186091,0.17878093,0.17878093
P348,202510241110,2510241256,13,B01,,,VALIDATION,IMAGE,True,,saveTime_2510241256__sessionTime_202510241110__participant_P348__trialN_13__trialT_B01__fileType_cropped.png,1,,saveTime_2510241256__sessionTime_202510241110__participant_P348__trialN_13__trialT_B01__fileType_cropped.png,0.00861581,0.38916466,0.33064154,0.45657203,0.30311912,0.38804945,0.36476642,0.36476642,0.2708163,0.2708163
P348,202510241110,2510241300,14,4,15 Hz,15.0,EXPERIMENTAL,LIGHT,True,,saveTime_2510241300__sessionTime_202510241110__participant_P348__trialN_14__trialT_4__fileType_cropped.png,1,,saveTime_2510241300__sessionTime_202510241110__participant_P348__trialN_14__trialT_4__fileType_cropped.png,0.0019492629,0.088045605,0.45483795,0.6280708,0.17183506,0.21998118,0.98840976,0.98840976,0.015090298,0.015090298
P348,202510241110,2510241304,15,4,15 Hz,15.0,EXPERIMENTAL,LIGHT,True,,saveTime_2510241304__sessionTime_202510241110__participant_P348__trialN_15__trialT_4__fileType_cropped.png,1,,saveTime_2510241304__sessionTime_202510241110__participant_P348__trialN_15__trialT_4__fileType_cropped.png,0.0007453217,0.033665188,0.22925659,0.31657287,0.38807473,0.4968086,0.95024914,0.95024914,0.057725314,0.057725314
P348,202510241110,2510241308,16,C14,,,VALIDATION,IMAGE,True,,saveTime_2510241308__sessionTime_202510241110__participant_P348__trialN_16__trialT_C14__fileType_cropped.png,1,,saveTime_2510241308__sessionTime_202510241110__participant_P348__trialN_16__trialT_C14__fileType_cropped.png,0.023742972,1.0724384,0.2677353,0.36970687,0.32903308,0.42122418,0.4242932,0.4242932,0.0880345,0.0880345
P348,202510241110,2510241312,17,3,10 Hz,10.0,EXPERIMENTAL,LIGHT,True,,saveTime_2510241312__sessionTime_202510241110__participant_P348__trialN_17__trialT_3__fileType_cropped.png,1,,saveTime_2510241312__sessionTime_202510241110__participant_P348__trialN_17__trialT_3__fileType_cropped.png,0.00034939425,0.015781673,0.718721,0.99245816,0.045408517,0.058131438,0.84065324,0.84065324,0.17469531,0.17469531
P349,202510241110,2510241159,2,6,40 Hz,40.0,EXPERIMENTAL,LIGHT,True,,saveTime_2510241159__sessionTime_202510241110__participant_P349__trialN_2__trialT_6__fileType_cropped.png,1,,saveTime_2510241159__sessionTime_202510241110__participant_P349__trialN_2__trialT_6__fileType_cropped.png,0.0010183717,0.04599849,0.2936035,0.40542743,0.24883133,0.31855088,0.72375286,0.72375286,0.10051521,0.10051521
P349,202510241110,2510241203,3,2,5 Hz,5.0,EXPERIMENTAL,LIGHT,True,,saveTime_2510241203__sessionTime_202510241110__participant_P349__trialN_3__trialT_2__fileType_cropped.png,1,,saveTime_2510241203__sessionTime_202510241110__participant_P349__trialN_3__trialT_2__fileType_cropped.png,0.0009040381,0.040834196,0.2631323,0.36335075,0.31522295,0.40354463,0.60478777,0.60478777,0.2550985,0.2550985
P349,202510241110,2510241207,4,5,20 Hz,20.0,EXPERIMENTAL,LIGHT,True,,saveTime_2510241207__sessionTime_202510241110__participant_P349__trialN_4__trialT_5__fileType_cropped.png,1,,saveTime_2510241207__sessionTime_202510241110__participant_P349__trialN_4__trialT_5__fileType_cropped.png,0.0015135815,0.06836646,0.2789682,0.385218,0.3417405,0.43749207,0.6892375,0.6892375,0.18303268,0.18303268
P349,202510241110,2510241211,5,3,10 Hz,10.0,EXPERIMENTAL,LIGHT,True,,saveTime_2510241211__sessionTime_202510241110__participant_P349__trialN_5__trialT_3__fileType_cropped.png,1,,saveTime_2510241211__sessionTime_202510241110__participant_P349__trialN_5__trialT_3__fileType_cropped.png,0.0006716349,0.030336853,0.27719587,0.38277066,0.35683432,0.456815,0.7111052,0.7111052,0.16843392,0.16843392
P349,202510241110,2510241222,6,1,2.5 Hz,2.5,EXPERIMENTAL,LIGHT,True,,saveTime_2510241222__sessionTime_202510241110__participant_P349__trialN_6__trialT_1__fileType_cropped.png,1,,saveTime_2510241222__sessionTime_202510241110__participant_P349__trialN_6__trialT_1__fileType_cropped.png,0.00024017949,0.010848587,0.20996466,0.2899333,0.24767025,0.31706446,0.76512414,0.76512414,0.25855225,0.25855225
P349,202510241110,2510241224,7,1,2.5 Hz,2.5,EXPERIMENTAL,LIGHT,True,,saveTime_2510241224__sessionTime_202510241110__participant_P349__trialN_7__trialT_1__fileType_cropped.png,1,,saveTime_2510241224__sessionTime_202510241110__participant_P349__trialN_7__trialT_1__fileType_cropped.png,0.00021941462,0.009910666,0.074478045,0.10284428,0.57761127,0.739451,0.8146229,0.8146229,0.22863854,0.22863854
P349,202510241110,2510241230,8,2,5 Hz,5.0,EXPERIMENTAL,LIGHT,True,,saveTime_2510241230__sessionTime_202510241110__participant_P349__trialN_8__trialT_2__fileType_cropped.png,1,,saveTime_2510241230__sessionTime_202510241110__participant_P349__trialN_8__trialT_2__fileType_cropped.png,0.00057632965,0.026032042,0.122080654,0.16857716,0.31533462,0.4036876,0.6590595,0.6590595,0.093285166,0.093285166
P349,202510241110,2510241233,9,5,20 Hz,20.0,EXPERIMENTAL,LIGHT,True,,saveTime_2510241233__sessionTime_202510241110__participant_P349__trialN_9__trialT_5__fileType_cropped.png,1,,saveTime_2510241233__sessionTime_202510241110__participant_P349__trialN_9__trialT_5__fileType_cropped.png,0.0008045133,0.03633879,0.27789015,0.38372937,0.2961288,0.37910053,0.704684,0.704684,0.09623582,0.09623582
P349,202510241110,2510241237,10,6,40 Hz,40.0,EXPERIMENTAL,LIGHT,True,,saveTime_2510241237__sessionTime_202510241110__participant_P349__trialN_10__trialT_6__fileType_cropped.png,1,,saveTime_2510241237__sessionTime_202510241110__participant_P349__trialN_10__trialT_6__fileType_cropped.png,0.0005825652,0.026313694,0.13258858,0.18308721,0.43701625,0.55946296,0.84831583,0.84831583,0.07707306,0.07707306
P349,202510241110,2510241241,11,7,80 Hz,80.0,CONTROL,LIGHT,True,,saveTime_2510241241__sessionTime_202510241110__participant_P349__trialN_11__trialT_7__fileType_cropped.png,1,,saveTime_2510241241__sessionTime_202510241110__participant_P349__trialN_11__trialT_7__fileType_cropped.png,0.00047147748,0.02129601,0.22207256,0.3066527,0.35339645,0.4524139,0.8694193,0.8694193,0.06755437,0.06755437
P349,202510241110,2510241251,12,A13,,,VALIDATION,IMAGE,True,,saveTime_2510241251__sessionTime_202510241110__participant_P349__trialN_12__trialT_A13__fileType_cropped.png,1,,saveTime_2510241251__sessionTime_202510241110__participant_P349__trialN_12__trialT_A13__fileType_cropped.png,0.00019459536,0.008789613,0.08609058,0.11887965,0.4733943,0.6060337,0.2796481,0.2796481,0.01363723,0.01363723
P349,202510241110,2510241257,13,B09,,,VALIDATION,IMAGE,True,,saveTime_2510241257__sessionTime_202510241110__participant_P349__trialN_13__trialT_B09__fileType_cropped.png,1,,saveTime_2510241257__sessionTime_202510241110__participant_P349__trialN_13__trialT_B09__fileType_cropped.png,0.026584469,1.200785,0.007957185,0.0109878145,0.813265,1.0411321,0.20611548,0.20611548,0.37750918,0.37750918
P349,202510241110,2510241300,14,4,15 Hz,15.0,EXPERIMENTAL,LIGHT,True,,saveTime_2510241300__sessionTime_202510241110__participant_P349__trialN_14__trialT_4__fileType_cropped.png,1,,saveTime_2510241300__sessionTime_202510241110__participant_P349__trialN_14__trialT_4__fileType_cropped.png,0.0009937278,0.04488536,0.23681307,0.32700738,0.32209218,0.41233853,0.78579503,0.78579503,0.13802655,0.13802655
P349,202510241110,2510241304,15,4,15 Hz,15.0,EXPERIMENTAL,LIGHT,True,,saveTime_2510241304__sessionTime_202510241110__participant_P349__trialN_15__trialT_4__fileType_cropped.png,1,,saveTime_2510241304__sessionTime_202510241110__participant_P349__trialN_15__trialT_4__fileType_cropped.png,0.00061150145,0.027620705,0.30157056,0.41642886,0.21427567,0.27431315,0.8291353,0.8291353,0.10315759,0.10315759
P349,202510241110,2510241308,16,C07,,,VALIDATION,IMAGE,True,,saveTime_2510241308__sessionTime_202510241110__participant_P349__trialN_16__trialT_C07__fileType_cropped.png,1,,saveTime_2510241308__sessionTime_202510241110__participant_P349__trialN_16__trialT_C07__fileType_cropped.png,0.0067303577,0.30400127,0.28660056,0.3957573,0.2798658,0.35828084,0.44391263,0.44391263,0.25805828,0.25805828
P349,202510241110,2510241312,17,3,10 Hz,10.0,EXPERIMENTAL,LIGHT,True,,saveTime_2510241312__sessionTime_202510241110__participant_P349__trialN_17__trialT_3__fileType_cropped.png,1,,saveTime_2510241312__sessionTime_202510241110__participant_P349__trialN_17__trialT_3__fileType_cropped.png,0.0009353778,0.04224977,0.37464237,0.51733136,0.19460475,0.24913067,0.8776169,0.8776169,0.07975367,0.07975367
P350,202510241110,2510241159,2,6,40 Hz,40.0,EXPERIMENTAL,LIGHT,True,,saveTime_2510241159__sessionTime_202510241110__participant_P350__trialN_2__trialT_6__fileType_cropped.png,1,,saveTime_2510241159__sessionTime_202510241110__participant_P350__trialN_2__trialT_6__fileType_cropped.png,0.00055594277,0.025111193,0.26091352,0.3602869,0.31986928,0.4094928,0.80169064,0.80169064,0.008205451,0.008205451
P350,202510241110,2510241203,3,2,5 Hz,5.0,EXPERIMENTAL,LIGHT,True,,saveTime_2510241203__sessionTime_202510241110__participant_P350__trialN_3__trialT_2__fileType_cropped.png,1,,saveTime_2510241203__sessionTime_202510241110__participant_P350__trialN_3__trialT_2__fileType_cropped.png,0.0007154341,0.032315202,0.27466986,0.37928256,0.574762,0.73580337,0.76653814,0.76653814,0.24190672,0.24190672
P350,202510241110,2510241206,4,5,20 Hz,20.0,EXPERIMENTAL,LIGHT,True,,saveTime_2510241206__sessionTime_202510241110__participant_P350__trialN_4__trialT_5__fileType_cropped.png,1,,saveTime_2510241206__sessionTime_202510241110__participant_P350__trialN_4__trialT_5__fileType_cropped.png,0.018952502,0.85605925,0.08959292,0.123715915,0.5358599,0.68600136,0.5727551,0.5727551,0.29576287,0.29576287
P350,202510241110,2510241210,5,3,10 Hz,10.0,EXPERIMENTAL,LIGHT,True,,saveTime_2510241210__sessionTime_202510241110__participant_P350__trialN_5__trialT_3__fileType_cropped.png,1,,saveTime_2510241210__sessionTime_202510241110__participant_P350__trialN_5__trialT_3__fileType_cropped.png,0.0037468593,0.16924064,0.5277591,0.72876513,0.21113612,0.27029392,0.787043,0.787043,0.26877838,0.26877838
P350,202510241110,2510241221,6,1,2.5 Hz,2.5,EXPERIMENTAL,LIGHT,True,,saveTime_2510241221__sessionTime_202510241110__participant_P350__trialN_6__trialT_1__fileType_cropped.png,1,,saveTime_2510241221__sessionTime_202510241110__participant_P350__trialN_6__trialT_1__fileType_cropped.png,0.0003870166,0.017481023,0.54279727,0.7495309,0.16251697,0.20805226,0.6232499,0.6232499,0.04530034,0.04530034
P350,202510241110,2510241224,7,1,2.5 Hz,2.5,EXPERIMENTAL,LIGHT,True,,saveTime_2510241224__sessionTime_202510241110__participant_P350__trialN_7__trialT_1__fileType_cropped.png,1,,saveTime_2510241224__sessionTime_202510241110__participant_P350__trialN_7__trialT_1__fileType_cropped.png,0.0015443409,0.069755815,0.47299787,0.6531472,0.16360103,0.20944007,0.92767006,0.92767006,0.011767626,0.011767626
P350,202510241110,2510241229,8,2,5 Hz,5.0,EXPERIMENTAL,LIGHT,True,,saveTime_2510241229__sessionTime_202510241110__participant_P350__trialN_8__trialT_2__fileType_cropped.png,1,,saveTime_2510241229__sessionTime_202510241110__participant_P350__trialN_8__trialT_2__fileType_cropped.png,0.0005309004,0.023980062,0.6503075,0.8979882,0.09876437,0.12643695,0.7564593,0.7564593,0.114047065,0.114047065
P350,202510241110,2510241233,9,5,20 Hz,20.0,EXPERIMENTAL,LIGHT,True,,saveTime_2510241233__sessionTime_202510241110__participant_P350__trialN_9__trialT_5__fileType_cropped.png,1,,saveTime_2510241233__sessionTime_202510241110__participant_P350__trialN_9__trialT_5__fileType_cropped.png,0.0014246117,0.06434781,0.12523206,0.17292883,0.51680803,0.66161144,0.49857426,0.49857426,0.14643209,0.14643209
P350,202510241110,2510241236,10,6,40 Hz,40.0,EXPERIMENTAL,LIGHT,True,,saveTime_2510241236__sessionTime_202510241110__participant_P350__trialN_10__trialT_6__fileType_cropped.png,1,,saveTime_2510241236__sessionTime_202510241110__participant_P350__trialN_10__trialT_6__fileType_cropped.png,0.005837998,0.26369458,0.15647675,0.2160736,0.3833097,0.49070844,0.887692,0.887692,0.010492417,0.010492417
P350,202510241110,2510241240,11,7,80 Hz,80.0,CONTROL,LIGHT,True,,saveTime_2510241240__sessionTime_202510241110__participant_P350__trialN_11__trialT_7__fileType_cropped.png,1,,saveTime_2510241240__sessionTime_202510241110__participant_P350__trialN_11__trialT_7__fileType_cropped.png,0.0014130719,0.063826576,0.17663492,0.24390936,0.4082425,0.5226271,0.86664784,0.86664784,0.009835687,0.009835687
P350,202510241110,2510241252,12,A12,,,VALIDATION,IMAGE,True,,saveTime_2510241252__sessionTime_202510241110__participant_P350__trialN_12__trialT_A12__fileType_cropped.png,1,,saveTime_2510241252__sessionTime_202510241110__participant_P350__trialN_12__trialT_A12__fileType_cropped.png,0.0006479157,0.029265488,0.42954662,0.5931468,0.15946321,0.20414288,0.6112235,0.6112235,0.24898833,0.24898833
P350,202510241110,2510241256,13,B09,,,VALIDATION,IMAGE,True,,saveTime_2510241256__sessionTime_202510241110__participant_P350__trialN_13__trialT_B09__fileType_cropped.png,1,,saveTime_2510241256__sessionTime_202510241110__participant_P350__trialN_13__trialT_B09__fileType_cropped.png,0.011690928,0.5280636,0.007313914,0.010099543,0.84953487,1.0875643,0.3458923,0.3458923,0.18876587,0.18876587
P350,202510241110,2510241259,14,4,15 Hz,15.0,EXPERIMENTAL,LIGHT,True,,saveTime_2510241259__sessionTime_202510241110__participant_P350__trialN_14__trialT_4__fileType_cropped.png,1,,saveTime_2510241259__sessionTime_202510241110__participant_P350__trialN_14__trialT_4__fileType_cropped.png,0.00073333125,0.033123594,0.21274516,0.2937728,0.36016524,0.4610792,0.50255275,0.50255275,0.122662656,0.122662656
P350,202510241110,2510241303,15,4,15 Hz,15.0,EXPERIMENTAL,LIGHT,True,,saveTime_2510241303__sessionTime_202510241110__participant_P350__trialN_15__trialT_4__fileType_cropped.png,1,,saveTime_2510241303__sessionTime_202510241110__participant_P350__trialN_15__trialT_4__fileType_cropped.png,0.0012173128,0.054984394,0.3757455,0.5188546,0.28875858,0.36966527,0.5969157,0.5969157,0.16616343,0.16616343
P350,202510241110,2510241307,16,C00,,,VALIDATION,IMAGE,True,,saveTime_2510241307__sessionTime_202510241110__participant_P350__trialN_16__trialT_C00__fileType_cropped.png,1,,saveTime_2510241307__sessionTime_202510241110__participant_P350__trialN_16__trialT_C00__fileType_cropped.png,0.044871908,2.0268042,0.6914956,0.95486355,0.09572965,0.12255195,0.47352844,0.47352844,0.23493977,0.23493977
P350,202510241110,2510241312,17,3,10 Hz,10.0,EXPERIMENTAL,LIGHT,True,,saveTime_2510241312__sessionTime_202510241110__participant_P350__trialN_17__trialT_3__fileType_cropped.png,1,,saveTime_2510241312__sessionTime_202510241110__participant_P350__trialN_17__trialT_3__fileType_cropped.png,0.0007646623,0.034538776,0.34096187,0.47082305,0.2777605,0.35558566,0.76369476,0.76369476,0.080893554,0.080893554
P351,202510241110,2510241200,2,6,40 Hz,40.0,EXPERIMENTAL,LIGHT,True,,saveTime_2510241200__sessionTime_202510241110__participant_P351__trialN_2__trialT_6__fileType_cropped.png,1,,saveTime_2510241200__sessionTime_202510241110__participant_P351__trialN_2__trialT_6__fileType_cropped.png,0.009228266,0.41682845,0.3038732,0.41960853,0.30173314,0.38627514,0.78887826,0.78887826,0.32971308,0.32971308
P351,202510241110,2510241202,3,2,5 Hz,5.0,EXPERIMENTAL,LIGHT,True,,saveTime_2510241202__sessionTime_202510241110__participant_P351__trialN_3__trialT_2__fileType_cropped.png,1,,saveTime_2510241202__sessionTime_202510241110__participant_P351__trialN_3__trialT_2__fileType_cropped.png,0.0006021837,0.027199835,0.02769402,0.038241763,0.8709222,1.1149441,0.9158444,0.9158444,0.113892905,0.113892905
P351,202510241110,2510241207,4,5,20 Hz,20.0,EXPERIMENTAL,LIGHT,True,,saveTime_2510241207__sessionTime_202510241110__participant_P351__trialN_4__trialT_5__fileType_cropped.png,1,,saveTime_2510241207__sessionTime_202510241110__participant_P351__trialN_4__trialT_5__fileType_cropped.png,0.0023502898,0.106159456,0.2452545,0.33866388,0.31866726,0.407954,0.91709906,0.91709906,0.084219016,0.084219016
P351,202510241110,2510241212,5,3,10 Hz,10.0,EXPERIMENTAL,LIGHT,True,,saveTime_2510241212__sessionTime_202510241110__participant_P351__trialN_5__trialT_3__fileType_cropped.png,1,,saveTime_2510241212__sessionTime_202510241110__participant_P351__trialN_5__trialT_3__fileType_cropped.png,0.004032607,0.18214749,0.53189975,0.7344829,0.22592992,0.28923276,0.8103011,0.8103011,0.21823828,0.21823828
P351,202510241110,2510241220,6,1,2.5 Hz,2.5,EXPERIMENTAL,LIGHT,True,,saveTime_2510241220__sessionTime_202510241110__participant_P351__trialN_6__trialT_1__fileType_cropped.png,1,,saveTime_2510241220__sessionTime_202510241110__participant_P351__trialN_6__trialT_1__fileType_cropped.png,0.0002830337,0.012784255,0.002879275,0.003975896,0.9277396,1.1876811,0.7174106,0.7174106,0.2771786,0.2771786
P351,202510241110,2510241224,7,1,2.5 Hz,2.5,EXPERIMENTAL,LIGHT,True,,saveTime_2510241224__sessionTime_202510241110__participant_P351__trialN_7__trialT_1__fileType_cropped.png,1,,saveTime_2510241224__sessionTime_202510241110__participant_P351__trialN_7__trialT_1__fileType_cropped.png,0.00046432106,0.020972762,0.0033294747,0.0045975624,0.9123302,1.1679542,0.863851,0.863851,0.1435583,0.1435583
P351,202510241110,2510241229,8,2,5 Hz,5.0,EXPERIMENTAL,LIGHT,True,,saveTime_2510241229__sessionTime_202510241110__participant_P351__trialN_8__trialT_2__fileType_cropped.png,1,,saveTime_2510241229__sessionTime_202510241110__participant_P351__trialN_8__trialT_2__fileType_cropped.png,0.013174572,0.5950779,0.2924532,0.40383902,0.1959056,0.250796,0.6788425,0.6788425,0.4626486,0.4626486
P351,202510241110,2510241234,9,5,20 Hz,20.0,EXPERIMENTAL,LIGHT,True,,saveTime_2510241234__sessionTime_202510241110__participant_P351__trialN_9__trialT_5__fileType_cropped.png,1,,saveTime_2510241234__sessionTime_202510241110__participant_P351__trialN_9__trialT_5__fileType_cropped.png,0.007778371,0.35133865,0.42294732,0.584034,0.35453743,0.45387456,0.9229128,0.9229128,0.22212812,0.22212812
P351,202510241110,2510241238,10,6,40 Hz,40.0,EXPERIMENTAL,LIGHT,True,,saveTime_2510241238__sessionTime_202510241110__participant_P351__trialN_10__trialT_6__fileType_cropped.png,1,,saveTime_2510241238__sessionTime_202510241110__participant_P351__trialN_10__trialT_6__fileType_cropped.png,0.0014961732,0.06758015,0.28771865,0.39730123,0.2873528,0.3678656,0.84952044,0.84952044,0.12257201,0.12257201
P351,202510241110,2510241239,11,7,80 Hz,80.0,CONTROL,LIGHT,True,,saveTime_2510241239__sessionTime_202510241110__participant_P351__trialN_11__trialT_7__fileType_cropped.png,1,,saveTime_2510241239__sessionTime_202510241110__participant_P351__trialN_11__trialT_7__fileType_cropped.png,0.0,0.0,0.0,0.0,0.0,0.0,1.0,1.0,0.0,0.0
P351,202510241110,2510241254,12,A14,,,VALIDATION,IMAGE,True,,saveTime_2510241254__sessionTime_202510241110__participant_P351__trialN_12__trialT_A14__fileType_cropped.png,1,,saveTime_2510241254__sessionTime_202510241110__participant_P351__trialN_12__trialT_A14__fileType_cropped.png,0.0003224059,0.014562644,0.105738066,0.14601022,0.1941958,0.24860713,0.79329324,0.79329324,0.015209246,0.015209246
P351,202510241110,2510241255,13,B10,,,VALIDATION,IMAGE,True,,saveTime_2510241255__sessionTime_202510241110__participant_P351__trialN_13__trialT_B10__fileType_cropped.png,1,,saveTime_2510241255__sessionTime_202510241110__participant_P351__trialN_13__trialT_B10__fileType_cropped.png,0.016749075,0.7565334,0.85601604,1.1820444,0.019966882,0.025561363,0.41010147,0.41010147,0.0856392,0.0856392
P351,202510241110,2510241300,14,4,15 Hz,15.0,EXPERIMENTAL,LIGHT,True,,saveTime_2510241300__sessionTime_202510241110__participant_P351__trialN_14__trialT_4__fileType_cropped.png,1,,saveTime_2510241300__sessionTime_202510241110__participant_P351__trialN_14__trialT_4__fileType_cropped.png,0.020565454,0.9289141,0.28406143,0.3922511,0.29828048,0.38185507,0.7141891,0.7141891,0.35305244,0.35305244
P351,202510241110,2510241303,15,4,15 Hz,15.0,EXPERIMENTAL,LIGHT,True,,saveTime_2510241303__sessionTime_202510241110__participant_P351__trialN_15__trialT_4__fileType_cropped.png,1,,saveTime_2510241303__sessionTime_202510241110__participant_P351__trialN_15__trialT_4__fileType_cropped.png,0.0011413894,0.051555037,0.29905218,0.41295132,0.29152277,0.37320393,0.9248927,0.9248927,0.10689079,0.10689079
P351,202510241110,2510241307,16,C09,,,VALIDATION,IMAGE,True,,saveTime_2510241307__sessionTime_202510241110__participant_P351__trialN_16__trialT_C09__fileType_cropped.png,1,,saveTime_2510241307__sessionTime_202510241110__participant_P351__trialN_16__trialT_C09__fileType_cropped.png,0.012281419,0.5547353,0.021458954,0.029631963,0.71591645,0.9165076,0.3862304,0.3862304,0.08407986,0.08407986
P351,202510241110,2510241312,17,3,10 Hz,10.0,EXPERIMENTAL,LIGHT,True,,saveTime_2510241312__sessionTime_202510241110__participant_P351__trialN_17__trialT_3__fileType_cropped.png,1,,saveTime_2510241312__sessionTime_202510241110__participant_P351__trialN_17__trialT_3__fileType_cropped.png,0.00029467736,0.013310184,0.21070187,0.29095128,0.3747419,0.47974008,0.8372353,0.8372353,0.17917916,0.17917916
P352,202510241300,2510241350,2,4,15 Hz,15.0,EXPERIMENTAL,LIGHT,True,,saveTime_2510241350__sessionTime_202510241300__participant_P352__trialN_2__trialT_4__fileType_cropped.png,1,,saveTime_2510241350__sessionTime_202510241300__participant_P352__trialN_2__trialT_4__fileType_cropped.png,0.023581224,1.0651324,0.18416603,0.25430882,0.5795169,0.74189055,0.5709265,0.5709265,0.29785904,0.29785904
P352,202510241300,2510241353,3,5,20 Hz,20.0,EXPERIMENTAL,LIGHT,True,,saveTime_2510241353__sessionTime_202510241300__participant_P352__trialN_3__trialT_5__fileType_cropped.png,1,,saveTime_2510241353__sessionTime_202510241300__participant_P352__trialN_3__trialT_5__fileType_cropped.png,0.008549567,0.38617256,0.1111654,0.15350464,0.7475889,0.95705426,0.6722498,0.6722498,0.12953076,0.12953076
P352,202510241300,2510241357,4,4,15 Hz,15.0,EXPERIMENTAL,LIGHT,True,,saveTime_2510241357__sessionTime_202510241300__participant_P352__trialN_4__trialT_4__fileType_cropped.png,1,,saveTime_2510241357__sessionTime_202510241300__participant_P352__trialN_4__trialT_4__fileType_cropped.png,0.007558641,0.34141374,0.18555453,0.25622615,0.67234373,0.86072636,0.65140927,0.65140927,0.22544852,0.22544852
P352,202510241300,2510241400,5,3,10 Hz,10.0,EXPERIMENTAL,LIGHT,True,,saveTime_2510241400__sessionTime_202510241300__participant_P352__trialN_5__trialT_3__fileType_cropped.png,1,,saveTime_2510241400__sessionTime_202510241300__participant_P352__trialN_5__trialT_3__fileType_cropped.png,0.002092503,0.09451557,0.33022037,0.45599046,0.08607778,0.11019574,0.88468367,0.88468367,0.24776043,0.24776043
P352,202510241300,2510241411,6,6,40 Hz,40.0,EXPERIMENTAL,LIGHT,True,,saveTime_2510241411__sessionTime_202510241300__participant_P352__trialN_6__trialT_6__fileType_cropped.png,1,,saveTime_2510241411__sessionTime_202510241300__participant_P352__trialN_6__trialT_6__fileType_cropped.png,0.001419984,0.064138785,0.6349248,0.87674683,0.08449678,0.10817176,0.6701177,0.6701177,0.08243163,0.08243163
P352,202510241300,2510241416,7,1,2.5 Hz,2.5,EXPERIMENTAL,LIGHT,True,,saveTime_2510241416__sessionTime_202510241300__participant_P352__trialN_7__trialT_1__fileType_cropped.png,1,,saveTime_2510241416__sessionTime_202510241300__participant_P352__trialN_7__trialT_1__fileType_cropped.png,0.0015542193,0.070202015,0.03163748,0.043687154,0.5041083,0.6453534,0.3235542,0.3235542,0.35500342,0.35500342
P352,202510241300,2510241419,8,1,2.5 Hz,2.5,EXPERIMENTAL,LIGHT,True,,saveTime_2510241419__sessionTime_202510241300__participant_P352__trialN_8__trialT_1__fileType_cropped.png,1,,saveTime_2510241419__sessionTime_202510241300__participant_P352__trialN_8__trialT_1__fileType_cropped.png,0.0002513933,0.0113551,0.0017922805,0.0024749013,0.93364424,1.1952401,0.5133114,0.5133114,0.32785344,0.32785344
P352,202510241300,2510241422,9,6,40 Hz,40.0,EXPERIMENTAL,LIGHT,True,,saveTime_2510241422__sessionTime_202510241300__participant_P352__trialN_9__trialT_6__fileType_cropped.png,1,,saveTime_2510241422__sessionTime_202510241300__participant_P352__trialN_9__trialT_6__fileType_cropped.png,0.0010648736,0.04809892,0.004311083,0.0059530325,0.906444,1.1604187,0.6588101,0.6588101,0.08692699,0.08692699
P352,202510241300,2510241440,10,3,10 Hz,10.0,EXPERIMENTAL,LIGHT,True,,saveTime_2510241440__sessionTime_202510241300__participant_P352__trialN_10__trialT_3__fileType_cropped.png,1,,saveTime_2510241440__sessionTime_202510241300__participant_P352__trialN_10__trialT_3__fileType_cropped.png,0.0015262129,0.068937,0.04236312,0.05849784,0.8142789,1.04243,0.56648386,0.56648386,0.18838601,0.18838601
P352,202510241300,2510241445,11,5,20 Hz,20.0,EXPERIMENTAL,LIGHT,True,,saveTime_2510241445__sessionTime_202510241300__participant_P352__trialN_11__trialT_5__fileType_cropped.png,1,,saveTime_2510241445__sessionTime_202510241300__participant_P352__trialN_11__trialT_5__fileType_cropped.png,0.020697977,0.93490005,0.117970765,0.16290195,0.6439477,0.82437414,0.46973878,0.46973878,0.3697693,0.3697693
P352,202510241300,2510241448,12,7,80 Hz,80.0,CONTROL,LIGHT,True,,saveTime_2510241448__sessionTime_202510241300__participant_P352__trialN_12__trialT_7__fileType_cropped.png,1,,saveTime_2510241448__sessionTime_202510241300__participant_P352__trialN_12__trialT_7__fileType_cropped.png,0.0,0.0,0.0,0.0,0.0,0.0,0.8078431,0.8078431,5.9604645e-08,5.9604645e-08
P352,202510241300,2510241453,13,2,5 Hz,5.0,EXPERIMENTAL,LIGHT,True,,saveTime_2510241453__sessionTime_202510241300__participant_P352__trialN_13__trialT_2__fileType_cropped.png,1,,saveTime_2510241453__sessionTime_202510241300__participant_P352__trialN_13__trialT_2__fileType_cropped.png,0.00042895594,0.019375369,0.003565422,0.004923374,0.86095977,1.1021904,0.34057158,0.34057158,0.35624632,0.35624632
P352,202510241300,2510241459,14,C07,,,VALIDATION,IMAGE,True,,saveTime_2510241459__sessionTime_202510241300__participant_P352__trialN_14__trialT_C07__fileType_cropped.png,1,,saveTime_2510241459__sessionTime_202510241300__participant_P352__trialN_14__trialT_C07__fileType_cropped.png,0.014163719,0.63975626,0.29370868,0.40557265,0.28328714,0.3626608,0.7005523,0.7005523,0.13653281,0.13653281
P352,202510241300,2510241502,15,B10,,,VALIDATION,IMAGE,True,,saveTime_2510241502__sessionTime_202510241300__participant_P352__trialN_15__trialT_B10__fileType_cropped.png,1,,saveTime_2510241502__sessionTime_202510241300__participant_P352__trialN_15__trialT_B10__fileType_cropped.png,0.016721753,0.7552993,0.75230026,1.0388267,0.022039013,0.028214078,0.41390333,0.41390333,0.18016705,0.18016705
P352,202510241300,2510241505,16,A06,,,VALIDATION,IMAGE,True,,saveTime_2510241505__sessionTime_202510241300__participant_P352__trialN_16__trialT_A06__fileType_cropped.png,1,,saveTime_2510241505__sessionTime_202510241300__participant_P352__trialN_16__trialT_A06__fileType_cropped.png,0.00078821933,0.035602815,0.1273211,0.17581351,0.4001377,0.51225144,0.2660397,0.2660397,0.085176386,0.085176386
P352,202510241300,2510241510,17,2,5 Hz,5.0,EXPERIMENTAL,LIGHT,True,,saveTime_2510241510__sessionTime_202510241300__participant_P352__trialN_17__trialT_2__fileType_cropped.png,1,,saveTime_2510241510__sessionTime_202510241300__participant_P352__trialN_17__trialT_2__fileType_cropped.png,0.00086757017,0.039186988,0.016926268,0.023372928,0.5920359,0.7579172,0.39323586,0.39323586,0.34080487,0.34080487
P353,202510241300,2510241350,2,4,15 Hz,15.0,EXPERIMENTAL,LIGHT,True,,saveTime_2510241350__sessionTime_202510241300__participant_P353__trialN_2__trialT_4__fileType_cropped.png,1,,saveTime_2510241350__sessionTime_202510241300__participant_P353__trialN_2__trialT_4__fileType_cropped.png,0.005424914,0.24503613,0.5236708,0.7231198,0.07826664,0.10019601,0.7450973,0.7450973,0.3568279,0.3568279
P353,202510241300,2510241354,3,5,20 Hz,20.0,EXPERIMENTAL,LIGHT,True,,saveTime_2510241354__sessionTime_202510241300__participant_P353__trialN_3__trialT_5__fileType_cropped.png,1,,saveTime_2510241354__sessionTime_202510241300__participant_P353__trialN_3__trialT_5__fileType_cropped.png,0.010457189,0.47233728,0.523025,0.722228,0.10712501,0.13714014,0.60907614,0.60907614,0.23388813,0.23388813
P353,202510241300,2510241358,4,4,15 Hz,15.0,EXPERIMENTAL,LIGHT,True,,saveTime_2510241358__sessionTime_202510241300__participant_P353__trialN_4__trialT_4__fileType_cropped.png,1,,saveTime_2510241358__sessionTime_202510241300__participant_P353__trialN_4__trialT_4__fileType_cropped.png,0.0028093613,0.1268951,0.48754898,0.67324036,0.17291997,0.22137007,0.34966186,0.34966186,0.2021738,0.2021738
P353,202510241300,2510241402,5,3,10 Hz,10.0,EXPERIMENTAL,LIGHT,True,,saveTime_2510241402__sessionTime_202510241300__participant_P353__trialN_5__trialT_3__fileType_cropped.png,1,,saveTime_2510241402__sessionTime_202510241300__participant_P353__trialN_5__trialT_3__fileType_cropped.png,0.005078712,0.22939865,0.029447535,0.040663134,0.5715053,0.7316342,0.7715337,0.7715337,0.2781777,0.2781777
P353,202510241300,2510241412,6,6,40 Hz,40.0,EXPERIMENTAL,LIGHT,True,,saveTime_2510241412__sessionTime_202510241300__participant_P353__trialN_6__trialT_6__fileType_cropped.png,1,,saveTime_2510241412__sessionTime_202510241300__participant_P353__trialN_6__trialT_6__fileType_cropped.png,0.002501982,0.113011196,0.3222565,0.4449934,0.26270762,0.33631513,0.59321886,0.59321886,0.32910198,0.32910198
P353,202510241300,2510241416,7,1,2.5 Hz,2.5,EXPERIMENTAL,LIGHT,True,,saveTime_2510241416__sessionTime_202510241300__participant_P353__trialN_7__trialT_1__fileType_cropped.png,1,,saveTime_2510241416__sessionTime_202510241300__participant_P353__trialN_7__trialT_1__fileType_cropped.png,7.2393306e-07,3.2699092e-05,0.29090226,0.40169737,0.29086837,0.3723662,0.007843141,0.007843141,3.9215665e-06,3.9215665e-06
P353,202510241300,2510241420,8,1,2.5 Hz,2.5,EXPERIMENTAL,LIGHT,True,,saveTime_2510241420__sessionTime_202510241300__participant_P353__trialN_8__trialT_1__fileType_cropped.png,1,,saveTime_2510241420__sessionTime_202510241300__participant_P353__trialN_8__trialT_1__fileType_cropped.png,0.0009749227,0.044035956,0.0035608336,0.004917038,0.82075065,1.0507151,0.09441276,0.09441276,0.26654536,0.26654536
P353,202510241300,2510241430,9,6,40 Hz,40.0,EXPERIMENTAL,LIGHT,True,,saveTime_2510241430__sessionTime_202510241300__participant_P353__trialN_9__trialT_6__fileType_cropped.png,1,,saveTime_2510241430__sessionTime_202510241300__participant_P353__trialN_9__trialT_6__fileType_cropped.png,0.0,0.0,0.0,0.0,0.0,0.0,0.91764724,0.91764724,1.7881393e-07,1.7881393e-07
P353,202510241300,2510241442,10,3,10 Hz,10.0,EXPERIMENTAL,LIGHT,True,,saveTime_2510241442__sessionTime_202510241300__participant_P353__trialN_10__trialT_3__fileType_cropped.png,1,,saveTime_2510241442__sessionTime_202510241300__participant_P353__trialN_10__trialT_3__fileType_cropped.png,0.0045543225,0.20571268,0.31875065,0.4401523,0.2760116,0.3533467,0.57695013,0.57695013,0.33196676,0.33196676
P353,202510241300,2510241446,11,5,20 Hz,20.0,EXPERIMENTAL,LIGHT,True,,saveTime_2510241446__sessionTime_202510241300__participant_P353__trialN_11__trialT_5__fileType_cropped.png,1,,saveTime_2510241446__sessionTime_202510241300__participant_P353__trialN_11__trialT_5__fileType_cropped.png,0.0,0.0,0.0,0.0,0.0,0.0,0.9215689,0.9215689,2.3841858e-07,2.3841858e-07
P353,202510241300,2510241450,12,7,80 Hz,80.0,CONTROL,LIGHT,True,,saveTime_2510241450__sessionTime_202510241300__participant_P353__trialN_12__trialT_7__fileType_cropped.png,1,,saveTime_2510241450__sessionTime_202510241300__participant_P353__trialN_12__trialT_7__fileType_cropped.png,0.0,0.0,0.0,0.0,0.0,0.0,0.9568626,0.9568626,1.1920929e-07,1.1920929e-07
P353,202510241300,2510241455,13,2,5 Hz,5.0,EXPERIMENTAL,LIGHT,True,,saveTime_2510241455__sessionTime_202510241300__participant_P353__trialN_13__trialT_2__fileType_cropped.png,1,,saveTime_2510241455__sessionTime_202510241300__participant_P353__trialN_13__trialT_2__fileType_cropped.png,0.0070993183,0.32066673,0.70265067,0.9702672,0.03902598,0.04996059,0.9051422,0.9051422,0.25302517,0.25302517
P353,202510241300,2510241459,14,C11,,,VALIDATION,IMAGE,True,,saveTime_2510241459__sessionTime_202510241300__participant_P353__trialN_14__trialT_C11__fileType_cropped.png,1,,saveTime_2510241459__sessionTime_202510241300__participant_P353__trialN_14__trialT_C11__fileType_cropped.png,0.007120001,0.32160097,0.2577169,0.35587278,0.33483416,0.42865065,0.266446,0.266446,0.23446715,0.23446715
P353,202510241300,2510241502,15,B05,,,VALIDATION,IMAGE,True,,saveTime_2510241502__sessionTime_202510241300__participant_P353__trialN_15__trialT_B05__fileType_cropped.png,1,,saveTime_2510241502__sessionTime_202510241300__participant_P353__trialN_15__trialT_B05__fileType_cropped.png,0.020451158,0.92375153,0.023623645,0.032621115,0.67005676,0.8577986,0.05917293,0.05917293,0.1370799,0.1370799
P353,202510241300,2510241507,16,A09,,,VALIDATION,IMAGE,True,,saveTime_2510241507__sessionTime_202510241300__participant_P353__trialN_16__trialT_A09__fileType_cropped.png,1,,saveTime_2510241507__sessionTime_202510241300__participant_P353__trialN_16__trialT_A09__fileType_cropped.png,0.015619397,0.70550734,0.81621104,1.127079,0.012685691,0.01624007,0.047981374,0.047981374,0.113999516,0.113999516
P353,202510241300,2510241510,17,2,5 Hz,5.0,EXPERIMENTAL,LIGHT,True,,saveTime_2510241510__sessionTime_202510241300__participant_P353__trialN_17__trialT_2__fileType_cropped.png,1,,saveTime_2510241510__sessionTime_202510241300__participant_P353__trialN_17__trialT_2__fileType_cropped.png,0.001277648,0.057709657,0.01861165,0.025700217,0.63227665,0.809433,0.39530957,0.39530957,0.31909713,0.31909713
P354,202510241300,2510241350,2,4,15 Hz,15.0,EXPERIMENTAL,LIGHT,True,,saveTime_2510241350__sessionTime_202510241300__participant_P354__trialN_2__trialT_4__fileType_cropped.png,1,,saveTime_2510241350__sessionTime_202510241300__participant_P354__trialN_2__trialT_4__fileType_cropped.png,0.0008723791,0.039404202,0.29364318,0.4054822,0.26668832,0.34141117,0.9386941,0.9386941,0.05393022,0.05393022
P354,202510241300,2510241354,3,5,20 Hz,20.0,EXPERIMENTAL,LIGHT,True,,saveTime_2510241354__sessionTime_202510241300__participant_P354__trialN_3__trialT_5__fileType_cropped.png,1,,saveTime_2510241354__sessionTime_202510241300__participant_P354__trialN_3__trialT_5__fileType_cropped.png,0.0010014501,0.045234166,0.30442256,0.4203671,0.2935242,0.37576616,0.97346264,0.97346264,0.031089364,0.031089364
P354,202510241300,2510241358,4,4,15 Hz,15.0,EXPERIMENTAL,LIGHT,True,,saveTime_2510241358__sessionTime_202510241300__participant_P354__trialN_4__trialT_4__fileType_cropped.png,1,,saveTime_2510241358__sessionTime_202510241300__participant_P354__trialN_4__trialT_4__fileType_cropped.png,0.0017120729,0.07733205,0.29425514,0.40632725,0.27430397,0.35116065,0.71950674,0.71950674,0.07102307,0.07102307
P354,202510241300,2510241402,5,3,10 Hz,10.0,EXPERIMENTAL,LIGHT,True,,saveTime_2510241402__sessionTime_202510241300__participant_P354__trialN_5__trialT_3__fileType_cropped.png,1,,saveTime_2510241402__sessionTime_202510241300__participant_P354__trialN_5__trialT_3__fileType_cropped.png,0.0007336015,0.0331358,0.51918465,0.716925,0.11961284,0.15312693,0.8884598,0.8884598,0.11118405,0.11118405
P354,202510241300,2510241412,6,6,40 Hz,40.0,EXPERIMENTAL,LIGHT,True,,saveTime_2510241412__sessionTime_202510241300__participant_P354__trialN_6__trialT_6__fileType_cropped.png,1,,saveTime_2510241412__sessionTime_202510241300__participant_P354__trialN_6__trialT_6__fileType_cropped.png,0.00093633897,0.042293184,0.47006598,0.64909863,0.11915636,0.15254253,0.9220677,0.9220677,0.05672209,0.05672209
P354,202510241300,2510241416,7,1,2.5 Hz,2.5,EXPERIMENTAL,LIGHT,True,,saveTime_2510241416__sessionTime_202510241300__participant_P354__trialN_7__trialT_1__fileType_cropped.png,1,,saveTime_2510241416__sessionTime_202510241300__participant_P354__trialN_7__trialT_1__fileType_cropped.png,0.0003074718,0.013888092,0.034274876,0.04732905,0.5172163,0.6621341,0.7517919,0.7517919,0.18315889,0.18315889
P354,202510241300,2510241420,8,1,2.5 Hz,2.5,EXPERIMENTAL,LIGHT,True,,saveTime_2510241420__sessionTime_202510241300__participant_P354__trialN_8__trialT_1__fileType_cropped.png,1,,saveTime_2510241420__sessionTime_202510241300__participant_P354__trialN_8__trialT_1__fileType_cropped.png,0.00017814635,0.008046634,0.08016642,0.11069918,0.5788117,0.7409878,0.5800121,0.5800121,0.38901746,0.38901746
P354,202510241300,2510241424,9,6,40 Hz,40.0,EXPERIMENTAL,LIGHT,True,,saveTime_2510241424__sessionTime_202510241300__participant_P354__trialN_9__trialT_6__fileType_cropped.png,1,,saveTime_2510241424__sessionTime_202510241300__participant_P354__trialN_9__trialT_6__fileType_cropped.png,0.0007163772,0.032357804,0.23922525,0.3303383,0.33970195,0.43488234,0.64733964,0.64733964,0.07711931,0.07711931
P354,202510241300,2510241442,10,3,10 Hz,10.0,EXPERIMENTAL,LIGHT,True,,saveTime_2510241442__sessionTime_202510241300__participant_P354__trialN_10__trialT_3__fileType_cropped.png,1,,saveTime_2510241442__sessionTime_202510241300__participant_P354__trialN_10__trialT_3__fileType_cropped.png,0.00029569844,0.013356305,0.20769952,0.28680545,0.43548152,0.5574982,0.766612,0.766612,0.2554559,0.2554559
P354,202510241300,2510241446,11,5,20 Hz,20.0,EXPERIMENTAL,LIGHT,True,,saveTime_2510241446__sessionTime_202510241300__participant_P354__trialN_11__trialT_5__fileType_cropped.png,1,,saveTime_2510241446__sessionTime_202510241300__participant_P354__trialN_11__trialT_5__fileType_cropped.png,0.00074881833,0.033823125,0.42486078,0.5866763,0.16996555,0.21758786,0.90002996,0.90002996,0.09692751,0.09692751
P354,202510241300,2510241450,12,7,80 Hz,80.0,CONTROL,LIGHT,True,,saveTime_2510241450__sessionTime_202510241300__participant_P354__trialN_12__trialT_7__fileType_cropped.png,1,,saveTime_2510241450__sessionTime_202510241300__participant_P354__trialN_12__trialT_7__fileType_cropped.png,0.00018428556,0.008323933,0.69242036,0.9561405,0.05386781,0.06896092,0.89213336,0.89213336,0.21933651,0.21933651
P354,202510241300,2510241455,13,2,5 Hz,5.0,EXPERIMENTAL,LIGHT,True,,saveTime_2510241455__sessionTime_202510241300__participant_P354__trialN_13__trialT_2__fileType_cropped.png,1,,saveTime_2510241455__sessionTime_202510241300__participant_P354__trialN_13__trialT_2__fileType_cropped.png,0.0003229223,0.01458597,0.36369208,0.50221044,0.266875,0.34165016,0.76933324,0.76933324,0.21486756,0.21486756
P354,202510241300,2510241459,14,C06,,,VALIDATION,IMAGE,True,,saveTime_2510241459__sessionTime_202510241300__participant_P354__trialN_14__trialT_C06__fileType_cropped.png,1,,saveTime_2510241459__sessionTime_202510241300__participant_P354__trialN_14__trialT_C06__fileType_cropped.png,0.0033260942,0.15023524,0.041507035,0.0573157,0.6071694,0.77729094,0.18478613,0.18478613,0.082969196,0.082969196
P354,202510241300,2510241502,15,B12,,,VALIDATION,IMAGE,True,,saveTime_2510241502__sessionTime_202510241300__participant_P354__trialN_15__trialT_B12__fileType_cropped.png,1,,saveTime_2510241502__sessionTime_202510241300__participant_P354__trialN_15__trialT_B12__fileType_cropped.png,0.005782651,0.26119462,0.40636984,0.56114274,0.26278672,0.3364164,0.14984037,0.14984037,0.09053093,0.09053093
P354,202510241300,2510241506,16,A10,,,VALIDATION,IMAGE,True,,saveTime_2510241506__sessionTime_202510241300__participant_P354__trialN_16__trialT_A10__fileType_cropped.png,1,,saveTime_2510241506__sessionTime_202510241300__participant_P354__trialN_16__trialT_A10__fileType_cropped.png,0.004028519,0.18196283,0.40700418,0.5620187,0.35622874,0.45603976,0.2135359,0.2135359,0.024499644,0.024499644
P354,202510241300,2510241510,17,2,5 Hz,5.0,EXPERIMENTAL,LIGHT,True,,saveTime_2510241510__sessionTime_202510241300__participant_P354__trialN_17__trialT_2__fileType_cropped.png,1,,saveTime_2510241510__sessionTime_202510241300__participant_P354__trialN_17__trialT_2__fileType_cropped.png,0.00082429295,0.037232213,0.03546189,0.04896816,0.7431105,0.95132107,0.9437525,0.9437525,0.06639943,0.06639943
P355,202510241300,2510241350,2,4,15 Hz,15.0,EXPERIMENTAL,LIGHT,True,,saveTime_2510241350__sessionTime_202510241300__participant_P355__trialN_2__trialT_4__fileType_cropped.png,1,,saveTime_2510241350__sessionTime_202510241300__participant_P355__trialN_2__trialT_4__fileType_cropped.png,0.0038983338,0.17608254,0.30328804,0.41880047,0.4393868,0.56249774,0.86575,0.86575,0.1848332,0.1848332
P355,202510241300,2510241354,3,5,20 Hz,20.0,EXPERIMENTAL,LIGHT,True,,saveTime_2510241354__sessionTime_202510241300__participant_P355__trialN_3__trialT_5__fileType_cropped.png,1,,saveTime_2510241354__sessionTime_202510241300__participant_P355__trialN_3__trialT_5__fileType_cropped.png,0.024787078,1.1195992,0.26719147,0.3689559,0.31672305,0.40546504,0.8134415,0.8134415,0.37991953,0.37991953
P355,202510241300,2510241358,4,4,15 Hz,15.0,EXPERIMENTAL,LIGHT,True,,saveTime_2510241358__sessionTime_202510241300__participant_P355__trialN_4__trialT_4__fileType_cropped.png,1,,saveTime_2510241358__sessionTime_202510241300__participant_P355__trialN_4__trialT_4__fileType_cropped.png,0.02443091,1.1035117,0.33664444,0.46486124,0.23769656,0.30429628,0.84131074,0.84131074,0.35523832,0.35523832
P355,202510241300,2510241402,5,3,10 Hz,10.0,EXPERIMENTAL,LIGHT,True,,saveTime_2510241402__sessionTime_202510241300__participant_P355__trialN_5__trialT_3__fileType_cropped.png,1,,saveTime_2510241402__sessionTime_202510241300__participant_P355__trialN_5__trialT_3__fileType_cropped.png,0.0011834346,0.053454164,0.5028887,0.6944224,0.15872441,0.20319708,0.22103934,0.22103934,0.3664578,0.3664578
P355,202510241300,2510241413,6,6,40 Hz,40.0,EXPERIMENTAL,LIGHT,True,,saveTime_2510241413__sessionTime_202510241300__participant_P355__trialN_6__trialT_6__fileType_cropped.png,1,,saveTime_2510241413__sessionTime_202510241300__participant_P355__trialN_6__trialT_6__fileType_cropped.png,0.0041899015,0.18925227,0.2748445,0.37952372,0.29170412,0.3734361,0.888022,0.888022,0.051842526,0.051842526
P355,202510241300,2510241417,7,1,2.5 Hz,2.5,EXPERIMENTAL,LIGHT,True,,saveTime_2510241417__sessionTime_202510241300__participant_P355__trialN_7__trialT_1__fileType_cropped.png,1,,saveTime_2510241417__sessionTime_202510241300__participant_P355__trialN_7__trialT_1__fileType_cropped.png,0.003666858,0.16562709,0.2246058,0.31015077,0.35911524,0.459735,0.8085971,0.8085971,0.1357502,0.1357502
P355,202510241300,2510241419,8,1,2.5 Hz,2.5,EXPERIMENTAL,LIGHT,True,,saveTime_2510241419__sessionTime_202510241300__participant_P355__trialN_8__trialT_1__fileType_cropped.png,1,,saveTime_2510241419__sessionTime_202510241300__participant_P355__trialN_8__trialT_1__fileType_cropped.png,0.0001907836,0.008617441,0.13052611,0.18023922,0.5228088,0.6692935,0.17681588,0.17681588,0.36634433,0.36634433
P355,202510241300,2510241423,9,6,40 Hz,40.0,EXPERIMENTAL,LIGHT,True,,saveTime_2510241423__sessionTime_202510241300__participant_P355__trialN_9__trialT_6__fileType_cropped.png,1,,saveTime_2510241423__sessionTime_202510241300__participant_P355__trialN_9__trialT_6__fileType_cropped.png,0.0010068297,0.045477156,0.1339475,0.1849637,0.46979502,0.60142595,0.9200825,0.9200825,0.04679212,0.04679212
P355,202510241300,2510241442,10,3,10 Hz,10.0,EXPERIMENTAL,LIGHT,True,,saveTime_2510241442__sessionTime_202510241300__participant_P355__trialN_10__trialT_3__fileType_cropped.png,1,,saveTime_2510241442__sessionTime_202510241300__participant_P355__trialN_10__trialT_3__fileType_cropped.png,0.0006924769,0.03127826,0.414553,0.5724426,0.21649334,0.27715218,0.68801427,0.68801427,0.2255072,0.2255072
P355,202510241300,2510241444,11,5,20 Hz,20.0,EXPERIMENTAL,LIGHT,True,,saveTime_2510241444__sessionTime_202510241300__participant_P355__trialN_11__trialT_5__fileType_cropped.png,1,,saveTime_2510241444__sessionTime_202510241300__participant_P355__trialN_11__trialT_5__fileType_cropped.png,0.0014190071,0.064094655,0.051100407,0.07056287,0.54384327,0.6962216,0.9751356,0.9751356,0.017109165,0.017109165
P355,202510241300,2510241450,12,7,80 Hz,80.0,CONTROL,LIGHT,True,,saveTime_2510241450__sessionTime_202510241300__participant_P355__trialN_12__trialT_7__fileType_cropped.png,1,,saveTime_2510241450__sessionTime_202510241300__participant_P355__trialN_12__trialT_7__fileType_cropped.png,0.0038588182,0.17429768,0.31349853,0.4328998,0.24810581,0.31762207,0.94865,0.94865,0.014091624,0.014091624
P355,202510241300,2510241454,13,2,5 Hz,5.0,EXPERIMENTAL,LIGHT,True,,saveTime_2510241454__sessionTime_202510241300__participant_P355__trialN_13__trialT_2__fileType_cropped.png,1,,saveTime_2510241454__sessionTime_202510241300__participant_P355__trialN_13__trialT_2__fileType_cropped.png,0.008300619,0.3749279,0.28981876,0.4002012,0.32798967,0.41988844,0.17828612,0.17828612,0.37957087,0.37957087
P355,202510241300,2510241459,14,C01,,,VALIDATION,IMAGE,True,,saveTime_2510241459__sessionTime_202510241300__participant_P355__trialN_14__trialT_C01__fileType_cropped.png,1,,saveTime_2510241459__sessionTime_202510241300__participant_P355__trialN_14__trialT_C01__fileType_cropped.png,0.022105793,0.9984892,0.8034403,1.1094443,0.016376326,0.020964775,0.08180306,0.08180306,0.10607258,0.10607258
P355,202510241300,2510241502,15,B06,,,VALIDATION,IMAGE,True,,saveTime_2510241502__sessionTime_202510241300__participant_P355__trialN_15__trialT_B06__fileType_cropped.png,1,,saveTime_2510241502__sessionTime_202510241300__participant_P355__trialN_15__trialT_B06__fileType_cropped.png,0.0036826439,0.16634011,0.309164,0.4269144,0.2413444,0.30896622,0.34925857,0.34925857,0.2762128,0.2762128
P355,202510241300,2510241506,16,A11,,,VALIDATION,IMAGE,True,,saveTime_2510241506__sessionTime_202510241300__participant_P355__trialN_16__trialT_A11__fileType_cropped.png,1,,saveTime_2510241506__sessionTime_202510241300__participant_P355__trialN_16__trialT_A11__fileType_cropped.png,0.02159595,0.97546023,0.44221643,0.61064214,0.23007578,0.29454023,0.10031377,0.10031377,0.19927293,0.19927293
P355,202510241300,2510241511,17,2,5 Hz,5.0,EXPERIMENTAL,LIGHT,True,,saveTime_2510241511__sessionTime_202510241300__participant_P355__trialN_17__trialT_2__fileType_cropped.png,1,,saveTime_2510241511__sessionTime_202510241300__participant_P355__trialN_17__trialT_2__fileType_cropped.png,0.0008561405,0.038670726,0.41036662,0.5666618,0.17740512,0.22711189,0.53597015,0.53597015,0.27854228,0.27854228
P356,202510241300,2510241351,2,4,15 Hz,15.0,EXPERIMENTAL,LIGHT,True,,saveTime_2510241351__sessionTime_202510241300__participant_P356__trialN_2__trialT_4__fileType_cropped.png,1,,saveTime_2510241351__sessionTime_202510241300__participant_P356__trialN_2__trialT_4__fileType_cropped.png,0.0032692712,0.14766863,0.5509789,0.7608287,0.15803064,0.20230892,0.7806335,0.7806335,0.27250534,0.27250534
P356,202510241300,2510241355,3,5,20 Hz,20.0,EXPERIMENTAL,LIGHT,True,,saveTime_2510241355__sessionTime_202510241300__participant_P356__trialN_3__trialT_5__fileType_cropped.png,1,,saveTime_2510241355__sessionTime_202510241300__participant_P356__trialN_3__trialT_5__fileType_cropped.png,0.0024382973,0.11013464,0.6015544,0.83066666,0.16704625,0.2138506,0.58539397,0.58539397,0.18383136,0.18383136
P356,202510241300,2510241358,4,4,15 Hz,15.0,EXPERIMENTAL,LIGHT,True,,saveTime_2510241358__sessionTime_202510241300__participant_P356__trialN_4__trialT_4__fileType_cropped.png,1,,saveTime_2510241358__sessionTime_202510241300__participant_P356__trialN_4__trialT_4__fileType_cropped.png,0.004144464,0.18719992,0.09291047,0.12829702,0.48855722,0.62544507,0.8689701,0.8689701,0.14683625,0.14683625
P356,202510241300,2510241402,5,3,10 Hz,10.0,EXPERIMENTAL,LIGHT,True,,saveTime_2510241402__sessionTime_202510241300__participant_P356__trialN_5__trialT_3__fileType_cropped.png,1,,saveTime_2510241402__sessionTime_202510241300__participant_P356__trialN_5__trialT_3__fileType_cropped.png,0.00046605317,0.021051,0.52550757,0.72565615,0.07035475,0.090067305,0.6882998,0.6882998,0.20336576,0.20336576
P356,202510241300,2510241413,6,6,40 Hz,40.0,EXPERIMENTAL,LIGHT,True,,saveTime_2510241413__sessionTime_202510241300__participant_P356__trialN_6__trialT_6__fileType_cropped.png,1,,saveTime_2510241413__sessionTime_202510241300__participant_P356__trialN_6__trialT_6__fileType_cropped.png,0.0012883093,0.058191214,0.25254592,0.34873235,0.32010388,0.40979314,0.7877334,0.7877334,0.08954351,0.08954351
P356,202510241300,2510241416,7,1,2.5 Hz,2.5,EXPERIMENTAL,LIGHT,True,,saveTime_2510241416__sessionTime_202510241300__participant_P356__trialN_7__trialT_1__fileType_cropped.png,1,,saveTime_2510241416__sessionTime_202510241300__participant_P356__trialN_7__trialT_1__fileType_cropped.png,0.00025808398,0.01165731,0.35471442,0.48981348,0.14599639,0.18690282,0.96824574,0.96824574,0.08541615,0.08541615
P356,202510241300,2510241420,8,1,2.5 Hz,2.5,EXPERIMENTAL,LIGHT,True,,saveTime_2510241420__sessionTime_202510241300__participant_P356__trialN_8__trialT_1__fileType_cropped.png,1,,saveTime_2510241420__sessionTime_202510241300__participant_P356__trialN_8__trialT_1__fileType_cropped.png,0.00031204,0.014094431,0.056850556,0.078503065,0.59862477,0.76635224,0.8591034,0.8591034,0.109132856,0.109132856
P356,202510241300,2510241424,9,6,40 Hz,40.0,EXPERIMENTAL,LIGHT,True,,saveTime_2510241424__sessionTime_202510241300__participant_P356__trialN_9__trialT_6__fileType_cropped.png,1,,saveTime_2510241424__sessionTime_202510241300__participant_P356__trialN_9__trialT_6__fileType_cropped.png,0.0007545614,0.034082532,0.21482801,0.29664895,0.37032557,0.47408634,0.7926613,0.7926613,0.09517414,0.09517414
P356,202510241300,2510241442,10,3,10 Hz,10.0,EXPERIMENTAL,LIGHT,True,,saveTime_2510241442__sessionTime_202510241300__participant_P356__trialN_10__trialT_3__fileType_cropped.png,1,,saveTime_2510241442__sessionTime_202510241300__participant_P356__trialN_10__trialT_3__fileType_cropped.png,0.0026017565,0.11751787,0.14337865,0.19798686,0.5927823,0.7588728,0.7205615,0.7205615,0.11649894,0.11649894
P356,202510241300,2510241446,11,5,20 Hz,20.0,EXPERIMENTAL,LIGHT,True,,saveTime_2510241446__sessionTime_202510241300__participant_P356__trialN_11__trialT_5__fileType_cropped.png,1,,saveTime_2510241446__sessionTime_202510241300__participant_P356__trialN_11__trialT_5__fileType_cropped.png,0.0017164976,0.077531904,0.29362074,0.4054512,0.31094894,0.39807308,0.73284805,0.73284805,0.029273022,0.029273022
P356,202510241300,2510241450,12,7,80 Hz,80.0,CONTROL,LIGHT,True,,saveTime_2510241450__sessionTime_202510241300__participant_P356__trialN_12__trialT_7__fileType_cropped.png,1,,saveTime_2510241450__sessionTime_202510241300__participant_P356__trialN_12__trialT_7__fileType_cropped.png,0.00034053283,0.015381414,0.004127895,0.0057000746,0.87771946,1.1236459,0.95348114,0.95348114,0.09068201,0.09068201
P356,202510241300,2510241455,13,2,5 Hz,5.0,EXPERIMENTAL,LIGHT,True,,saveTime_2510241455__sessionTime_202510241300__participant_P356__trialN_13__trialT_2__fileType_cropped.png,1,,saveTime_2510241455__sessionTime_202510241300__participant_P356__trialN_13__trialT_2__fileType_cropped.png,0.0009285337,0.04194063,0.30950323,0.42738283,0.2510152,0.3213466,0.753033,0.753033,0.24740963,0.24740963
P356,202510241300,2510241459,14,C03,,,VALIDATION,IMAGE,True,,saveTime_2510241459__sessionTime_202510241300__participant_P356__trialN_14__trialT_C03__fileType_cropped.png,1,,saveTime_2510241459__sessionTime_202510241300__participant_P356__trialN_14__trialT_C03__fileType_cropped.png,0.019046532,0.86030644,0.0113054225,0.015611286,0.7665474,0.98132473,0.13315372,0.13315372,0.065671176,0.065671176
P356,202510241300,2510241503,15,B13,,,VALIDATION,IMAGE,True,,saveTime_2510241503__sessionTime_202510241300__participant_P356__trialN_15__trialT_B13__fileType_cropped.png,1,,saveTime_2510241503__sessionTime_202510241300__participant_P356__trialN_15__trialT_B13__fileType_cropped.png,0.009195082,0.41532958,0.56655174,0.78233266,0.082705066,0.10587803,0.629024,0.629024,0.1701466,0.1701466
P356,202510241300,2510241505,16,A13,,,VALIDATION,IMAGE,True,,saveTime_2510241505__sessionTime_202510241300__participant_P356__trialN_16__trialT_A13__fileType_cropped.png,1,,saveTime_2510241505__sessionTime_202510241300__participant_P356__trialN_16__trialT_A13__fileType_cropped.png,0.0,0.0,0.0,0.0,0.0,0.0,0.0,0.0,0.0,0.0
P356,202510241300,2510241510,17,2,5 Hz,5.0,EXPERIMENTAL,LIGHT,True,,saveTime_2510241510__sessionTime_202510241300__participant_P356__trialN_17__trialT_2__fileType_cropped.png,1,,saveTime_2510241510__sessionTime_202510241300__participant_P356__trialN_17__trialT_2__fileType_cropped.png,0.0013575945,0.061320733,0.15190576,0.20976166,0.47980827,0.61424476,0.56106323,0.56106323,0.2028533,0.2028533
P357,202510241300,2510241351,2,4,15 Hz,15.0,EXPERIMENTAL,LIGHT,True,,saveTime_2510241351__sessionTime_202510241300__participant_P357__trialN_2__trialT_4__fileType_cropped.png,1,,saveTime_2510241351__sessionTime_202510241300__participant_P357__trialN_2__trialT_4__fileType_cropped.png,0.02250983,1.016739,0.44750988,0.6179517,0.19636744,0.25138724,0.83237064,0.83237064,0.327194,0.327194
P357,202510241300,2510241355,3,5,20 Hz,20.0,EXPERIMENTAL,LIGHT,True,,saveTime_2510241355__sessionTime_202510241300__participant_P357__trialN_3__trialT_5__fileType_cropped.png,1,,saveTime_2510241355__sessionTime_202510241300__participant_P357__trialN_3__trialT_5__fileType_cropped.png,0.04443783,2.0071976,0.21187834,0.29257584,0.34672317,0.44387084,0.7099213,0.7099213,0.41278395,0.41278395
P357,202510241300,2510241359,4,4,15 Hz,15.0,EXPERIMENTAL,LIGHT,True,,saveTime_2510241359__sessionTime_202510241300__participant_P357__trialN_4__trialT_4__fileType_cropped.png,1,,saveTime_2510241359__sessionTime_202510241300__participant_P357__trialN_4__trialT_4__fileType_cropped.png,0.032038163,1.4471211,0.25748244,0.35554904,0.29823875,0.38180166,0.76958597,0.76958597,0.40938115,0.40938115
P357,202510241300,2510241402,5,3,10 Hz,10.0,EXPERIMENTAL,LIGHT,True,,saveTime_2510241402__sessionTime_202510241300__participant_P357__trialN_5__trialT_3__fileType_cropped.png,1,,saveTime_2510241402__sessionTime_202510241300__participant_P357__trialN_5__trialT_3__fileType_cropped.png,0.02319047,1.0474826,0.34433612,0.47548243,0.26715493,0.34200853,0.7015031,0.7015031,0.44988552,0.44988552
P357,202510241300,2510241413,6,6,40 Hz,40.0,EXPERIMENTAL,LIGHT,True,,saveTime_2510241413__sessionTime_202510241300__participant_P357__trialN_6__trialT_6__fileType_cropped.png,1,,saveTime_2510241413__sessionTime_202510241300__participant_P357__trialN_6__trialT_6__fileType_cropped.png,0.014939092,0.6747789,0.2719155,0.37547916,0.3292887,0.4215514,0.72550935,0.72550935,0.41519278,0.41519278
P357,202510241300,2510241416,7,1,2.5 Hz,2.5,EXPERIMENTAL,LIGHT,True,,saveTime_2510241416__sessionTime_202510241300__participant_P357__trialN_7__trialT_1__fileType_cropped.png,1,,saveTime_2510241416__sessionTime_202510241300__participant_P357__trialN_7__trialT_1__fileType_cropped.png,0.001162531,0.052509975,0.42793182,0.590917,0.1252921,0.16039743,0.9894599,0.9894599,0.100648426,0.100648426
P357,202510241300,2510241421,8,1,2.5 Hz,2.5,EXPERIMENTAL,LIGHT,True,,saveTime_2510241421__sessionTime_202510241300__participant_P357__trialN_8__trialT_1__fileType_cropped.png,1,,saveTime_2510241421__sessionTime_202510241300__participant_P357__trialN_8__trialT_1__fileType_cropped.png,0.0070316126,0.31760857,0.26009357,0.35915467,0.29623637,0.37923822,0.94040793,0.94040793,0.23232645,0.23232645
P357,202510241300,2510241424,9,6,40 Hz,40.0,EXPERIMENTAL,LIGHT,True,,saveTime_2510241424__sessionTime_202510241300__participant_P357__trialN_9__trialT_6__fileType_cropped.png,1,,saveTime_2510241424__sessionTime_202510241300__participant_P357__trialN_9__trialT_6__fileType_cropped.png,0.0015574864,0.07034958,0.3513862,0.48521763,0.23132767,0.2961429,0.8768004,0.8768004,0.19297686,0.19297686
P357,202510241300,2510241443,10,3,10 Hz,10.0,EXPERIMENTAL,LIGHT,True,,saveTime_2510241443__sessionTime_202510241300__participant_P357__trialN_10__trialT_3__fileType_cropped.png,1,,saveTime_2510241443__sessionTime_202510241300__participant_P357__trialN_10__trialT_3__fileType_cropped.png,0.011082114,0.5005643,0.32853407,0.4536619,0.2393118,0.3063641,0.7247795,0.7247795,0.4168054,0.4168054
P357,202510241300,2510241446,11,5,20 Hz,20.0,EXPERIMENTAL,LIGHT,True,,saveTime_2510241446__sessionTime_202510241300__participant_P357__trialN_11__trialT_5__fileType_cropped.png,1,,saveTime_2510241446__sessionTime_202510241300__participant_P357__trialN_11__trialT_5__fileType_cropped.png,0.01039909,0.46971303,0.28554738,0.394303,0.2895117,0.3706294,0.7745081,0.7745081,0.41425025,0.41425025
P357,202510241300,2510241450,12,7,80 Hz,80.0,CONTROL,LIGHT,True,,saveTime_2510241450__sessionTime_202510241300__participant_P357__trialN_12__trialT_7__fileType_cropped.png,1,,saveTime_2510241450__sessionTime_202510241300__participant_P357__trialN_12__trialT_7__fileType_cropped.png,0.00055177545,0.024922961,0.18822093,0.2599081,0.3839529,0.49153185,0.87363726,0.87363726,0.08194532,0.08194532
P357,202510241300,2510241455,13,2,5 Hz,5.0,EXPERIMENTAL,LIGHT,True,,saveTime_2510241455__sessionTime_202510241300__participant_P357__trialN_13__trialT_2__fileType_cropped.png,1,,saveTime_2510241455__sessionTime_202510241300__participant_P357__trialN_13__trialT_2__fileType_cropped.png,0.0008033665,0.03628699,0.45519766,0.62856746,0.15388893,0.19700675,0.91206014,0.91206014,0.09093489,0.09093489
P357,202510241300,2510241459,14,C11,,,VALIDATION,IMAGE,True,,saveTime_2510241459__sessionTime_202510241300__participant_P357__trialN_14__trialT_C11__fileType_cropped.png,1,,saveTime_2510241459__sessionTime_202510241300__participant_P357__trialN_14__trialT_C11__fileType_cropped.png,0.013843929,0.62531185,0.2738002,0.37808168,0.2884898,0.36932117,0.43383408,0.43383408,0.4914118,0.4914118
P357,202510241300,2510241501,15,B10,,,VALIDATION,IMAGE,True,,saveTime_2510241501__sessionTime_202510241300__participant_P357__trialN_15__trialT_B10__fileType_cropped.png,1,,saveTime_2510241501__sessionTime_202510241300__participant_P357__trialN_15__trialT_B10__fileType_cropped.png,0.016355952,0.73877656,0.75717485,1.0455579,0.020946456,0.026815401,0.1977911,0.1977911,0.28818882,0.28818882
P357,202510241300,2510241504,16,A13,,,VALIDATION,IMAGE,True,,saveTime_2510241504__sessionTime_202510241300__participant_P357__trialN_16__trialT_A13__fileType_cropped.png,1,,saveTime_2510241504__sessionTime_202510241300__participant_P357__trialN_16__trialT_A13__fileType_cropped.png,0.00034866232,0.015748613,0.10463013,0.1444803,0.2739953,0.3507655,0.0006728628,0.0006728628,0.0070069763,0.0070069763
P357,202510241300,2510241510,17,2,5 Hz,5.0,EXPERIMENTAL,LIGHT,True,,saveTime_2510241510__sessionTime_202510241300__participant_P357__trialN_17__trialT_2__fileType_cropped.png,1,,saveTime_2510241510__sessionTime_202510241300__participant_P357__trialN_17__trialT_2__fileType_cropped.png,0.018999219,0.8581694,0.343678,0.47457364,0.21695974,0.27774924,0.54507226,0.54507226,0.4417649,0.4417649
P358,202510241300,2510241351,2,4,15 Hz,15.0,EXPERIMENTAL,LIGHT,True,,saveTime_2510241351__sessionTime_202510241300__participant_P358__trialN_2__trialT_4__fileType_cropped.png,1,,saveTime_2510241351__sessionTime_202510241300__participant_P358__trialN_2__trialT_4__fileType_cropped.png,0.004269156,0.1928321,0.35842362,0.4949354,0.23310347,0.29841626,0.84405756,0.84405756,0.068262,0.068262
P358,202510241300,2510241355,3,5,20 Hz,20.0,EXPERIMENTAL,LIGHT,True,,saveTime_2510241355__sessionTime_202510241300__participant_P358__trialN_3__trialT_5__fileType_cropped.png,1,,saveTime_2510241355__sessionTime_202510241300__participant_P358__trialN_3__trialT_5__fileType_cropped.png,0.0040301364,0.1820359,0.27371866,0.3779691,0.2621273,0.3355722,0.8467557,0.8467557,0.052444473,0.052444473
P358,202510241300,2510241359,4,4,15 Hz,15.0,EXPERIMENTAL,LIGHT,True,,saveTime_2510241359__sessionTime_202510241300__participant_P358__trialN_4__trialT_4__fileType_cropped.png,1,,saveTime_2510241359__sessionTime_202510241300__participant_P358__trialN_4__trialT_4__fileType_cropped.png,0.017802859,0.8041314,0.2868708,0.39613047,0.26724273,0.34212092,0.8640366,0.8640366,0.18010205,0.18010205
P358,202510241300,2510241403,5,3,10 Hz,10.0,EXPERIMENTAL,LIGHT,True,,saveTime_2510241403__sessionTime_202510241300__participant_P358__trialN_5__trialT_3__fileType_cropped.png,1,,saveTime_2510241403__sessionTime_202510241300__participant_P358__trialN_5__trialT_3__fileType_cropped.png,0.015927304,0.71941507,0.32438233,0.4479289,0.29683825,0.38000876,0.8442505,0.8442505,0.13922828,0.13922828
P358,202510241300,2510241413,6,6,40 Hz,40.0,EXPERIMENTAL,LIGHT,True,,saveTime_2510241413__sessionTime_202510241300__participant_P358__trialN_6__trialT_6__fileType_cropped.png,1,,saveTime_2510241413__sessionTime_202510241300__participant_P358__trialN_6__trialT_6__fileType_cropped.png,0.0018748563,0.08468476,0.18391767,0.25396585,0.43939313,0.5625058,0.69040304,0.69040304,0.14954749,0.14954749
P358,202510241300,2510241417,7,1,2.5 Hz,2.5,EXPERIMENTAL,LIGHT,True,,saveTime_2510241417__sessionTime_202510241300__participant_P358__trialN_7__trialT_1__fileType_cropped.png,1,,saveTime_2510241417__sessionTime_202510241300__participant_P358__trialN_7__trialT_1__fileType_cropped.png,0.0020807998,0.09398695,0.77192974,1.0659324,0.07258053,0.09291672,0.25545886,0.25545886,0.33104643,0.33104643
P358,202510241300,2510241430,9,6,40 Hz,40.0,EXPERIMENTAL,LIGHT,True,,saveTime_2510241430__sessionTime_202510241300__participant_P358__trialN_9__trialT_6__fileType_cropped.png,1,,saveTime_2510241430__sessionTime_202510241300__participant_P358__trialN_9__trialT_6__fileType_cropped.png,0.0,0.0,0.0,0.0,0.0,0.0,0.10980392,0.10980392,0.0,0.0
P358,202510241300,2510241443,10,3,10 Hz,10.0,EXPERIMENTAL,LIGHT,True,,saveTime_2510241443__sessionTime_202510241300__participant_P358__trialN_10__trialT_3__fileType_cropped.png,1,,saveTime_2510241443__sessionTime_202510241300__participant_P358__trialN_10__trialT_3__fileType_cropped.png,0.008228585,0.3716742,0.24646918,0.34034118,0.33043423,0.42301792,0.78435695,0.78435695,0.09113464,0.09113464
P358,202510241300,2510241446,11,5,20 Hz,20.0,EXPERIMENTAL,LIGHT,True,,saveTime_2510241446__sessionTime_202510241300__participant_P358__trialN_11__trialT_5__fileType_cropped.png,1,,saveTime_2510241446__sessionTime_202510241300__participant_P358__trialN_11__trialT_5__fileType_cropped.png,0.0022623863,0.102188975,0.32529733,0.44919237,0.2173696,0.27827394,0.8440272,0.8440272,0.12432911,0.12432911
P358,202510241300,2510241451,12,7,80 Hz,80.0,CONTROL,LIGHT,True,,saveTime_2510241451__sessionTime_202510241300__participant_P358__trialN_12__trialT_7__fileType_cropped.png,1,,saveTime_2510241451__sessionTime_202510241300__participant_P358__trialN_12__trialT_7__fileType_cropped.png,0.001110207,0.050146572,0.29928014,0.4132661,0.2921577,0.3740168,0.9040916,0.9040916,0.08090613,0.08090613
P358,202510241300,2510241455,13,2,5 Hz,5.0,EXPERIMENTAL,LIGHT,True,,saveTime_2510241455__sessionTime_202510241300__participant_P358__trialN_13__trialT_2__fileType_cropped.png,1,,saveTime_2510241455__sessionTime_202510241300__participant_P358__trialN_13__trialT_2__fileType_cropped.png,0.0020605659,0.09307301,0.30919048,0.42695096,0.2564852,0.32834926,0.61516374,0.61516374,0.19366069,0.19366069
P358,202510241300,2510241459,14,C04,,,VALIDATION,IMAGE,True,,saveTime_2510241459__sessionTime_202510241300__participant_P358__trialN_14__trialT_C04__fileType_cropped.png,1,,saveTime_2510241459__sessionTime_202510241300__participant_P358__trialN_14__trialT_C04__fileType_cropped.png,0.03044424,1.3751258,0.27509132,0.37986457,0.29255265,0.3745224,0.3065312,0.3065312,0.19119127,0.19119127
P358,202510241300,2510241503,15,B05,,,VALIDATION,IMAGE,True,,saveTime_2510241503__sessionTime_202510241300__participant_P358__trialN_15__trialT_B05__fileType_cropped.png,1,,saveTime_2510241503__sessionTime_202510241300__participant_P358__trialN_15__trialT_B05__fileType_cropped.png,0.020126669,0.9090948,0.019404283,0.026794735,0.6811334,0.87197876,0.2151012,0.2151012,0.055265795,0.055265795
P358,202510241300,2510241507,16,A00,,,VALIDATION,IMAGE,True,,saveTime_2510241507__sessionTime_202510241300__participant_P358__trialN_16__trialT_A00__fileType_cropped.png,1,,saveTime_2510241507__sessionTime_202510241300__participant_P358__trialN_16__trialT_A00__fileType_cropped.png,0.0049938885,0.22556728,0.879616,1.2146329,0.010125832,0.012962968,0.27222234,0.27222234,0.08657057,0.08657057
P358,202510241300,2510241511,17,2,5 Hz,5.0,EXPERIMENTAL,LIGHT,True,,saveTime_2510241511__sessionTime_202510241300__participant_P358__trialN_17__trialT_2__fileType_cropped.png,1,,saveTime_2510241511__sessionTime_202510241300__participant_P358__trialN_17__trialT_2__fileType_cropped.png,0.004471183,0.20195736,0.26363903,0.36405048,0.29818,0.38172647,0.718479,0.718479,0.16943209,0.16943209
P359,202510241500,2510241550,2,C00,,,VALIDATION,IMAGE,True,,saveTime_2510241550__sessionTime_202510241500__participant_P359__trialN_2__trialT_C00__fileType_cropped.png,1,,saveTime_2510241550__sessionTime_202510241500__participant_P359__trialN_2__trialT_C00__fileType_cropped.png,0.026773378,1.2093178,0.63701063,0.87962705,0.107823655,0.13803455,0.37112835,0.37112835,0.18030167,0.18030167
P359,202510241500,2510241554,3,4,15 Hz,15.0,EXPERIMENTAL,LIGHT,True,,saveTime_2510241554__sessionTime_202510241500__participant_P359__trialN_3__trialT_4__fileType_cropped.png,1,,saveTime_2510241554__sessionTime_202510241500__participant_P359__trialN_3__trialT_4__fileType_cropped.png,0.0049392404,0.2230989,0.46862462,0.6471083,0.12008274,0.15372849,0.93677545,0.93677545,0.13037805,0.13037805
P359,202510241500,2510241558,4,7,80 Hz,80.0,CONTROL,LIGHT,True,,saveTime_2510241558__sessionTime_202510241500__participant_P359__trialN_4__trialT_7__fileType_cropped.png,1,,saveTime_2510241558__sessionTime_202510241500__participant_P359__trialN_4__trialT_7__fileType_cropped.png,0.00033423794,0.015097082,0.20807418,0.2873228,0.34689543,0.44409135,0.8932739,0.8932739,0.120569155,0.120569155
P359,202510241500,2510241602,5,B07,,,VALIDATION,IMAGE,True,,saveTime_2510241602__sessionTime_202510241500__participant_P359__trialN_5__trialT_B07__fileType_cropped.png,1,,saveTime_2510241602__sessionTime_202510241500__participant_P359__trialN_5__trialT_B07__fileType_cropped.png,0.0048813852,0.22048566,0.28448275,0.39283288,0.3049551,0.39039984,0.7194491,0.7194491,0.44775248,0.44775248
P359,202510241500,2510241616,6,5,20 Hz,20.0,EXPERIMENTAL,LIGHT,True,,saveTime_2510241616__sessionTime_202510241500__participant_P359__trialN_6__trialT_5__fileType_cropped.png,1,,saveTime_2510241616__sessionTime_202510241500__participant_P359__trialN_6__trialT_5__fileType_cropped.png,0.0023071433,0.104210585,0.15282938,0.21103707,0.5263074,0.6737724,0.9278839,0.9278839,0.050891235,0.050891235
P359,202510241500,2510241620,7,3,10 Hz,10.0,EXPERIMENTAL,LIGHT,True,,saveTime_2510241620__sessionTime_202510241500__participant_P359__trialN_7__trialT_3__fileType_cropped.png,1,,saveTime_2510241620__sessionTime_202510241500__participant_P359__trialN_7__trialT_3__fileType_cropped.png,0.002745664,0.12401798,0.265131,0.36611068,0.30036694,0.38452613,0.8715554,0.8715554,0.15899393,0.15899393
P359,202510241500,2510241624,8,1,2.5 Hz,2.5,EXPERIMENTAL,LIGHT,True,,saveTime_2510241624__sessionTime_202510241500__participant_P359__trialN_8__trialT_1__fileType_cropped.png,1,,saveTime_2510241624__sessionTime_202510241500__participant_P359__trialN_8__trialT_1__fileType_cropped.png,0.00036075135,0.016294658,0.4994924,0.6897327,0.15136757,0.19377895,0.953892,0.953892,0.07010022,0.07010022
P359,202510241500,2510241628,9,1,2.5 Hz,2.5,EXPERIMENTAL,LIGHT,True,,saveTime_2510241628__sessionTime_202510241500__participant_P359__trialN_9__trialT_1__fileType_cropped.png,1,,saveTime_2510241628__sessionTime_202510241500__participant_P359__trialN_9__trialT_1__fileType_cropped.png,0.0004880993,0.022046795,0.13496615,0.18637031,0.39441174,0.50492114,0.8020676,0.8020676,0.22690529,0.22690529
P359,202510241500,2510241632,10,3,10 Hz,10.0,EXPERIMENTAL,LIGHT,True,,saveTime_2510241632__sessionTime_202510241500__participant_P359__trialN_10__trialT_3__fileType_cropped.png,1,,saveTime_2510241632__sessionTime_202510241500__participant_P359__trialN_10__trialT_3__fileType_cropped.png,0.0014739446,0.066576116,0.19338837,0.26704365,0.39564073,0.5064945,0.8297017,0.8297017,0.17201807,0.17201807
P359,202510241500,2510241636,11,2,5 Hz,5.0,EXPERIMENTAL,LIGHT,True,,saveTime_2510241636__sessionTime_202510241500__participant_P359__trialN_11__trialT_2__fileType_cropped.png,1,,saveTime_2510241636__sessionTime_202510241500__participant_P359__trialN_11__trialT_2__fileType_cropped.png,0.0008705743,0.03932268,0.27254182,0.37634405,0.2679353,0.34300756,0.82775664,0.82775664,0.13408847,0.13408847
P359,202510241500,2510241649,12,2,5 Hz,5.0,EXPERIMENTAL,LIGHT,True,,saveTime_2510241649__sessionTime_202510241500__participant_P359__trialN_12__trialT_2__fileType_cropped.png,1,,saveTime_2510241649__sessionTime_202510241500__participant_P359__trialN_12__trialT_2__fileType_cropped.png,0.0011572022,0.05226928,0.10123547,0.13979274,0.576906,0.73854816,0.8659696,0.8659696,0.056824237,0.056824237
P359,202510241500,2510241653,13,6,40 Hz,40.0,EXPERIMENTAL,LIGHT,True,,saveTime_2510241653__sessionTime_202510241500__participant_P359__trialN_13__trialT_6__fileType_cropped.png,1,,saveTime_2510241653__sessionTime_202510241500__participant_P359__trialN_13__trialT_6__fileType_cropped.png,0.00036649505,0.016554093,0.38927183,0.5375327,0.13703842,0.17543495,0.82986724,0.82986724,0.1454221,0.1454221
P359,202510241500,2510241657,14,4,15 Hz,15.0,EXPERIMENTAL,LIGHT,True,,saveTime_2510241657__sessionTime_202510241500__participant_P359__trialN_14__trialT_4__fileType_cropped.png,1,,saveTime_2510241657__sessionTime_202510241500__participant_P359__trialN_14__trialT_4__fileType_cropped.png,0.0006341795,0.028645042,0.27985638,0.38644448,0.29796955,0.38145703,0.8124345,0.8124345,0.10687846,0.10687846
P359,202510241500,2510241701,15,A14,,,VALIDATION,IMAGE,True,,saveTime_2510241701__sessionTime_202510241500__participant_P359__trialN_15__trialT_A14__fileType_cropped.png,1,,saveTime_2510241701__sessionTime_202510241500__participant_P359__trialN_15__trialT_A14__fileType_cropped.png,0.00031728414,0.014331302,0.082403176,0.11378784,0.27827513,0.35624447,0.5306011,0.5306011,0.014646324,0.014646324
P359,202510241500,2510241704,16,6,40 Hz,40.0,EXPERIMENTAL,LIGHT,True,,saveTime_2510241704__sessionTime_202510241500__participant_P359__trialN_16__trialT_6__fileType_cropped.png,1,,saveTime_2510241704__sessionTime_202510241500__participant_P359__trialN_16__trialT_6__fileType_cropped.png,0.001064782,0.048094783,0.36229414,0.5002801,0.20371272,0.26079056,0.8458715,0.8458715,0.15617305,0.15617305
P359,202510241500,2510241709,17,5,20 Hz,20.0,EXPERIMENTAL,LIGHT,True,,saveTime_2510241709__sessionTime_202510241500__participant_P359__trialN_17__trialT_5__fileType_cropped.png,1,,saveTime_2510241709__sessionTime_202510241500__participant_P359__trialN_17__trialT_5__fileType_cropped.png,0.00089778344,0.04055168,0.3152212,0.43527856,0.25694665,0.32894,0.7690829,0.7690829,0.14381379,0.14381379
P360,202510241500,2510241550,2,C04,,,VALIDATION,IMAGE,True,,saveTime_2510241550__sessionTime_202510241500__participant_P360__trialN_2__trialT_C04__fileType_cropped.png,1,,saveTime_2510241550__sessionTime_202510241500__participant_P360__trialN_2__trialT_C04__fileType_cropped.png,0.037522744,1.6948524,0.2949655,0.40730816,0.27793434,0.3558082,0.2246689,0.2246689,0.19038787,0.19038787
P360,202510241500,2510241554,3,4,15 Hz,15.0,EXPERIMENTAL,LIGHT,True,,saveTime_2510241554__sessionTime_202510241500__participant_P360__trialN_3__trialT_4__fileType_cropped.png,1,,saveTime_2510241554__sessionTime_202510241500__participant_P360__trialN_3__trialT_4__fileType_cropped.png,0.00051751756,0.023375578,0.17502543,0.24168687,0.38499764,0.49286935,0.8242261,0.8242261,0.07559121,0.07559121
P360,202510241500,2510241557,4,7,80 Hz,80.0,CONTROL,LIGHT,True,,saveTime_2510241557__sessionTime_202510241500__participant_P360__trialN_4__trialT_7__fileType_cropped.png,1,,saveTime_2510241557__sessionTime_202510241500__participant_P360__trialN_4__trialT_7__fileType_cropped.png,0.0,0.0,0.0,0.0,0.0,0.0,1.0,1.0,0.0,0.0
P360,202510241500,2510241602,5,B06,,,VALIDATION,IMAGE,True,,saveTime_2510241602__sessionTime_202510241500__participant_P360__trialN_5__trialT_B06__fileType_cropped.png,1,,saveTime_2510241602__sessionTime_202510241500__participant_P360__trialN_5__trialT_B06__fileType_cropped.png,0.0057338304,0.25898948,0.34325075,0.47398368,0.2376536,0.30424127,0.39570844,0.39570844,0.2513975,0.2513975
P360,202510241500,2510241615,6,5,20 Hz,20.0,EXPERIMENTAL,LIGHT,True,,saveTime_2510241615__sessionTime_202510241500__participant_P360__trialN_6__trialT_5__fileType_cropped.png,1,,saveTime_2510241615__sessionTime_202510241500__participant_P360__trialN_6__trialT_5__fileType_cropped.png,0.0012181876,0.055023912,0.27484307,0.37952176,0.2765758,0.35406902,0.9310556,0.9310556,0.07429926,0.07429926
P360,202510241500,2510241619,7,3,10 Hz,10.0,EXPERIMENTAL,LIGHT,True,,saveTime_2510241619__sessionTime_202510241500__participant_P360__trialN_7__trialT_3__fileType_cropped.png,1,,saveTime_2510241619__sessionTime_202510241500__participant_P360__trialN_7__trialT_3__fileType_cropped.png,0.0009453445,0.04269995,0.3026967,0.41798392,0.27563876,0.35286942,0.693816,0.693816,0.045762446,0.045762446
P360,202510241500,2510241624,8,1,2.5 Hz,2.5,EXPERIMENTAL,LIGHT,True,,saveTime_2510241624__sessionTime_202510241500__participant_P360__trialN_8__trialT_1__fileType_cropped.png,1,,saveTime_2510241624__sessionTime_202510241500__participant_P360__trialN_8__trialT_1__fileType_cropped.png,0.00033480232,0.015122575,0.014330371,0.019788338,0.86844265,1.1117698,0.62028193,0.62028193,0.04861433,0.04861433
P360,202510241500,2510241628,9,1,2.5 Hz,2.5,EXPERIMENTAL,LIGHT,True,,saveTime_2510241628__sessionTime_202510241500__participant_P360__trialN_9__trialT_1__fileType_cropped.png,1,,saveTime_2510241628__sessionTime_202510241500__participant_P360__trialN_9__trialT_1__fileType_cropped.png,0.0,0.0,0.0,0.0,0.0,0.0,1.0,1.0,0.0,0.0
P360,202510241500,2510241632,10,3,10 Hz,10.0,EXPERIMENTAL,LIGHT,True,,saveTime_2510241632__sessionTime_202510241500__participant_P360__trialN_10__trialT_3__fileType_cropped.png,1,,saveTime_2510241632__sessionTime_202510241500__participant_P360__trialN_10__trialT_3__fileType_cropped.png,0.0005969458,0.026963247,0.35883862,0.49550846,0.20605187,0.26378512,0.985811,0.985811,0.028142182,0.028142182
P360,202510241500,2510241636,11,2,5 Hz,5.0,EXPERIMENTAL,LIGHT,True,,saveTime_2510241636__sessionTime_202510241500__participant_P360__trialN_11__trialT_2__fileType_cropped.png,1,,saveTime_2510241636__sessionTime_202510241500__participant_P360__trialN_11__trialT_2__fileType_cropped.png,0.0,0.0,0.0,0.0,0.0,0.0,1.0,1.0,0.0,0.0
P360,202510241500,2510241649,12,2,5 Hz,5.0,EXPERIMENTAL,LIGHT,True,,saveTime_2510241649__sessionTime_202510241500__participant_P360__trialN_12__trialT_2__fileType_cropped.png,1,,saveTime_2510241649__sessionTime_202510241500__participant_P360__trialN_12__trialT_2__fileType_cropped.png,0.001865016,0.08424029,0.33006844,0.45578066,0.25040215,0.32056183,0.81110084,0.81110084,0.053119533,0.053119533
P360,202510241500,2510241653,13,6,40 Hz,40.0,EXPERIMENTAL,LIGHT,True,,saveTime_2510241653__sessionTime_202510241500__participant_P360__trialN_13__trialT_6__fileType_cropped.png,1,,saveTime_2510241653__sessionTime_202510241500__participant_P360__trialN_13__trialT_6__fileType_cropped.png,0.0011704792,0.052868985,0.28766653,0.39722925,0.21607484,0.2766164,0.9855404,0.9855404,0.03343184,0.03343184
P360,202510241500,2510241656,14,4,15 Hz,15.0,EXPERIMENTAL,LIGHT,True,,saveTime_2510241656__sessionTime_202510241500__participant_P360__trialN_14__trialT_4__fileType_cropped.png,1,,saveTime_2510241656__sessionTime_202510241500__participant_P360__trialN_14__trialT_4__fileType_cropped.png,0.0011723477,0.05295338,0.3234517,0.44664383,0.23569942,0.30173954,0.96434265,0.96434265,0.035791814,0.035791814
P360,202510241500,2510241700,15,A02,,,VALIDATION,IMAGE,True,,saveTime_2510241700__sessionTime_202510241500__participant_P360__trialN_15__trialT_A02__fileType_cropped.png,1,,saveTime_2510241700__sessionTime_202510241500__participant_P360__trialN_15__trialT_A02__fileType_cropped.png,0.0033812725,0.15272757,0.2015341,0.27829182,0.29905513,0.38284677,0.019028082,0.019028082,0.13292205,0.13292205
P360,202510241500,2510241704,16,6,40 Hz,40.0,EXPERIMENTAL,LIGHT,True,,saveTime_2510241704__sessionTime_202510241500__participant_P360__trialN_16__trialT_6__fileType_cropped.png,1,,saveTime_2510241704__sessionTime_202510241500__participant_P360__trialN_16__trialT_6__fileType_cropped.png,0.0011846828,0.053510543,0.31478906,0.43468186,0.27154267,0.34762564,0.978299,0.978299,0.049688615,0.049688615
P360,202510241500,2510241708,17,5,20 Hz,20.0,EXPERIMENTAL,LIGHT,True,,saveTime_2510241708__sessionTime_202510241500__participant_P360__trialN_17__trialT_5__fileType_cropped.png,1,,saveTime_2510241708__sessionTime_202510241500__participant_P360__trialN_17__trialT_5__fileType_cropped.png,0.0009778505,0.044168204,0.29569012,0.40830877,0.2689672,0.34432858,0.9235442,0.9235442,0.12772849,0.12772849
P361,202510241500,2510241550,2,C03,,,VALIDATION,IMAGE,True,,saveTime_2510241550__sessionTime_202510241500__participant_P361__trialN_2__trialT_C03__fileType_cropped.png,1,,saveTime_2510241550__sessionTime_202510241500__participant_P361__trialN_2__trialT_C03__fileType_cropped.png,0.030146863,1.3616936,0.007339449,0.010134804,0.8611914,1.1024868,0.08250483,0.08250483,0.11416895,0.11416895
P361,202510241500,2510241554,3,4,15 Hz,15.0,EXPERIMENTAL,LIGHT,True,,saveTime_2510241554__sessionTime_202510241500__participant_P361__trialN_3__trialT_4__fileType_cropped.png,1,,saveTime_2510241554__sessionTime_202510241500__participant_P361__trialN_3__trialT_4__fileType_cropped.png,0.01334491,0.6027718,0.5378236,0.74266297,0.2056068,0.26321536,0.93933743,0.93933743,0.23012196,0.23012196
P361,202510241500,2510241557,4,7,80 Hz,80.0,CONTROL,LIGHT,True,,saveTime_2510241557__sessionTime_202510241500__participant_P361__trialN_4__trialT_7__fileType_cropped.png,1,,saveTime_2510241557__sessionTime_202510241500__participant_P361__trialN_4__trialT_7__fileType_cropped.png,0.0015767189,0.07121829,0.0021111898,0.0029152725,0.93432975,1.1961176,0.8093085,0.8093085,0.02438608,0.02438608
P361,202510241500,2510241601,5,B01,,,VALIDATION,IMAGE,True,,saveTime_2510241601__sessionTime_202510241500__participant_P361__trialN_5__trialT_B01__fileType_cropped.png,1,,saveTime_2510241601__sessionTime_202510241500__participant_P361__trialN_5__trialT_B01__fileType_cropped.png,0.0072791963,0.3287916,0.34105536,0.47095215,0.316882,0.40566853,0.1770626,0.1770626,0.24017394,0.24017394
P361,202510241500,2510241616,6,5,20 Hz,20.0,EXPERIMENTAL,LIGHT,True,,saveTime_2510241616__sessionTime_202510241500__participant_P361__trialN_6__trialT_5__fileType_cropped.png,1,,saveTime_2510241616__sessionTime_202510241500__participant_P361__trialN_6__trialT_5__fileType_cropped.png,0.015332879,0.6925657,0.54747146,0.7559853,0.22465187,0.2875966,0.9532735,0.9532735,0.19862929,0.19862929
P361,202510241500,2510241620,7,3,10 Hz,10.0,EXPERIMENTAL,LIGHT,True,,saveTime_2510241620__sessionTime_202510241500__participant_P361__trialN_7__trialT_3__fileType_cropped.png,1,,saveTime_2510241620__sessionTime_202510241500__participant_P361__trialN_7__trialT_3__fileType_cropped.png,0.013175083,0.59510094,0.27347067,0.37762666,0.34905186,0.446852,0.9649453,0.9649453,0.148544,0.148544
P361,202510241500,2510241624,8,1,2.5 Hz,2.5,EXPERIMENTAL,LIGHT,True,,saveTime_2510241624__sessionTime_202510241500__participant_P361__trialN_8__trialT_1__fileType_cropped.png,1,,saveTime_2510241624__sessionTime_202510241500__participant_P361__trialN_8__trialT_1__fileType_cropped.png,0.00066657143,0.030108143,0.0021300772,0.0029413537,0.92520875,1.1844411,0.06646562,0.06646562,0.026366754,0.026366754
P361,202510241500,2510241628,9,1,2.5 Hz,2.5,EXPERIMENTAL,LIGHT,True,,saveTime_2510241628__sessionTime_202510241500__participant_P361__trialN_9__trialT_1__fileType_cropped.png,1,,saveTime_2510241628__sessionTime_202510241500__participant_P361__trialN_9__trialT_1__fileType_cropped.png,0.00031620442,0.014282532,0.0008720098,0.0012041297,0.95349735,1.2206558,0.9305743,0.9305743,0.07198281,0.07198281
P361,202510241500,2510241633,10,3,10 Hz,10.0,EXPERIMENTAL,LIGHT,True,,saveTime_2510241633__sessionTime_202510241500__participant_P361__trialN_10__trialT_3__fileType_cropped.png,1,,saveTime_2510241633__sessionTime_202510241500__participant_P361__trialN_10__trialT_3__fileType_cropped.png,0.0040119705,0.18121536,0.26036817,0.35953385,0.30743188,0.3935706,0.8618425,0.8618425,0.07954636,0.07954636
P361,202510241500,2510241636,11,2,5 Hz,5.0,EXPERIMENTAL,LIGHT,True,,saveTime_2510241636__sessionTime_202510241500__participant_P361__trialN_11__trialT_2__fileType_cropped.png,1,,saveTime_2510241636__sessionTime_202510241500__participant_P361__trialN_11__trialT_2__fileType_cropped.png,0.00045137876,0.020388177,0.73026764,1.0084026,0.12692732,0.16249083,0.9305242,0.9305242,0.027252238,0.027252238
P361,202510241500,2510241649,12,2,5 Hz,5.0,EXPERIMENTAL,LIGHT,True,,saveTime_2510241649__sessionTime_202510241500__participant_P361__trialN_12__trialT_2__fileType_cropped.png,1,,saveTime_2510241649__sessionTime_202510241500__participant_P361__trialN_12__trialT_2__fileType_cropped.png,0.0033823822,0.1527777,0.111234844,0.15360054,0.5752829,0.7364702,0.9506281,0.9506281,0.17148602,0.17148602
P361,202510241500,2510241653,13,6,40 Hz,40.0,EXPERIMENTAL,LIGHT,True,,saveTime_2510241653__sessionTime_202510241500__participant_P361__trialN_13__trialT_6__fileType_cropped.png,1,,saveTime_2510241653__sessionTime_202510241500__participant_P361__trialN_13__trialT_6__fileType_cropped.png,0.010929443,0.49366838,0.4360216,0.6020879,0.12702495,0.1626158,0.8328764,0.8328764,0.09434855,0.09434855
P361,202510241500,2510241657,14,4,15 Hz,15.0,EXPERIMENTAL,LIGHT,True,,saveTime_2510241657__sessionTime_202510241500__participant_P361__trialN_14__trialT_4__fileType_cropped.png,1,,saveTime_2510241657__sessionTime_202510241500__participant_P361__trialN_14__trialT_4__fileType_cropped.png,0.0337731,1.5254859,0.020790195,0.028708497,0.62742895,0.803227,0.84223264,0.84223264,0.10384616,0.10384616
P361,202510241500,2510241701,15,A12,,,VALIDATION,IMAGE,True,,saveTime_2510241701__sessionTime_202510241500__participant_P361__trialN_15__trialT_A12__fileType_cropped.png,1,,saveTime_2510241701__sessionTime_202510241500__participant_P361__trialN_15__trialT_A12__fileType_cropped.png,0.0025330198,0.11441313,0.31036437,0.42857194,0.2077155,0.2659149,0.6376709,0.6376709,0.1878807,0.1878807
P361,202510241500,2510241705,16,6,40 Hz,40.0,EXPERIMENTAL,LIGHT,True,,saveTime_2510241705__sessionTime_202510241500__participant_P361__trialN_16__trialT_6__fileType_cropped.png,1,,saveTime_2510241705__sessionTime_202510241500__participant_P361__trialN_16__trialT_6__fileType_cropped.png,0.028276859,1.277228,0.03394785,0.046877474,0.510137,0.6530713,0.80055386,0.80055386,0.20394164,0.20394164
P361,202510241500,2510241709,17,5,20 Hz,20.0,EXPERIMENTAL,LIGHT,True,,saveTime_2510241709__sessionTime_202510241500__participant_P361__trialN_17__trialT_5__fileType_cropped.png,1,,saveTime_2510241709__sessionTime_202510241500__participant_P361__trialN_17__trialT_5__fileType_cropped.png,0.015994895,0.7224681,0.52718043,0.7279661,0.22597331,0.2892883,0.78140235,0.78140235,0.14478815,0.14478815
P362,202510241500,2510241550,2,C07,,,VALIDATION,IMAGE,True,,saveTime_2510241550__sessionTime_202510241500__participant_P362__trialN_2__trialT_C07__fileType_cropped.png,1,,saveTime_2510241550__sessionTime_202510241500__participant_P362__trialN_2__trialT_C07__fileType_cropped.png,0.020302635,0.917043,0.25680658,0.35461578,0.31573024,0.40419406,0.6394909,0.6394909,0.16428234,0.16428234
P362,202510241500,2510241554,3,4,15 Hz,15.0,EXPERIMENTAL,LIGHT,True,,saveTime_2510241554__sessionTime_202510241500__participant_P362__trialN_3__trialT_4__fileType_cropped.png,1,,saveTime_2510241554__sessionTime_202510241500__participant_P362__trialN_3__trialT_4__fileType_cropped.png,0.015683515,0.70840347,0.4932214,0.68107325,0.14299285,0.18305773,0.6384248,0.6384248,0.21439095,0.21439095
P362,202510241500,2510241557,4,7,80 Hz,80.0,CONTROL,LIGHT,True,,saveTime_2510241557__sessionTime_202510241500__participant_P362__trialN_4__trialT_7__fileType_cropped.png,1,,saveTime_2510241557__sessionTime_202510241500__participant_P362__trialN_4__trialT_7__fileType_cropped.png,0.0007807213,0.03526414,0.2978007,0.41122317,0.2767793,0.35432953,0.95464027,0.95464027,0.030601429,0.030601429
P362,202510241500,2510241601,5,B01,,,VALIDATION,IMAGE,True,,saveTime_2510241601__sessionTime_202510241500__participant_P362__trialN_5__trialT_B01__fileType_cropped.png,1,,saveTime_2510241601__sessionTime_202510241500__participant_P362__trialN_5__trialT_B01__fileType_cropped.png,0.007031883,0.31762078,0.3414952,0.47155946,0.24368538,0.31196308,0.102872126,0.102872126,0.30033934,0.30033934
P362,202510241500,2510241616,6,5,20 Hz,20.0,EXPERIMENTAL,LIGHT,True,,saveTime_2510241616__sessionTime_202510241500__participant_P362__trialN_6__trialT_5__fileType_cropped.png,1,,saveTime_2510241616__sessionTime_202510241500__participant_P362__trialN_6__trialT_5__fileType_cropped.png,0.00251846,0.11375548,0.42881757,0.5921401,0.15734395,0.20142983,0.81119555,0.81119555,0.1875972,0.1875972
P362,202510241500,2510241620,7,3,10 Hz,10.0,EXPERIMENTAL,LIGHT,True,,saveTime_2510241620__sessionTime_202510241500__participant_P362__trialN_7__trialT_3__fileType_cropped.png,1,,saveTime_2510241620__sessionTime_202510241500__participant_P362__trialN_7__trialT_3__fileType_cropped.png,0.008479341,0.38300052,0.30867442,0.42623836,0.48774195,0.6244014,0.6374495,0.6374495,0.17758517,0.17758517
P362,202510241500,2510241624,8,1,2.5 Hz,2.5,EXPERIMENTAL,LIGHT,True,,saveTime_2510241624__sessionTime_202510241500__participant_P362__trialN_8__trialT_1__fileType_cropped.png,1,,saveTime_2510241624__sessionTime_202510241500__participant_P362__trialN_8__trialT_1__fileType_cropped.png,0.011623275,0.52500784,0.863373,1.1922034,0.0130627565,0.016722783,0.9943099,0.9943099,0.02715398,0.02715398
P362,202510241500,2510241629,9,1,2.5 Hz,2.5,EXPERIMENTAL,LIGHT,True,,saveTime_2510241629__sessionTime_202510241500__participant_P362__trialN_9__trialT_1__fileType_cropped.png,1,,saveTime_2510241629__sessionTime_202510241500__participant_P362__trialN_9__trialT_1__fileType_cropped.png,0.0029382105,0.13271505,0.44824454,0.61896616,0.1653117,0.21163005,0.014742451,0.014742451,0.10766235,0.10766235
P362,202510241500,2510241633,10,3,10 Hz,10.0,EXPERIMENTAL,LIGHT,True,,saveTime_2510241633__sessionTime_202510241500__participant_P362__trialN_10__trialT_3__fileType_cropped.png,1,,saveTime_2510241633__sessionTime_202510241500__participant_P362__trialN_10__trialT_3__fileType_cropped.png,0.0065322057,0.29505104,0.09949503,0.13738942,0.4956298,0.6344993,0.3770989,0.3770989,0.23930304,0.23930304
P362,202510241500,2510241636,11,2,5 Hz,5.0,EXPERIMENTAL,LIGHT,True,,saveTime_2510241636__sessionTime_202510241500__participant_P362__trialN_11__trialT_2__fileType_cropped.png,1,,saveTime_2510241636__sessionTime_202510241500__participant_P362__trialN_11__trialT_2__fileType_cropped.png,0.017608322,0.7953444,0.6628797,0.91534877,0.085297935,0.10919739,0.8276408,0.8276408,0.34446475,0.34446475
P362,202510241500,2510241650,12,2,5 Hz,5.0,EXPERIMENTAL,LIGHT,True,,saveTime_2510241650__sessionTime_202510241500__participant_P362__trialN_12__trialT_2__fileType_cropped.png,1,,saveTime_2510241650__sessionTime_202510241500__participant_P362__trialN_12__trialT_2__fileType_cropped.png,0.014315145,0.646596,0.552538,0.76298153,0.14690147,0.1880615,0.0792664,0.0792664,0.25702575,0.25702575
P362,202510241500,2510241653,13,6,40 Hz,40.0,EXPERIMENTAL,LIGHT,True,,saveTime_2510241653__sessionTime_202510241500__participant_P362__trialN_13__trialT_6__fileType_cropped.png,1,,saveTime_2510241653__sessionTime_202510241500__participant_P362__trialN_13__trialT_6__fileType_cropped.png,0.0023739121,0.107226446,0.17355749,0.23965983,0.38962492,0.49879313,0.60046875,0.60046875,0.027705887,0.027705887
P362,202510241500,2510241657,14,4,15 Hz,15.0,EXPERIMENTAL,LIGHT,True,,saveTime_2510241657__sessionTime_202510241500__participant_P362__trialN_14__trialT_4__fileType_cropped.png,1,,saveTime_2510241657__sessionTime_202510241500__participant_P362__trialN_14__trialT_4__fileType_cropped.png,0.011708944,0.5288774,0.59508675,0.82173574,0.13676032,0.17507893,0.6698075,0.6698075,0.18544137,0.18544137
P362,202510241500,2510241700,15,A05,,,VALIDATION,IMAGE,True,,saveTime_2510241700__sessionTime_202510241500__participant_P362__trialN_15__trialT_A05__fileType_cropped.png,1,,saveTime_2510241700__sessionTime_202510241500__participant_P362__trialN_15__trialT_A05__fileType_cropped.png,0.011988214,0.5414916,0.009237664,0.012755986,0.7810381,0.9998756,0.38265625,0.38265625,0.060840737,0.060840737
P362,202510241500,2510241705,16,6,40 Hz,40.0,EXPERIMENTAL,LIGHT,True,,saveTime_2510241705__sessionTime_202510241500__participant_P362__trialN_16__trialT_6__fileType_cropped.png,1,,saveTime_2510241705__sessionTime_202510241500__participant_P362__trialN_16__trialT_6__fileType_cropped.png,0.001999407,0.09031055,0.28383738,0.3919417,0.288375,0.36917418,0.7034782,0.7034782,0.02214571,0.02214571
P362,202510241500,2510241708,17,5,20 Hz,20.0,EXPERIMENTAL,LIGHT,True,,saveTime_2510241708__sessionTime_202510241500__participant_P362__trialN_17__trialT_5__fileType_cropped.png,1,,saveTime_2510241708__sessionTime_202510241500__participant_P362__trialN_17__trialT_5__fileType_cropped.png,0.0088744,0.4008448,0.6080043,0.8395731,0.14375857,0.18403798,0.67172176,0.67172176,0.07453778,0.07453778
P363,202510241500,2510241550,2,C07,,,VALIDATION,IMAGE,True,,saveTime_2510241550__sessionTime_202510241500__participant_P363__trialN_2__trialT_C07__fileType_cropped.png,1,,saveTime_2510241550__sessionTime_202510241500__participant_P363__trialN_2__trialT_C07__fileType_cropped.png,0.017782364,0.80320567,0.28492332,0.39344123,0.27837425,0.35637137,0.8153664,0.8153664,0.15037559,0.15037559
P363,202510241500,2510241554,3,4,15 Hz,15.0,EXPERIMENTAL,LIGHT,True,,saveTime_2510241554__sessionTime_202510241500__participant_P363__trialN_3__trialT_4__fileType_cropped.png,1,,saveTime_2510241554__sessionTime_202510241500__participant_P363__trialN_3__trialT_4__fileType_cropped.png,0.0014065054,0.06352997,0.4769922,0.65866286,0.1739367,0.22267166,0.8338769,0.8338769,0.11954187,0.11954187
P363,202510241500,2510241558,4,7,80 Hz,80.0,CONTROL,LIGHT,True,,saveTime_2510241558__sessionTime_202510241500__participant_P363__trialN_4__trialT_7__fileType_cropped.png,1,,saveTime_2510241558__sessionTime_202510241500__participant_P363__trialN_4__trialT_7__fileType_cropped.png,0.0011417639,0.05157195,0.0064224377,0.008868533,0.9040399,1.157341,0.7262154,0.7262154,0.22629984,0.22629984
P363,202510241500,2510241602,5,B03,,,VALIDATION,IMAGE,True,,saveTime_2510241602__sessionTime_202510241500__participant_P363__trialN_5__trialT_B03__fileType_cropped.png,1,,saveTime_2510241602__sessionTime_202510241500__participant_P363__trialN_5__trialT_B03__fileType_cropped.png,0.016355433,0.7387531,0.062830165,0.08676011,0.5505171,0.7047653,0.07588248,0.07588248,0.25564486,0.25564486
P363,202510241500,2510241616,6,5,20 Hz,20.0,EXPERIMENTAL,LIGHT,True,,saveTime_2510241616__sessionTime_202510241500__participant_P363__trialN_6__trialT_5__fileType_cropped.png,1,,saveTime_2510241616__sessionTime_202510241500__participant_P363__trialN_6__trialT_5__fileType_cropped.png,0.0019585667,0.08846585,0.24822025,0.3427592,0.32996276,0.42241436,0.43530124,0.43530124,0.30332878,0.30332878
P363,202510241500,2510241620,7,3,10 Hz,10.0,EXPERIMENTAL,LIGHT,True,,saveTime_2510241620__sessionTime_202510241500__participant_P363__trialN_7__trialT_3__fileType_cropped.png,1,,saveTime_2510241620__sessionTime_202510241500__participant_P363__trialN_7__trialT_3__fileType_cropped.png,0.0009256924,0.04181229,0.3278025,0.4526517,0.31630465,0.4049294,0.4233405,0.4233405,0.27209404,0.27209404
P363,202510241500,2510241625,8,1,2.5 Hz,2.5,EXPERIMENTAL,LIGHT,True,,saveTime_2510241625__sessionTime_202510241500__participant_P363__trialN_8__trialT_1__fileType_cropped.png,1,,saveTime_2510241625__sessionTime_202510241500__participant_P363__trialN_8__trialT_1__fileType_cropped.png,0.00032024647,0.014465107,0.26101524,0.36042735,0.32046223,0.4102519,0.34264356,0.34264356,0.34216294,0.34216294
P363,202510241500,2510241628,9,1,2.5 Hz,2.5,EXPERIMENTAL,LIGHT,True,,saveTime_2510241628__sessionTime_202510241500__participant_P363__trialN_9__trialT_1__fileType_cropped.png,1,,saveTime_2510241628__sessionTime_202510241500__participant_P363__trialN_9__trialT_1__fileType_cropped.png,0.00023854243,0.010774643,0.55034214,0.7599494,0.16006935,0.20491885,0.6668911,0.6668911,0.22125156,0.22125156
P363,202510241500,2510241632,10,3,10 Hz,10.0,EXPERIMENTAL,LIGHT,True,,saveTime_2510241632__sessionTime_202510241500__participant_P363__trialN_10__trialT_3__fileType_cropped.png,1,,saveTime_2510241632__sessionTime_202510241500__participant_P363__trialN_10__trialT_3__fileType_cropped.png,0.0038851574,0.17548738,0.18115261,0.2501477,0.40969887,0.52449155,0.94784474,0.94784474,0.15615061,0.15615061
P363,202510241500,2510241636,11,2,5 Hz,5.0,EXPERIMENTAL,LIGHT,True,,saveTime_2510241636__sessionTime_202510241500__participant_P363__trialN_11__trialT_2__fileType_cropped.png,1,,saveTime_2510241636__sessionTime_202510241500__participant_P363__trialN_11__trialT_2__fileType_cropped.png,0.0008671614,0.03916852,0.2809761,0.38799065,0.30900562,0.39558527,0.82786906,0.82786906,0.17208001,0.17208001
P363,202510241500,2510241650,12,2,5 Hz,5.0,EXPERIMENTAL,LIGHT,True,,saveTime_2510241650__sessionTime_202510241500__participant_P363__trialN_12__trialT_2__fileType_cropped.png,1,,saveTime_2510241650__sessionTime_202510241500__participant_P363__trialN_12__trialT_2__fileType_cropped.png,0.00061901635,0.027960144,0.257764,0.35593784,0.37917912,0.48542055,0.43337804,0.43337804,0.19421528,0.19421528
P363,202510241500,2510241653,13,6,40 Hz,40.0,EXPERIMENTAL,LIGHT,True,,saveTime_2510241653__sessionTime_202510241500__participant_P363__trialN_13__trialT_6__fileType_cropped.png,1,,saveTime_2510241653__sessionTime_202510241500__participant_P363__trialN_13__trialT_6__fileType_cropped.png,0.00046431454,0.020972468,0.1269452,0.17529444,0.33181784,0.4247892,0.8992692,0.8992692,0.09534979,0.09534979
P363,202510241500,2510241657,14,4,15 Hz,15.0,EXPERIMENTAL,LIGHT,True,,saveTime_2510241657__sessionTime_202510241500__participant_P363__trialN_14__trialT_4__fileType_cropped.png,1,,saveTime_2510241657__sessionTime_202510241500__participant_P363__trialN_14__trialT_4__fileType_cropped.png,0.001006802,0.045475904,0.2490177,0.34386036,0.36071357,0.46178117,0.8272971,0.8272971,0.15926297,0.15926297
P363,202510241500,2510241701,15,A06,,,VALIDATION,IMAGE,True,,saveTime_2510241701__sessionTime_202510241500__participant_P363__trialN_15__trialT_A06__fileType_cropped.png,1,,saveTime_2510241701__sessionTime_202510241500__participant_P363__trialN_15__trialT_A06__fileType_cropped.png,0.0010163758,0.045908343,0.2062148,0.28475523,0.3718,0.4759739,0.45376086,0.45376086,0.08568753,0.08568753
P363,202510241500,2510241705,16,6,40 Hz,40.0,EXPERIMENTAL,LIGHT,True,,saveTime_2510241705__sessionTime_202510241500__participant_P363__trialN_16__trialT_6__fileType_cropped.png,1,,saveTime_2510241705__sessionTime_202510241500__participant_P363__trialN_16__trialT_6__fileType_cropped.png,0.00082392397,0.037215546,0.10219928,0.14112362,0.6533667,0.83643216,0.76060677,0.76060677,0.23591767,0.23591767
P363,202510241500,2510241709,17,5,20 Hz,20.0,EXPERIMENTAL,LIGHT,True,,saveTime_2510241709__sessionTime_202510241500__participant_P363__trialN_17__trialT_5__fileType_cropped.png,1,,saveTime_2510241709__sessionTime_202510241500__participant_P363__trialN_17__trialT_5__fileType_cropped.png,0.00066161266,0.029884161,0.27094138,0.37413403,0.32916287,0.42139032,0.8637046,0.8637046,0.12677875,0.12677875
P364,202510241500,2510241550,2,C09,,,VALIDATION,IMAGE,True,,saveTime_2510241550__sessionTime_202510241500__participant_P364__trialN_2__trialT_C09__fileType_cropped.png,1,,saveTime_2510241550__sessionTime_202510241500__participant_P364__trialN_2__trialT_C09__fileType_cropped.png,0.029119067,1.3152695,0.024763258,0.034194767,0.67942727,0.8697946,0.49563113,0.49563113,0.15904625,0.15904625
P364,202510241500,2510241554,3,4,15 Hz,15.0,EXPERIMENTAL,LIGHT,True,,saveTime_2510241554__sessionTime_202510241500__participant_P364__trialN_3__trialT_4__fileType_cropped.png,1,,saveTime_2510241554__sessionTime_202510241500__participant_P364__trialN_3__trialT_4__fileType_cropped.png,0.008518949,0.3847896,0.28148955,0.38869968,0.26525843,0.33958066,0.9659259,0.9659259,0.09635689,0.09635689
P364,202510241500,2510241558,4,7,80 Hz,80.0,CONTROL,LIGHT,True,,saveTime_2510241558__sessionTime_202510241500__participant_P364__trialN_4__trialT_7__fileType_cropped.png,1,,saveTime_2510241558__sessionTime_202510241500__participant_P364__trialN_4__trialT_7__fileType_cropped.png,0.0020863032,0.09423553,0.09729952,0.13435772,0.5027576,0.64362425,0.97125584,0.97125584,0.025252804,0.025252804
P364,202510241500,2510241602,5,B07,,,VALIDATION,IMAGE,True,,saveTime_2510241602__sessionTime_202510241500__participant_P364__trialN_5__trialT_B07__fileType_cropped.png,1,,saveTime_2510241602__sessionTime_202510241500__participant_P364__trialN_5__trialT_B07__fileType_cropped.png,0.005376445,0.24284686,0.23922703,0.33034074,0.32461575,0.4155692,0.8148574,0.8148574,0.3433221,0.3433221
P364,202510241500,2510241616,6,5,20 Hz,20.0,EXPERIMENTAL,LIGHT,True,,saveTime_2510241616__sessionTime_202510241500__participant_P364__trialN_6__trialT_5__fileType_cropped.png,1,,saveTime_2510241616__sessionTime_202510241500__participant_P364__trialN_6__trialT_5__fileType_cropped.png,0.023073304,1.0421904,0.29485255,0.4071522,0.33977112,0.43497092,0.84677076,0.84677076,0.112980515,0.112980515
P364,202510241500,2510241620,7,3,10 Hz,10.0,EXPERIMENTAL,LIGHT,True,,saveTime_2510241620__sessionTime_202510241500__participant_P364__trialN_7__trialT_3__fileType_cropped.png,1,,saveTime_2510241620__sessionTime_202510241500__participant_P364__trialN_7__trialT_3__fileType_cropped.png,0.014297803,0.6458127,0.2813828,0.38855225,0.29179576,0.37355343,0.96358573,0.96358573,0.0538328,0.0538328
P364,202510241500,2510241625,8,1,2.5 Hz,2.5,EXPERIMENTAL,LIGHT,True,,saveTime_2510241625__sessionTime_202510241500__participant_P364__trialN_8__trialT_1__fileType_cropped.png,1,,saveTime_2510241625__sessionTime_202510241500__participant_P364__trialN_8__trialT_1__fileType_cropped.png,0.018585192,0.83946836,0.29692855,0.4100189,0.2870052,0.36742058,0.9570627,0.9570627,0.028984535,0.028984535
P364,202510241500,2510241629,9,1,2.5 Hz,2.5,EXPERIMENTAL,LIGHT,True,,saveTime_2510241629__sessionTime_202510241500__participant_P364__trialN_9__trialT_1__fileType_cropped.png,1,,saveTime_2510241629__sessionTime_202510241500__participant_P364__trialN_9__trialT_1__fileType_cropped.png,0.015843948,0.71565,0.25844848,0.35688302,0.34075144,0.4362259,0.9755984,0.9755984,0.030268744,0.030268744
P364,202510241500,2510241633,10,3,10 Hz,10.0,EXPERIMENTAL,LIGHT,True,,saveTime_2510241633__sessionTime_202510241500__participant_P364__trialN_10__trialT_3__fileType_cropped.png,1,,saveTime_2510241633__sessionTime_202510241500__participant_P364__trialN_10__trialT_3__fileType_cropped.png,0.010461293,0.47252268,0.24160236,0.33362076,0.3237063,0.4144049,0.974771,0.974771,0.04362641,0.04362641
P364,202510241500,2510241637,11,2,5 Hz,5.0,EXPERIMENTAL,LIGHT,True,,saveTime_2510241637__sessionTime_202510241500__participant_P364__trialN_11__trialT_2__fileType_cropped.png,1,,saveTime_2510241637__sessionTime_202510241500__participant_P364__trialN_11__trialT_2__fileType_cropped.png,0.020321742,0.917906,0.29273337,0.4042259,0.29880616,0.38252804,0.9718745,0.9718745,0.027082067,0.027082067
P364,202510241500,2510241650,12,2,5 Hz,5.0,EXPERIMENTAL,LIGHT,True,,saveTime_2510241650__sessionTime_202510241500__participant_P364__trialN_12__trialT_2__fileType_cropped.png,1,,saveTime_2510241650__sessionTime_202510241500__participant_P364__trialN_12__trialT_2__fileType_cropped.png,0.010920646,0.493271,0.21252786,0.29347274,0.3533785,0.4523909,0.9907714,0.9907714,0.0153675545,0.0153675545
P364,202510241500,2510241654,13,6,40 Hz,40.0,EXPERIMENTAL,LIGHT,True,,saveTime_2510241654__sessionTime_202510241500__participant_P364__trialN_13__trialT_6__fileType_cropped.png,1,,saveTime_2510241654__sessionTime_202510241500__participant_P364__trialN_13__trialT_6__fileType_cropped.png,0.014973034,0.67631197,0.22245146,0.3071759,0.36746126,0.4704195,0.99122864,0.99122864,0.0150707085,0.0150707085
P364,202510241500,2510241657,14,4,15 Hz,15.0,EXPERIMENTAL,LIGHT,True,,saveTime_2510241657__sessionTime_202510241500__participant_P364__trialN_14__trialT_4__fileType_cropped.png,1,,saveTime_2510241657__sessionTime_202510241500__participant_P364__trialN_14__trialT_4__fileType_cropped.png,0.021871647,0.98791313,0.17052308,0.23546971,0.5051954,0.646745,0.9785985,0.9785985,0.016970666,0.016970666
P364,202510241500,2510241701,15,A11,,,VALIDATION,IMAGE,True,,saveTime_2510241701__sessionTime_202510241500__participant_P364__trialN_15__trialT_A11__fileType_cropped.png,1,,saveTime_2510241701__sessionTime_202510241500__participant_P364__trialN_15__trialT_A11__fileType_cropped.png,0.017978173,0.8120501,0.46529427,0.6425096,0.25719205,0.32925415,0.6185538,0.6185538,0.27429006,0.27429006
P364,202510241500,2510241705,16,6,40 Hz,40.0,EXPERIMENTAL,LIGHT,True,,saveTime_2510241705__sessionTime_202510241500__participant_P364__trialN_16__trialT_6__fileType_cropped.png,1,,saveTime_2510241705__sessionTime_202510241500__participant_P364__trialN_16__trialT_6__fileType_cropped.png,0.019135656,0.8643321,0.2745595,0.37913018,0.297041,0.3802683,0.9498042,0.9498042,0.035667703,0.035667703
P364,202510241500,2510241709,17,5,20 Hz,20.0,EXPERIMENTAL,LIGHT,True,,saveTime_2510241709__sessionTime_202510241500__participant_P364__trialN_17__trialT_5__fileType_cropped.png,1,,saveTime_2510241709__sessionTime_202510241500__participant_P364__trialN_17__trialT_5__fileType_cropped.png,0.021340152,0.9639062,0.13028178,0.17990182,0.6014425,0.76995945,0.974304,0.974304,0.018324167,0.018324167
P365,202510241500,2510241550,2,C04,,,VALIDATION,IMAGE,True,,saveTime_2510241550__sessionTime_202510241500__participant_P365__trialN_2__trialT_C04__fileType_cropped.png,1,,saveTime_2510241550__sessionTime_202510241500__participant_P365__trialN_2__trialT_C04__fileType_cropped.png,0.03449086,1.5579062,0.29876593,0.41255605,0.27424145,0.3510806,0.14380357,0.14380357,0.2465858,0.2465858
P365,202510241500,2510241554,3,4,15 Hz,15.0,EXPERIMENTAL,LIGHT,True,,saveTime_2510241554__sessionTime_202510241500__participant_P365__trialN_3__trialT_4__fileType_cropped.png,1,,saveTime_2510241554__sessionTime_202510241500__participant_P365__trialN_3__trialT_4__fileType_cropped.png,0.001103454,0.04984155,0.266662,0.3682248,0.27445507,0.3513541,0.25932407,0.25932407,0.3648281,0.3648281
P365,202510241500,2510241558,4,7,80 Hz,80.0,CONTROL,LIGHT,True,,saveTime_2510241558__sessionTime_202510241500__participant_P365__trialN_4__trialT_7__fileType_cropped.png,1,,saveTime_2510241558__sessionTime_202510241500__participant_P365__trialN_4__trialT_7__fileType_cropped.png,0.00019996215,0.009032023,0.002192854,0.0030280398,0.8387973,1.0738182,0.58013,0.58013,0.4680043,0.4680043
P365,202510241500,2510241601,5,B04,,,VALIDATION,IMAGE,True,,saveTime_2510241601__sessionTime_202510241500__participant_P365__trialN_5__trialT_B04__fileType_cropped.png,1,,saveTime_2510241601__sessionTime_202510241500__participant_P365__trialN_5__trialT_B04__fileType_cropped.png,0.027319921,1.2340044,0.4827622,0.66663045,0.30293062,0.38780814,0.3787338,0.3787338,0.28608206,0.28608206
P365,202510241500,2510241615,6,5,20 Hz,20.0,EXPERIMENTAL,LIGHT,True,,saveTime_2510241615__sessionTime_202510241500__participant_P365__trialN_6__trialT_5__fileType_cropped.png,1,,saveTime_2510241615__sessionTime_202510241500__participant_P365__trialN_6__trialT_5__fileType_cropped.png,0.0010216103,0.046144776,0.28703305,0.3963545,0.27312025,0.34964526,0.3180022,0.3180022,0.34848627,0.34848627
P365,202510241500,2510241619,7,3,10 Hz,10.0,EXPERIMENTAL,LIGHT,True,,saveTime_2510241619__sessionTime_202510241500__participant_P365__trialN_7__trialT_3__fileType_cropped.png,1,,saveTime_2510241619__sessionTime_202510241500__participant_P365__trialN_7__trialT_3__fileType_cropped.png,0.0002711265,0.012246423,0.12025817,0.16606055,0.33743542,0.43198076,0.4423997,0.4423997,0.44586632,0.44586632
P365,202510241500,2510241624,8,1,2.5 Hz,2.5,EXPERIMENTAL,LIGHT,True,,saveTime_2510241624__sessionTime_202510241500__participant_P365__trialN_8__trialT_1__fileType_cropped.png,1,,saveTime_2510241624__sessionTime_202510241500__participant_P365__trialN_8__trialT_1__fileType_cropped.png,0.00017268771,0.0078000734,0.006141825,0.008481044,0.74537545,0.9542207,0.662821,0.662821,0.4521938,0.4521938
P365,202510241500,2510241628,9,1,2.5 Hz,2.5,EXPERIMENTAL,LIGHT,True,,saveTime_2510241628__sessionTime_202510241500__participant_P365__trialN_9__trialT_1__fileType_cropped.png,1,,saveTime_2510241628__sessionTime_202510241500__participant_P365__trialN_9__trialT_1__fileType_cropped.png,0.00019661529,0.008880851,0.0028949261,0.0039975084,0.9292188,1.1895747,0.88542086,0.88542086,0.25220722,0.25220722
P365,202510241500,2510241632,10,3,10 Hz,10.0,EXPERIMENTAL,LIGHT,True,,saveTime_2510241632__sessionTime_202510241500__participant_P365__trialN_10__trialT_3__fileType_cropped.png,1,,saveTime_2510241632__sessionTime_202510241500__participant_P365__trialN_10__trialT_3__fileType_cropped.png,0.0002661053,0.012019621,0.23108917,0.31910345,0.2384372,0.30524445,0.43927562,0.43927562,0.42974424,0.42974424
P365,202510241500,2510241636,11,2,5 Hz,5.0,EXPERIMENTAL,LIGHT,True,,saveTime_2510241636__sessionTime_202510241500__participant_P365__trialN_11__trialT_2__fileType_cropped.png,1,,saveTime_2510241636__sessionTime_202510241500__participant_P365__trialN_11__trialT_2__fileType_cropped.png,0.0001847303,0.008344022,0.005926347,0.008183498,0.82004714,1.0498145,0.7424746,0.7424746,0.40994912,0.40994912
P365,202510241500,2510241649,12,2,5 Hz,5.0,EXPERIMENTAL,LIGHT,True,,saveTime_2510241649__sessionTime_202510241500__participant_P365__trialN_12__trialT_2__fileType_cropped.png,1,,saveTime_2510241649__sessionTime_202510241500__participant_P365__trialN_12__trialT_2__fileType_cropped.png,0.00020048836,0.009055791,0.06674955,0.09217226,0.6995565,0.89556384,0.9087871,0.9087871,0.09726147,0.09726147
P365,202510241500,2510241653,13,6,40 Hz,40.0,EXPERIMENTAL,LIGHT,True,,saveTime_2510241653__sessionTime_202510241500__participant_P365__trialN_13__trialT_6__fileType_cropped.png,1,,saveTime_2510241653__sessionTime_202510241500__participant_P365__trialN_13__trialT_6__fileType_cropped.png,0.001185583,0.0535512,0.15874527,0.21920612,0.451922,0.5785451,0.37514383,0.37514383,0.3808437,0.3808437
P365,202510241500,2510241657,14,4,15 Hz,15.0,EXPERIMENTAL,LIGHT,True,,saveTime_2510241657__sessionTime_202510241500__participant_P365__trialN_14__trialT_4__fileType_cropped.png,1,,saveTime_2510241657__sessionTime_202510241500__participant_P365__trialN_14__trialT_4__fileType_cropped.png,0.000468216,0.021148693,0.19656204,0.27142605,0.36559278,0.46802747,0.4326644,0.4326644,0.39591807,0.39591807
P365,202510241500,2510241700,15,A05,,,VALIDATION,IMAGE,True,,saveTime_2510241700__sessionTime_202510241500__participant_P365__trialN_15__trialT_A05__fileType_cropped.png,1,,saveTime_2510241700__sessionTime_202510241500__participant_P365__trialN_15__trialT_A05__fileType_cropped.png,0.015599084,0.70458984,0.0260253,0.03593748,0.6979261,0.8934766,0.3829725,0.3829725,0.18260401,0.18260401
P365,202510241500,2510241704,16,6,40 Hz,40.0,EXPERIMENTAL,LIGHT,True,,saveTime_2510241704__sessionTime_202510241500__participant_P365__trialN_16__trialT_6__fileType_cropped.png,1,,saveTime_2510241704__sessionTime_202510241500__participant_P365__trialN_16__trialT_6__fileType_cropped.png,0.0006105143,0.027576117,0.24233717,0.33463544,0.33633566,0.43057287,0.26120102,0.26120102,0.30839556,0.30839556
P365,202510241500,2510241708,17,5,20 Hz,20.0,EXPERIMENTAL,LIGHT,True,,saveTime_2510241708__sessionTime_202510241500__participant_P365__trialN_17__trialT_5__fileType_cropped.png,1,,saveTime_2510241708__sessionTime_202510241500__participant_P365__trialN_17__trialT_5__fileType_cropped.png,0.0011936967,0.05391769,0.38125062,0.5264565,0.22847778,0.2924945,0.5306563,0.5306563,0.34922954,0.34922954
P366,202510241700,2510241749,2,2,5 Hz,5.0,EXPERIMENTAL,LIGHT,True,,saveTime_2510241749__sessionTime_202510241700__participant_P366__trialN_2__trialT_2__fileType_cropped.png,1,,saveTime_2510241749__sessionTime_202510241700__participant_P366__trialN_2__trialT_2__fileType_cropped.png,0.00020655258,0.009329705,0.29151934,0.40254948,0.25069582,0.32093778,0.41860774,0.41860774,0.28117827,0.28117827
P366,202510241700,2510241754,3,C10,,,VALIDATION,IMAGE,True,,saveTime_2510241754__sessionTime_202510241700__participant_P366__trialN_3__trialT_C10__fileType_cropped.png,1,,saveTime_2510241754__sessionTime_202510241700__participant_P366__trialN_3__trialT_C10__fileType_cropped.png,0.0030984308,0.13995199,0.27549335,0.3804197,0.29456332,0.3770964,0.36636782,0.36636782,0.11113007,0.11113007
P366,202510241700,2510241759,4,4,15 Hz,15.0,EXPERIMENTAL,LIGHT,True,,saveTime_2510241759__sessionTime_202510241700__participant_P366__trialN_4__trialT_4__fileType_cropped.png,1,,saveTime_2510241759__sessionTime_202510241700__participant_P366__trialN_4__trialT_4__fileType_cropped.png,0.008461376,0.38218907,0.30711907,0.42409062,0.21178654,0.27112657,0.838214,0.838214,0.30601972,0.30601972
P366,202510241700,2510241803,5,B01,,,VALIDATION,IMAGE,True,,saveTime_2510241803__sessionTime_202510241700__participant_P366__trialN_5__trialT_B01__fileType_cropped.png,1,,saveTime_2510241803__sessionTime_202510241700__participant_P366__trialN_5__trialT_B01__fileType_cropped.png,0.0060162623,0.27174655,0.27762288,0.3833603,0.31528187,0.40362006,0.23430552,0.23430552,0.23471491,0.23471491
P366,202510241700,2510241815,6,5,20 Hz,20.0,EXPERIMENTAL,LIGHT,True,,saveTime_2510241815__sessionTime_202510241700__participant_P366__trialN_6__trialT_5__fileType_cropped.png,1,,saveTime_2510241815__sessionTime_202510241700__participant_P366__trialN_6__trialT_5__fileType_cropped.png,0.0032682035,0.1476204,0.24169986,0.3337554,0.30700123,0.3930193,0.6602214,0.6602214,0.2634256,0.2634256
P366,202510241700,2510241819,7,5,20 Hz,20.0,EXPERIMENTAL,LIGHT,True,,saveTime_2510241819__sessionTime_202510241700__participant_P366__trialN_7__trialT_5__fileType_cropped.png,1,,saveTime_2510241819__sessionTime_202510241700__participant_P366__trialN_7__trialT_5__fileType_cropped.png,0.0028834522,0.13024169,0.29024035,0.40078336,0.30261135,0.3873994,0.90958595,0.90958595,0.19497643,0.19497643
P366,202510241700,2510241823,8,2,5 Hz,5.0,EXPERIMENTAL,LIGHT,True,,saveTime_2510241823__sessionTime_202510241700__participant_P366__trialN_8__trialT_2__fileType_cropped.png,1,,saveTime_2510241823__sessionTime_202510241700__participant_P366__trialN_8__trialT_2__fileType_cropped.png,0.0011347259,0.051254056,0.34083006,0.47064102,0.22085051,0.28273016,0.50412,0.50412,0.2760812,0.2760812
P366,202510241700,2510241827,9,6,40 Hz,40.0,EXPERIMENTAL,LIGHT,True,,saveTime_2510241827__sessionTime_202510241700__participant_P366__trialN_9__trialT_6__fileType_cropped.png,1,,saveTime_2510241827__sessionTime_202510241700__participant_P366__trialN_9__trialT_6__fileType_cropped.png,0.0010163948,0.0459092,0.27610138,0.38125932,0.26722896,0.3421033,0.89805686,0.89805686,0.06350834,0.06350834
P366,202510241700,2510241831,10,1,2.5 Hz,2.5,EXPERIMENTAL,LIGHT,True,,saveTime_2510241831__sessionTime_202510241700__participant_P366__trialN_10__trialT_1__fileType_cropped.png,1,,saveTime_2510241831__sessionTime_202510241700__participant_P366__trialN_10__trialT_1__fileType_cropped.png,0.00014475809,0.00653853,0.27290037,0.37683916,0.297512,0.38087127,0.23051377,0.23051377,0.25032875,0.25032875
P366,202510241700,2510241835,11,7,80 Hz,80.0,CONTROL,LIGHT,True,,saveTime_2510241835__sessionTime_202510241700__participant_P366__trialN_11__trialT_7__fileType_cropped.png,1,,saveTime_2510241835__sessionTime_202510241700__participant_P366__trialN_11__trialT_7__fileType_cropped.png,0.0011917165,0.053828247,0.30624318,0.42288113,0.25517836,0.32667628,0.98121786,0.98121786,0.019929433,0.019929433
P366,202510241700,2510241850,12,6,40 Hz,40.0,EXPERIMENTAL,LIGHT,True,,saveTime_2510241850__sessionTime_202510241700__participant_P366__trialN_12__trialT_6__fileType_cropped.png,1,,saveTime_2510241850__sessionTime_202510241700__participant_P366__trialN_12__trialT_6__fileType_cropped.png,0.0051191268,0.23122413,0.30099696,0.4156368,0.26682603,0.34158748,0.8463842,0.8463842,0.12355036,0.12355036
P366,202510241700,2510241854,13,3,10 Hz,10.0,EXPERIMENTAL,LIGHT,True,,saveTime_2510241854__sessionTime_202510241700__participant_P366__trialN_13__trialT_3__fileType_cropped.png,1,,saveTime_2510241854__sessionTime_202510241700__participant_P366__trialN_13__trialT_3__fileType_cropped.png,0.00031876276,0.014398089,0.6094448,0.8415623,0.07826018,0.10018774,0.82465464,0.82465464,0.24386537,0.24386537
P366,202510241700,2510241858,14,1,2.5 Hz,2.5,EXPERIMENTAL,LIGHT,True,,saveTime_2510241858__sessionTime_202510241700__participant_P366__trialN_14__trialT_1__fileType_cropped.png,1,,saveTime_2510241858__sessionTime_202510241700__participant_P366__trialN_14__trialT_1__fileType_cropped.png,0.0003021952,0.013649754,0.31705508,0.43781093,0.25931266,0.33196893,0.31226957,0.31226957,0.21149299,0.21149299
P366,202510241700,2510241903,15,4,15 Hz,15.0,EXPERIMENTAL,LIGHT,True,,saveTime_2510241903__sessionTime_202510241700__participant_P366__trialN_15__trialT_4__fileType_cropped.png,1,,saveTime_2510241903__sessionTime_202510241700__participant_P366__trialN_15__trialT_4__fileType_cropped.png,0.0038593365,0.17432109,0.28960493,0.39990592,0.2925893,0.3745693,0.4763843,0.4763843,0.1810636,0.1810636
P366,202510241700,2510241907,16,3,10 Hz,10.0,EXPERIMENTAL,LIGHT,True,,saveTime_2510241907__sessionTime_202510241700__participant_P366__trialN_16__trialT_3__fileType_cropped.png,1,,saveTime_2510241907__sessionTime_202510241700__participant_P366__trialN_16__trialT_3__fileType_cropped.png,0.000613041,0.027690245,0.3569925,0.49295923,0.18643703,0.23867443,0.96310556,0.96310556,0.038769018,0.038769018
P366,202510241700,2510241909,17,A14,,,VALIDATION,IMAGE,True,,saveTime_2510241909__sessionTime_202510241700__participant_P366__trialN_17__trialT_A14__fileType_cropped.png,1,,saveTime_2510241909__sessionTime_202510241700__participant_P366__trialN_17__trialT_A14__fileType_cropped.png,0.0003413842,0.01541987,0.051942773,0.07172607,0.41710296,0.5339702,0.58913004,0.58913004,0.012408641,0.012408641
P367,202510241700,2510241750,2,2,5 Hz,5.0,EXPERIMENTAL,LIGHT,True,,saveTime_2510241750__sessionTime_202510241700__participant_P367__trialN_2__trialT_2__fileType_cropped.png,1,,saveTime_2510241750__sessionTime_202510241700__participant_P367__trialN_2__trialT_2__fileType_cropped.png,0.002764294,0.124859475,0.6022805,0.83166933,0.19700591,0.2522046,0.8033718,0.8033718,0.27947178,0.27947178
P367,202510241700,2510241754,3,C00,,,VALIDATION,IMAGE,True,,saveTime_2510241754__sessionTime_202510241700__participant_P367__trialN_3__trialT_C00__fileType_cropped.png,1,,saveTime_2510241754__sessionTime_202510241700__participant_P367__trialN_3__trialT_C00__fileType_cropped.png,0.03563138,1.609422,0.70691377,0.97615397,0.10852969,0.1389384,0.46280342,0.46280342,0.10986736,0.10986736
P367,202510241700,2510241759,4,4,15 Hz,15.0,EXPERIMENTAL,LIGHT,True,,saveTime_2510241759__sessionTime_202510241700__participant_P367__trialN_4__trialT_4__fileType_cropped.png,1,,saveTime_2510241759__sessionTime_202510241700__participant_P367__trialN_4__trialT_4__fileType_cropped.png,0.016315533,0.7369509,0.5642131,0.77910334,0.09288372,0.11890862,0.65815574,0.65815574,0.44402042,0.44402042
P367,202510241700,2510241803,5,B03,,,VALIDATION,IMAGE,True,,saveTime_2510241803__sessionTime_202510241700__participant_P367__trialN_5__trialT_B03__fileType_cropped.png,1,,saveTime_2510241803__sessionTime_202510241700__participant_P367__trialN_5__trialT_B03__fileType_cropped.png,0.02315645,1.0459459,0.011866496,0.016386054,0.77367246,0.99044615,0.33636525,0.33636525,0.09457444,0.09457444
P367,202510241700,2510241815,6,5,20 Hz,20.0,EXPERIMENTAL,LIGHT,True,,saveTime_2510241815__sessionTime_202510241700__participant_P367__trialN_6__trialT_5__fileType_cropped.png,1,,saveTime_2510241815__sessionTime_202510241700__participant_P367__trialN_6__trialT_5__fileType_cropped.png,0.0076135127,0.34389222,0.80323005,1.109154,0.01554698,0.019903056,0.6061565,0.6061565,0.3693573,0.3693573
P367,202510241700,2510241820,7,5,20 Hz,20.0,EXPERIMENTAL,LIGHT,True,,saveTime_2510241820__sessionTime_202510241700__participant_P367__trialN_7__trialT_5__fileType_cropped.png,1,,saveTime_2510241820__sessionTime_202510241700__participant_P367__trialN_7__trialT_5__fileType_cropped.png,0.012157971,0.54915935,0.33101827,0.45709226,0.26225176,0.33573157,0.67218417,0.67218417,0.38823095,0.38823095
P367,202510241700,2510241823,8,2,5 Hz,5.0,EXPERIMENTAL,LIGHT,True,,saveTime_2510241823__sessionTime_202510241700__participant_P367__trialN_8__trialT_2__fileType_cropped.png,1,,saveTime_2510241823__sessionTime_202510241700__participant_P367__trialN_8__trialT_2__fileType_cropped.png,0.007037037,0.31785357,0.29287225,0.40441766,0.5103774,0.653379,0.5880351,0.5880351,0.41444668,0.41444668
P367,202510241700,2510241827,9,6,40 Hz,40.0,EXPERIMENTAL,LIGHT,True,,saveTime_2510241827__sessionTime_202510241700__participant_P367__trialN_9__trialT_6__fileType_cropped.png,1,,saveTime_2510241827__sessionTime_202510241700__participant_P367__trialN_9__trialT_6__fileType_cropped.png,0.0074238935,0.3353274,0.1645366,0.22720318,0.46452656,0.5946813,0.7054011,0.7054011,0.23988287,0.23988287
P367,202510241700,2510241831,10,1,2.5 Hz,2.5,EXPERIMENTAL,LIGHT,True,,saveTime_2510241831__sessionTime_202510241700__participant_P367__trialN_10__trialT_1__fileType_cropped.png,1,,saveTime_2510241831__sessionTime_202510241700__participant_P367__trialN_10__trialT_1__fileType_cropped.png,0.00018115231,0.008182408,0.0011819113,0.0016320625,0.9630336,1.232864,0.55716074,0.55716074,0.28376275,0.28376275
P367,202510241700,2510241835,11,7,80 Hz,80.0,CONTROL,LIGHT,True,,saveTime_2510241835__sessionTime_202510241700__participant_P367__trialN_11__trialT_7__fileType_cropped.png,1,,saveTime_2510241835__sessionTime_202510241700__participant_P367__trialN_11__trialT_7__fileType_cropped.png,0.00038147467,0.017230703,0.018930523,0.026140537,0.8812085,1.1281124,0.9774344,0.9774344,0.02167965,0.02167965
P367,202510241700,2510241845,12,A05,,,VALIDATION,IMAGE,True,,saveTime_2510241845__sessionTime_202510241700__participant_P367__trialN_12__trialT_A05__fileType_cropped.png,1,,saveTime_2510241845__sessionTime_202510241700__participant_P367__trialN_12__trialT_A05__fileType_cropped.png,0.009960541,0.44990435,0.043162767,0.059602045,0.7393481,0.94650453,0.34328374,0.34328374,0.11339525,0.11339525
P367,202510241700,2510241850,13,6,40 Hz,40.0,EXPERIMENTAL,LIGHT,True,,saveTime_2510241850__sessionTime_202510241700__participant_P367__trialN_13__trialT_6__fileType_cropped.png,1,,saveTime_2510241850__sessionTime_202510241700__participant_P367__trialN_13__trialT_6__fileType_cropped.png,0.010622935,0.47982383,0.4627759,0.639032,0.12203241,0.15622443,0.7853511,0.7853511,0.32492542,0.32492542
P367,202510241700,2510241854,14,3,10 Hz,10.0,EXPERIMENTAL,LIGHT,True,,saveTime_2510241854__sessionTime_202510241700__participant_P367__trialN_14__trialT_3__fileType_cropped.png,1,,saveTime_2510241854__sessionTime_202510241700__participant_P367__trialN_14__trialT_3__fileType_cropped.png,0.0040363553,0.1823168,0.025974188,0.0358669,0.5814594,0.7443773,0.6602929,0.6602929,0.3976256,0.3976256
P367,202510241700,2510241858,15,1,2.5 Hz,2.5,EXPERIMENTAL,LIGHT,True,,saveTime_2510241858__sessionTime_202510241700__participant_P367__trialN_15__trialT_1__fileType_cropped.png,1,,saveTime_2510241858__sessionTime_202510241700__participant_P367__trialN_15__trialT_1__fileType_cropped.png,0.00048553653,0.021931037,0.30570543,0.42213857,0.37868968,0.48479396,0.93350726,0.93350726,0.08868644,0.08868644
P367,202510241700,2510241901,16,4,15 Hz,15.0,EXPERIMENTAL,LIGHT,True,,saveTime_2510241901__sessionTime_202510241700__participant_P367__trialN_16__trialT_4__fileType_cropped.png,1,,saveTime_2510241901__sessionTime_202510241700__participant_P367__trialN_16__trialT_4__fileType_cropped.png,0.0008043261,0.03633034,0.6315816,0.8721303,0.050830603,0.06507272,0.7497573,0.7497573,0.18577756,0.18577756
P367,202510241700,2510241905,17,3,10 Hz,10.0,EXPERIMENTAL,LIGHT,True,,saveTime_2510241905__sessionTime_202510241700__participant_P367__trialN_17__trialT_3__fileType_cropped.png,1,,saveTime_2510241905__sessionTime_202510241700__participant_P367__trialN_17__trialT_3__fileType_cropped.png,0.000796779,0.035989445,0.25637752,0.35402328,0.2711828,0.34716496,0.84079117,0.84079117,0.07671985,0.07671985
P368,202510241700,2510241808,1,C00,,,VALIDATION,IMAGE,True,,saveTime_2510241808__sessionTime_202510241700__participant_P368__trialN_1__trialT_C00__fileType_cropped.png,1,,saveTime_2510241808__sessionTime_202510241700__participant_P368__trialN_1__trialT_C00__fileType_cropped.png,0.023923691,1.0806012,0.6355063,0.8775497,0.21257801,0.27213982,0.2644172,0.2644172,0.16389924,0.16389924
P368,202510241700,2510241750,2,2,5 Hz,5.0,EXPERIMENTAL,LIGHT,True,,saveTime_2510241750__sessionTime_202510241700__participant_P368__trialN_2__trialT_2__fileType_cropped.png,1,,saveTime_2510241750__sessionTime_202510241700__participant_P368__trialN_2__trialT_2__fileType_cropped.png,0.0011410088,0.051537845,0.5342162,0.7376816,0.12877281,0.16485341,0.71693987,0.71693987,0.25480318,0.25480318
P368,202510241700,2510241759,4,4,15 Hz,15.0,EXPERIMENTAL,LIGHT,True,,saveTime_2510241759__sessionTime_202510241700__participant_P368__trialN_4__trialT_4__fileType_cropped.png,1,,saveTime_2510241759__sessionTime_202510241700__participant_P368__trialN_4__trialT_4__fileType_cropped.png,0.0013711306,0.06193214,0.42355707,0.58487606,0.17330009,0.22185668,0.7657509,0.7657509,0.1564558,0.1564558
P368,202510241700,2510241803,5,B10,,,VALIDATION,IMAGE,True,,saveTime_2510241803__sessionTime_202510241700__participant_P368__trialN_5__trialT_B10__fileType_cropped.png,1,,saveTime_2510241803__sessionTime_202510241700__participant_P368__trialN_5__trialT_B10__fileType_cropped.png,0.021020427,0.9494647,0.71701264,0.9900992,0.018551666,0.02374962,0.17726593,0.17726593,0.23070389,0.23070389
P368,202510241700,2510241815,6,5,20 Hz,20.0,EXPERIMENTAL,LIGHT,True,,saveTime_2510241815__sessionTime_202510241700__participant_P368__trialN_6__trialT_5__fileType_cropped.png,1,,saveTime_2510241815__sessionTime_202510241700__participant_P368__trialN_6__trialT_5__fileType_cropped.png,0.0021337997,0.09638089,0.33778575,0.46643725,0.22695135,0.29054037,0.8413619,0.8413619,0.20930523,0.20930523
P368,202510241700,2510241819,7,5,20 Hz,20.0,EXPERIMENTAL,LIGHT,True,,saveTime_2510241819__sessionTime_202510241700__participant_P368__trialN_7__trialT_5__fileType_cropped.png,1,,saveTime_2510241819__sessionTime_202510241700__participant_P368__trialN_7__trialT_5__fileType_cropped.png,0.0063451678,0.28660277,0.10301034,0.1422436,0.48504543,0.6209493,0.6887119,0.6887119,0.18729843,0.18729843
P368,202510241700,2510241823,8,2,5 Hz,5.0,EXPERIMENTAL,LIGHT,True,,saveTime_2510241823__sessionTime_202510241700__participant_P368__trialN_8__trialT_2__fileType_cropped.png,1,,saveTime_2510241823__sessionTime_202510241700__participant_P368__trialN_8__trialT_2__fileType_cropped.png,0.0036921622,0.16677004,0.5314321,0.7338371,0.119157076,0.15254346,0.5795511,0.5795511,0.22757979,0.22757979
P368,202510241700,2510241826,9,6,40 Hz,40.0,EXPERIMENTAL,LIGHT,True,,saveTime_2510241826__sessionTime_202510241700__participant_P368__trialN_9__trialT_6__fileType_cropped.png,1,,saveTime_2510241826__sessionTime_202510241700__participant_P368__trialN_9__trialT_6__fileType_cropped.png,0.002003549,0.090497635,0.31817645,0.4393594,0.3461764,0.44317085,0.856236,0.856236,0.029865602,0.029865602
P368,202510241700,2510241831,10,1,2.5 Hz,2.5,EXPERIMENTAL,LIGHT,True,,saveTime_2510241831__sessionTime_202510241700__participant_P368__trialN_10__trialT_1__fileType_cropped.png,1,,saveTime_2510241831__sessionTime_202510241700__participant_P368__trialN_10__trialT_1__fileType_cropped.png,0.0015226102,0.068774275,0.30560187,0.42199558,0.24033369,0.3076723,0.9978792,0.9978792,0.0058660046,0.0058660046
P368,202510241700,2510241834,11,7,80 Hz,80.0,CONTROL,LIGHT,True,,saveTime_2510241834__sessionTime_202510241700__participant_P368__trialN_11__trialT_7__fileType_cropped.png,1,,saveTime_2510241834__sessionTime_202510241700__participant_P368__trialN_11__trialT_7__fileType_cropped.png,0.004267334,0.19274978,0.34593758,0.47769383,0.2445755,0.3131026,0.9902865,0.9902865,0.0075063547,0.0075063547
P368,202510241700,2510241845,12,A06,,,VALIDATION,IMAGE,True,,saveTime_2510241845__sessionTime_202510241700__participant_P368__trialN_12__trialT_A06__fileType_cropped.png,1,,saveTime_2510241845__sessionTime_202510241700__participant_P368__trialN_12__trialT_A06__fileType_cropped.png,0.0008951272,0.0404317,0.07567825,0.10450161,0.44222605,0.5661325,0.35508057,0.35508057,0.044945158,0.044945158
P368,202510241700,2510241850,13,6,40 Hz,40.0,EXPERIMENTAL,LIGHT,True,,saveTime_2510241850__sessionTime_202510241700__participant_P368__trialN_13__trialT_6__fileType_cropped.png,1,,saveTime_2510241850__sessionTime_202510241700__participant_P368__trialN_13__trialT_6__fileType_cropped.png,0.002309331,0.1043094,0.8094357,1.1177232,0.018591005,0.023799982,0.76577336,0.76577336,0.28746092,0.28746092
P368,202510241700,2510241854,14,3,10 Hz,10.0,EXPERIMENTAL,LIGHT,True,,saveTime_2510241854__sessionTime_202510241700__participant_P368__trialN_14__trialT_3__fileType_cropped.png,1,,saveTime_2510241854__sessionTime_202510241700__participant_P368__trialN_14__trialT_3__fileType_cropped.png,0.0024329682,0.10989393,0.48092076,0.66408765,0.20521067,0.26270822,0.8563973,0.8563973,0.21176048,0.21176048
P368,202510241700,2510241857,15,1,2.5 Hz,2.5,EXPERIMENTAL,LIGHT,True,,saveTime_2510241857__sessionTime_202510241700__participant_P368__trialN_15__trialT_1__fileType_cropped.png,1,,saveTime_2510241857__sessionTime_202510241700__participant_P368__trialN_15__trialT_1__fileType_cropped.png,0.0009017759,0.040732015,0.75083375,1.0368017,0.048740406,0.06239688,0.2177245,0.2177245,0.030002745,0.030002745
P368,202510241700,2510241903,16,4,15 Hz,15.0,EXPERIMENTAL,LIGHT,True,,saveTime_2510241903__sessionTime_202510241700__participant_P368__trialN_16__trialT_4__fileType_cropped.png,1,,saveTime_2510241903__sessionTime_202510241700__participant_P368__trialN_16__trialT_4__fileType_cropped.png,0.015480181,0.69921917,0.30490762,0.4210369,0.23347291,0.29888922,0.7902042,0.7902042,0.18098351,0.18098351
P368,202510241700,2510241906,17,3,10 Hz,10.0,EXPERIMENTAL,LIGHT,True,,saveTime_2510241906__sessionTime_202510241700__participant_P368__trialN_17__trialT_3__fileType_cropped.png,1,,saveTime_2510241906__sessionTime_202510241700__participant_P368__trialN_17__trialT_3__fileType_cropped.png,0.0032376773,0.14624156,0.46516663,0.6423333,0.15998836,0.20481516,0.8699452,0.8699452,0.15518048,0.15518048
P369,202510241700,2510241750,2,2,5 Hz,5.0,EXPERIMENTAL,LIGHT,True,,saveTime_2510241750__sessionTime_202510241700__participant_P369__trialN_2__trialT_2__fileType_cropped.png,1,,saveTime_2510241750__sessionTime_202510241700__participant_P369__trialN_2__trialT_2__fileType_cropped.png,0.00031177216,0.014082333,0.7540322,1.0412183,0.03979709,0.050947756,0.91131264,0.91131264,0.1330267,0.1330267
P369,202510241700,2510241754,3,C12,,,VALIDATION,IMAGE,True,,saveTime_2510241754__sessionTime_202510241700__participant_P369__trialN_3__trialT_C12__fileType_cropped.png,1,,saveTime_2510241754__sessionTime_202510241700__participant_P369__trialN_3__trialT_C12__fileType_cropped.png,0.019429613,0.8776097,0.29561144,0.40820011,0.28272524,0.36194146,0.53677565,0.53677565,0.49275655,0.49275655
P369,202510241700,2510241800,4,4,15 Hz,15.0,EXPERIMENTAL,LIGHT,True,,saveTime_2510241800__sessionTime_202510241700__participant_P369__trialN_4__trialT_4__fileType_cropped.png,1,,saveTime_2510241800__sessionTime_202510241700__participant_P369__trialN_4__trialT_4__fileType_cropped.png,0.00048490253,0.021902401,0.16243847,0.22430594,0.48285425,0.6181442,0.73651326,0.73651326,0.07324342,0.07324342
P369,202510241700,2510241803,5,B01,,,VALIDATION,IMAGE,True,,saveTime_2510241803__sessionTime_202510241700__participant_P369__trialN_5__trialT_B01__fileType_cropped.png,1,,saveTime_2510241803__sessionTime_202510241700__participant_P369__trialN_5__trialT_B01__fileType_cropped.png,0.006177971,0.2790507,0.30216372,0.41724795,0.2801555,0.3586517,0.16507438,0.16507438,0.24028645,0.24028645
P369,202510241700,2510241816,6,5,20 Hz,20.0,EXPERIMENTAL,LIGHT,True,,saveTime_2510241816__sessionTime_202510241700__participant_P369__trialN_6__trialT_5__fileType_cropped.png,1,,saveTime_2510241816__sessionTime_202510241700__participant_P369__trialN_6__trialT_5__fileType_cropped.png,0.00050353835,0.022744156,0.18236448,0.2518211,0.4702123,0.6019601,0.83842474,0.83842474,0.08615355,0.08615355
P369,202510241700,2510241819,7,5,20 Hz,20.0,EXPERIMENTAL,LIGHT,True,,saveTime_2510241819__sessionTime_202510241700__participant_P369__trialN_7__trialT_5__fileType_cropped.png,1,,saveTime_2510241819__sessionTime_202510241700__participant_P369__trialN_7__trialT_5__fileType_cropped.png,0.0010394964,0.046952665,0.391008,0.5399301,0.19544342,0.25020432,0.82425237,0.82425237,0.038311865,0.038311865
P369,202510241700,2510241823,8,2,5 Hz,5.0,EXPERIMENTAL,LIGHT,True,,saveTime_2510241823__sessionTime_202510241700__participant_P369__trialN_8__trialT_2__fileType_cropped.png,1,,saveTime_2510241823__sessionTime_202510241700__participant_P369__trialN_8__trialT_2__fileType_cropped.png,0.000339776,0.015347228,0.7801971,1.0773485,0.028995302,0.037119437,0.9229716,0.9229716,0.11625013,0.11625013
P369,202510241700,2510241828,9,6,40 Hz,40.0,EXPERIMENTAL,LIGHT,True,,saveTime_2510241828__sessionTime_202510241700__participant_P369__trialN_9__trialT_6__fileType_cropped.png,1,,saveTime_2510241828__sessionTime_202510241700__participant_P369__trialN_9__trialT_6__fileType_cropped.png,0.0011370074,0.05135711,0.33382574,0.46096897,0.25392532,0.32507214,0.918838,0.918838,0.05036886,0.05036886
P369,202510241700,2510241831,10,1,2.5 Hz,2.5,EXPERIMENTAL,LIGHT,True,,saveTime_2510241831__sessionTime_202510241700__participant_P369__trialN_10__trialT_1__fileType_cropped.png,1,,saveTime_2510241831__sessionTime_202510241700__participant_P369__trialN_10__trialT_1__fileType_cropped.png,0.00040499496,0.018293083,0.7229835,0.9983441,0.06651235,0.08514831,0.91757274,0.91757274,0.114982285,0.114982285
P369,202510241700,2510241835,11,7,80 Hz,80.0,CONTROL,LIGHT,True,,saveTime_2510241835__sessionTime_202510241700__participant_P369__trialN_11__trialT_7__fileType_cropped.png,1,,saveTime_2510241835__sessionTime_202510241700__participant_P369__trialN_11__trialT_7__fileType_cropped.png,0.00022362018,0.010100625,0.0045781555,0.006321824,0.9114154,1.166783,0.9521075,0.9521075,0.119004674,0.119004674
P369,202510241700,2510241846,12,A01,,,VALIDATION,IMAGE,True,,saveTime_2510241846__sessionTime_202510241700__participant_P369__trialN_12__trialT_A01__fileType_cropped.png,1,,saveTime_2510241846__sessionTime_202510241700__participant_P369__trialN_12__trialT_A01__fileType_cropped.png,0.008424013,0.38050142,0.26689026,0.36854,0.25607693,0.32782662,0.27886942,0.27886942,0.15577063,0.15577063
P369,202510241700,2510241851,13,6,40 Hz,40.0,EXPERIMENTAL,LIGHT,True,,saveTime_2510241851__sessionTime_202510241700__participant_P369__trialN_13__trialT_6__fileType_cropped.png,1,,saveTime_2510241851__sessionTime_202510241700__participant_P369__trialN_13__trialT_6__fileType_cropped.png,0.000756329,0.034162372,0.65617776,0.9060943,0.07599782,0.0972915,0.8839948,0.8839948,0.06837516,0.06837516
P369,202510241700,2510241854,14,3,10 Hz,10.0,EXPERIMENTAL,LIGHT,True,,saveTime_2510241854__sessionTime_202510241700__participant_P369__trialN_14__trialT_3__fileType_cropped.png,1,,saveTime_2510241854__sessionTime_202510241700__participant_P369__trialN_14__trialT_3__fileType_cropped.png,0.00065587746,0.02962511,0.6570433,0.90728945,0.062783524,0.08037471,0.8905979,0.8905979,0.07971398,0.07971398
P369,202510241700,2510241858,15,1,2.5 Hz,2.5,EXPERIMENTAL,LIGHT,True,,saveTime_2510241858__sessionTime_202510241700__participant_P369__trialN_15__trialT_1__fileType_cropped.png,1,,saveTime_2510241858__sessionTime_202510241700__participant_P369__trialN_15__trialT_1__fileType_cropped.png,0.00027659297,0.012493336,0.8264966,1.141282,0.021481512,0.027500372,0.9193921,0.9193921,0.12905076,0.12905076
P369,202510241700,2510241902,16,4,15 Hz,15.0,EXPERIMENTAL,LIGHT,True,,saveTime_2510241902__sessionTime_202510241700__participant_P369__trialN_16__trialT_4__fileType_cropped.png,1,,saveTime_2510241902__sessionTime_202510241700__participant_P369__trialN_16__trialT_4__fileType_cropped.png,0.0006803635,0.030731112,0.25159693,0.3474219,0.34159204,0.43730202,0.80210865,0.80210865,0.08754287,0.08754287
P369,202510241700,2510241907,17,3,10 Hz,10.0,EXPERIMENTAL,LIGHT,True,,saveTime_2510241907__sessionTime_202510241700__participant_P369__trialN_17__trialT_3__fileType_cropped.png,1,,saveTime_2510241907__sessionTime_202510241700__participant_P369__trialN_17__trialT_3__fileType_cropped.png,0.000663767,0.02998147,0.47742632,0.6592623,0.19524178,0.24994618,0.8282501,0.8282501,0.058286224,0.058286224
P370,202510241700,2510241750,2,2,5 Hz,5.0,EXPERIMENTAL,LIGHT,True,,saveTime_2510241750__sessionTime_202510241700__participant_P370__trialN_2__trialT_2__fileType_cropped.png,1,,saveTime_2510241750__sessionTime_202510241700__participant_P370__trialN_2__trialT_2__fileType_cropped.png,0.0023938508,0.10812705,0.3614665,0.4991372,0.27390283,0.35064712,0.6712631,0.6712631,0.07996101,0.07996101
P370,202510241700,2510241754,3,C01,,,VALIDATION,IMAGE,True,,saveTime_2510241754__sessionTime_202510241700__participant_P370__trialN_3__trialT_C01__fileType_cropped.png,1,,saveTime_2510241754__sessionTime_202510241700__participant_P370__trialN_3__trialT_C01__fileType_cropped.png,0.026255246,1.1859145,0.6906789,0.95373577,0.025532363,0.032686222,0.07947426,0.07947426,0.13778162,0.13778162
P370,202510241700,2510241759,4,4,15 Hz,15.0,EXPERIMENTAL,LIGHT,True,,saveTime_2510241759__sessionTime_202510241700__participant_P370__trialN_4__trialT_4__fileType_cropped.png,1,,saveTime_2510241759__sessionTime_202510241700__participant_P370__trialN_4__trialT_4__fileType_cropped.png,0.014855834,0.6710182,0.18780603,0.25933516,0.46955803,0.60112256,0.9705546,0.9705546,0.042388365,0.042388365
P370,202510241700,2510241802,5,B06,,,VALIDATION,IMAGE,True,,saveTime_2510241802__sessionTime_202510241700__participant_P370__trialN_5__trialT_B06__fileType_cropped.png,1,,saveTime_2510241802__sessionTime_202510241700__participant_P370__trialN_5__trialT_B06__fileType_cropped.png,0.00451977,0.20415199,0.27800676,0.3838904,0.28620553,0.36639687,0.32689545,0.32689545,0.21607547,0.21607547
P370,202510241700,2510241816,6,5,20 Hz,20.0,EXPERIMENTAL,LIGHT,True,,saveTime_2510241816__sessionTime_202510241700__participant_P370__trialN_6__trialT_5__fileType_cropped.png,1,,saveTime_2510241816__sessionTime_202510241700__participant_P370__trialN_6__trialT_5__fileType_cropped.png,0.018678388,0.8436779,0.22466072,0.31022662,0.38470912,0.49249998,0.9772639,0.9772639,0.043690838,0.043690838
P370,202510241700,2510241820,7,5,20 Hz,20.0,EXPERIMENTAL,LIGHT,True,,saveTime_2510241820__sessionTime_202510241700__participant_P370__trialN_7__trialT_5__fileType_cropped.png,1,,saveTime_2510241820__sessionTime_202510241700__participant_P370__trialN_7__trialT_5__fileType_cropped.png,0.006737218,0.30431116,0.26153737,0.36114836,0.44072893,0.5642159,0.94604975,0.94604975,0.04109171,0.04109171
P370,202510241700,2510241824,8,2,5 Hz,5.0,EXPERIMENTAL,LIGHT,True,,saveTime_2510241824__sessionTime_202510241700__participant_P370__trialN_8__trialT_2__fileType_cropped.png,1,,saveTime_2510241824__sessionTime_202510241700__participant_P370__trialN_8__trialT_2__fileType_cropped.png,0.00451,0.20371068,0.21842124,0.3016107,0.51961744,0.665208,0.9874875,0.9874875,0.024389492,0.024389492
P370,202510241700,2510241826,9,6,40 Hz,40.0,EXPERIMENTAL,LIGHT,True,,saveTime_2510241826__sessionTime_202510241700__participant_P370__trialN_9__trialT_6__fileType_cropped.png,1,,saveTime_2510241826__sessionTime_202510241700__participant_P370__trialN_9__trialT_6__fileType_cropped.png,0.00874931,0.39519468,0.24589363,0.3395464,0.40062156,0.5128709,0.9432173,0.9432173,0.10422634,0.10422634
P370,202510241700,2510241831,10,1,2.5 Hz,2.5,EXPERIMENTAL,LIGHT,True,,saveTime_2510241831__sessionTime_202510241700__participant_P370__trialN_10__trialT_1__fileType_cropped.png,1,,saveTime_2510241831__sessionTime_202510241700__participant_P370__trialN_10__trialT_1__fileType_cropped.png,0.008019353,0.3622235,0.31643176,0.4369502,0.26273382,0.33634868,0.982167,0.982167,0.032631572,0.032631572
P370,202510241700,2510241834,11,7,80 Hz,80.0,CONTROL,LIGHT,True,,saveTime_2510241834__sessionTime_202510241700__participant_P370__trialN_11__trialT_7__fileType_cropped.png,1,,saveTime_2510241834__sessionTime_202510241700__participant_P370__trialN_11__trialT_7__fileType_cropped.png,0.00075289805,0.0340074,0.2986934,0.4124559,0.2536439,0.32471186,0.9891779,0.9891779,0.023066347,0.023066347
P370,202510241700,2510241845,12,A08,,,VALIDATION,IMAGE,True,,saveTime_2510241845__sessionTime_202510241700__participant_P370__trialN_12__trialT_A08__fileType_cropped.png,1,,saveTime_2510241845__sessionTime_202510241700__participant_P370__trialN_12__trialT_A08__fileType_cropped.png,0.008060028,0.3640607,0.22293031,0.30783713,0.29637578,0.3794167,0.38319114,0.38319114,0.16046607,0.16046607
P370,202510241700,2510241849,13,6,40 Hz,40.0,EXPERIMENTAL,LIGHT,True,,saveTime_2510241849__sessionTime_202510241700__participant_P370__trialN_13__trialT_6__fileType_cropped.png,1,,saveTime_2510241849__sessionTime_202510241700__participant_P370__trialN_13__trialT_6__fileType_cropped.png,0.001616894,0.073032945,0.20982932,0.2897464,0.44584137,0.5707608,0.9746656,0.9746656,0.04561616,0.04561616
P370,202510241700,2510241855,14,3,10 Hz,10.0,EXPERIMENTAL,LIGHT,True,,saveTime_2510241855__sessionTime_202510241700__participant_P370__trialN_14__trialT_3__fileType_cropped.png,1,,saveTime_2510241855__sessionTime_202510241700__participant_P370__trialN_14__trialT_3__fileType_cropped.png,0.022971628,1.0375978,0.41286546,0.57011235,0.3628282,0.4644883,0.9622427,0.9622427,0.096502975,0.096502975
P370,202510241700,2510241857,15,1,2.5 Hz,2.5,EXPERIMENTAL,LIGHT,True,,saveTime_2510241857__sessionTime_202510241700__participant_P370__trialN_15__trialT_1__fileType_cropped.png,1,,saveTime_2510241857__sessionTime_202510241700__participant_P370__trialN_15__trialT_1__fileType_cropped.png,0.0008752257,0.039532777,0.5227914,0.7219054,0.14218478,0.18202324,0.99732584,0.99732584,0.008196269,0.008196269
P370,202510241700,2510241902,16,4,15 Hz,15.0,EXPERIMENTAL,LIGHT,True,,saveTime_2510241902__sessionTime_202510241700__participant_P370__trialN_16__trialT_4__fileType_cropped.png,1,,saveTime_2510241902__sessionTime_202510241700__participant_P370__trialN_16__trialT_4__fileType_cropped.png,0.0037108269,0.1676131,0.3968202,0.54795593,0.28068006,0.35932323,0.9821601,0.9821601,0.036887188,0.036887188
P370,202510241700,2510241906,17,3,10 Hz,10.0,EXPERIMENTAL,LIGHT,True,,saveTime_2510241906__sessionTime_202510241700__participant_P370__trialN_17__trialT_3__fileType_cropped.png,1,,saveTime_2510241906__sessionTime_202510241700__participant_P370__trialN_17__trialT_3__fileType_cropped.png,0.008883442,0.40125322,0.493136,0.6809553,0.19970557,0.25566068,0.99699235,0.99699235,0.009733099,0.009733099
P371,202510241700,2510241750,2,2,5 Hz,5.0,EXPERIMENTAL,LIGHT,True,,saveTime_2510241750__sessionTime_202510241700__participant_P371__trialN_2__trialT_2__fileType_cropped.png,1,,saveTime_2510241750__sessionTime_202510241700__participant_P371__trialN_2__trialT_2__fileType_cropped.png,0.0037216144,0.16810036,0.36685172,0.5065735,0.19161442,0.24530247,0.8467707,0.8467707,0.21625164,0.21625164
P371,202510241700,2510241754,3,C02,,,VALIDATION,IMAGE,True,,saveTime_2510241754__sessionTime_202510241700__participant_P371__trialN_3__trialT_C02__fileType_cropped.png,1,,saveTime_2510241754__sessionTime_202510241700__participant_P371__trialN_3__trialT_C02__fileType_cropped.png,0.0040738597,0.1840108,0.2883237,0.3981367,0.28353968,0.3629841,0.7602306,0.7602306,0.1086792,0.1086792
P371,202510241700,2510241800,4,4,15 Hz,15.0,EXPERIMENTAL,LIGHT,True,,saveTime_2510241800__sessionTime_202510241700__participant_P371__trialN_4__trialT_4__fileType_cropped.png,1,,saveTime_2510241800__sessionTime_202510241700__participant_P371__trialN_4__trialT_4__fileType_cropped.png,0.0029275697,0.13223442,0.12426328,0.17159107,0.4433142,0.5675255,0.64695865,0.64695865,0.3645892,0.3645892
P371,202510241700,2510241803,5,B08,,,VALIDATION,IMAGE,True,,saveTime_2510241803__sessionTime_202510241700__participant_P371__trialN_5__trialT_B08__fileType_cropped.png,1,,saveTime_2510241803__sessionTime_202510241700__participant_P371__trialN_5__trialT_B08__fileType_cropped.png,0.023827098,1.0762383,0.70066917,0.967531,0.032338586,0.041399468,0.24029562,0.24029562,0.12637432,0.12637432
P371,202510241700,2510241816,6,5,20 Hz,20.0,EXPERIMENTAL,LIGHT,True,,saveTime_2510241816__sessionTime_202510241700__participant_P371__trialN_6__trialT_5__fileType_cropped.png,1,,saveTime_2510241816__sessionTime_202510241700__participant_P371__trialN_6__trialT_5__fileType_cropped.png,0.0010621452,0.047975685,0.080862135,0.11165986,0.5042146,0.64548945,0.9004299,0.9004299,0.187167,0.187167
P371,202510241700,2510241820,7,5,20 Hz,20.0,EXPERIMENTAL,LIGHT,True,,saveTime_2510241820__sessionTime_202510241700__participant_P371__trialN_7__trialT_5__fileType_cropped.png,1,,saveTime_2510241820__sessionTime_202510241700__participant_P371__trialN_7__trialT_5__fileType_cropped.png,0.0016358767,0.07389037,0.40965185,0.5656748,0.16437778,0.21043445,0.8344717,0.8344717,0.1555872,0.1555872
P371,202510241700,2510241823,8,2,5 Hz,5.0,EXPERIMENTAL,LIGHT,True,,saveTime_2510241823__sessionTime_202510241700__participant_P371__trialN_8__trialT_2__fileType_cropped.png,1,,saveTime_2510241823__sessionTime_202510241700__participant_P371__trialN_8__trialT_2__fileType_cropped.png,6.7608344e-05,0.0030537788,0.00489046,0.0067530754,0.87659264,1.1222034,0.24679035,0.24679035,0.23728809,0.23728809
P371,202510241700,2510241828,9,6,40 Hz,40.0,EXPERIMENTAL,LIGHT,True,,saveTime_2510241828__sessionTime_202510241700__participant_P371__trialN_9__trialT_6__fileType_cropped.png,1,,saveTime_2510241828__sessionTime_202510241700__participant_P371__trialN_9__trialT_6__fileType_cropped.png,0.015977075,0.7216632,0.18956798,0.2617682,0.38635936,0.4946126,0.9860045,0.9860045,0.025742222,0.025742222
P371,202510241700,2510241831,10,1,2.5 Hz,2.5,EXPERIMENTAL,LIGHT,True,,saveTime_2510241831__sessionTime_202510241700__participant_P371__trialN_10__trialT_1__fileType_cropped.png,1,,saveTime_2510241831__sessionTime_202510241700__participant_P371__trialN_10__trialT_1__fileType_cropped.png,0.003162351,0.14283918,0.65607375,0.90595067,0.1963665,0.25138605,0.9936221,0.9936221,0.014423912,0.014423912
P371,202510241700,2510241834,11,7,80 Hz,80.0,CONTROL,LIGHT,True,,saveTime_2510241834__sessionTime_202510241700__participant_P371__trialN_11__trialT_7__fileType_cropped.png,1,,saveTime_2510241834__sessionTime_202510241700__participant_P371__trialN_11__trialT_7__fileType_cropped.png,0.00075783534,0.03423041,0.0751265,0.103739716,0.583638,0.74716634,0.98998463,0.98998463,0.021246348,0.021246348
P371,202510241700,2510241846,12,A03,,,VALIDATION,IMAGE,True,,saveTime_2510241846__sessionTime_202510241700__participant_P371__trialN_12__trialT_A03__fileType_cropped.png,1,,saveTime_2510241846__sessionTime_202510241700__participant_P371__trialN_12__trialT_A03__fileType_cropped.png,0.0076765763,0.34674072,0.23132025,0.3194225,0.3131243,0.40085796,0.05234965,0.05234965,0.16798756,0.16798756
P371,202510241700,2510241850,13,6,40 Hz,40.0,EXPERIMENTAL,LIGHT,True,,saveTime_2510241850__sessionTime_202510241700__participant_P371__trialN_13__trialT_6__fileType_cropped.png,1,,saveTime_2510241850__sessionTime_202510241700__participant_P371__trialN_13__trialT_6__fileType_cropped.png,0.0012176372,0.05499905,0.2264815,0.31274086,0.32530984,0.41645774,0.9276353,0.9276353,0.08924331,0.08924331
P371,202510241700,2510241855,14,3,10 Hz,10.0,EXPERIMENTAL,LIGHT,True,,saveTime_2510241855__sessionTime_202510241700__participant_P371__trialN_14__trialT_3__fileType_cropped.png,1,,saveTime_2510241855__sessionTime_202510241700__participant_P371__trialN_14__trialT_3__fileType_cropped.png,0.0016410032,0.07412193,0.27069232,0.37379012,0.30453157,0.38985765,0.33468887,0.33468887,0.38713595,0.38713595
P371,202510241700,2510241858,15,1,2.5 Hz,2.5,EXPERIMENTAL,LIGHT,True,,saveTime_2510241858__sessionTime_202510241700__participant_P371__trialN_15__trialT_1__fileType_cropped.png,1,,saveTime_2510241858__sessionTime_202510241700__participant_P371__trialN_15__trialT_1__fileType_cropped.png,0.00023673609,0.010693054,0.02590113,0.035766017,0.5406458,0.69212824,0.5387158,0.5387158,0.39045787,0.39045787
P371,202510241700,2510241903,16,4,15 Hz,15.0,EXPERIMENTAL,LIGHT,True,,saveTime_2510241903__sessionTime_202510241700__participant_P371__trialN_16__trialT_4__fileType_cropped.png,1,,saveTime_2510241903__sessionTime_202510241700__participant_P371__trialN_16__trialT_4__fileType_cropped.png,0.018339965,0.8283918,0.26446587,0.36519223,0.30450955,0.38982946,0.8892659,0.8892659,0.2918536,0.2918536
P371,202510241700,2510241906,17,3,10 Hz,10.0,EXPERIMENTAL,LIGHT,True,,saveTime_2510241906__sessionTime_202510241700__participant_P371__trialN_17__trialT_3__fileType_cropped.png,1,,saveTime_2510241906__sessionTime_202510241700__participant_P371__trialN_17__trialT_3__fileType_cropped.png,0.0005805218,0.026221396,0.29241332,0.40378395,0.27921844,0.3574521,0.49816927,0.49816927,0.14448735,0.14448735
P372,202510241700,2510241750,2,2,5 Hz,5.0,EXPERIMENTAL,LIGHT,True,,saveTime_2510241750__sessionTime_202510241700__participant_P372__trialN_2__trialT_2__fileType_cropped.png,1,,saveTime_2510241750__sessionTime_202510241700__participant_P372__trialN_2__trialT_2__fileType_cropped.png,0.004322342,0.19523443,0.30468503,0.42072955,0.24814121,0.3176674,0.55970025,0.55970025,0.23384431,0.23384431
P372,202510241700,2510241754,3,C14,,,VALIDATION,IMAGE,True,,saveTime_2510241754__sessionTime_202510241700__participant_P372__trialN_3__trialT_C14__fileType_cropped.png,1,,saveTime_2510241754__sessionTime_202510241700__participant_P372__trialN_3__trialT_C14__fileType_cropped.png,0.014722672,0.6650035,0.31008708,0.42818907,0.2643434,0.33840925,0.6058038,0.6058038,0.23663205,0.23663205
P372,202510241700,2510241759,4,4,15 Hz,15.0,EXPERIMENTAL,LIGHT,True,,saveTime_2510241759__sessionTime_202510241700__participant_P372__trialN_4__trialT_4__fileType_cropped.png,1,,saveTime_2510241759__sessionTime_202510241700__participant_P372__trialN_4__trialT_4__fileType_cropped.png,0.005302994,0.23952918,0.20922256,0.28890854,0.337838,0.43249613,0.6312542,0.6312542,0.19317451,0.19317451
P372,202510241700,2510241803,5,B07,,,VALIDATION,IMAGE,True,,saveTime_2510241803__sessionTime_202510241700__participant_P372__trialN_5__trialT_B07__fileType_cropped.png,1,,saveTime_2510241803__sessionTime_202510241700__participant_P372__trialN_5__trialT_B07__fileType_cropped.png,0.004172453,0.18846415,0.29758918,0.4109311,0.27235216,0.34866196,0.8418532,0.8418532,0.36325166,0.36325166
P372,202510241700,2510241815,6,5,20 Hz,20.0,EXPERIMENTAL,LIGHT,True,,saveTime_2510241815__sessionTime_202510241700__participant_P372__trialN_6__trialT_5__fileType_cropped.png,1,,saveTime_2510241815__sessionTime_202510241700__participant_P372__trialN_6__trialT_5__fileType_cropped.png,0.0066318437,0.29955155,0.39903656,0.55101645,0.1455897,0.18638217,0.6954935,0.6954935,0.15616816,0.15616816
P372,202510241700,2510241819,7,5,20 Hz,20.0,EXPERIMENTAL,LIGHT,True,,saveTime_2510241819__sessionTime_202510241700__participant_P372__trialN_7__trialT_5__fileType_cropped.png,1,,saveTime_2510241819__sessionTime_202510241700__participant_P372__trialN_7__trialT_5__fileType_cropped.png,0.009538537,0.430843,0.29812092,0.41166538,0.24364494,0.3119113,0.6703676,0.6703676,0.19522643,0.19522643
P372,202510241700,2510241823,8,2,5 Hz,5.0,EXPERIMENTAL,LIGHT,True,,saveTime_2510241823__sessionTime_202510241700__participant_P372__trialN_8__trialT_2__fileType_cropped.png,1,,saveTime_2510241823__sessionTime_202510241700__participant_P372__trialN_8__trialT_2__fileType_cropped.png,0.008730945,0.39436516,0.2955984,0.40818208,0.24659406,0.31568673,0.502763,0.502763,0.17331298,0.17331298
P372,202510241700,2510241827,9,6,40 Hz,40.0,EXPERIMENTAL,LIGHT,True,,saveTime_2510241827__sessionTime_202510241700__participant_P372__trialN_9__trialT_6__fileType_cropped.png,1,,saveTime_2510241827__sessionTime_202510241700__participant_P372__trialN_9__trialT_6__fileType_cropped.png,0.0015965218,0.07211276,0.1758254,0.24279152,0.45558238,0.5832311,0.8501247,0.8501247,0.045185685,0.045185685
P372,202510241700,2510241832,10,1,2.5 Hz,2.5,EXPERIMENTAL,LIGHT,True,,saveTime_2510241832__sessionTime_202510241700__participant_P372__trialN_10__trialT_1__fileType_cropped.png,1,,saveTime_2510241832__sessionTime_202510241700__participant_P372__trialN_10__trialT_1__fileType_cropped.png,0.0012077661,0.054553185,0.099163376,0.13693145,0.5887562,0.7537186,0.7580652,0.7580652,0.060595445,0.060595445
P372,202510241700,2510241835,11,7,80 Hz,80.0,CONTROL,LIGHT,True,,saveTime_2510241835__sessionTime_202510241700__participant_P372__trialN_11__trialT_7__fileType_cropped.png,1,,saveTime_2510241835__sessionTime_202510241700__participant_P372__trialN_11__trialT_7__fileType_cropped.png,0.0012159409,0.05492243,0.08374684,0.11564326,0.5564118,0.7123117,0.9207153,0.9207153,0.05645756,0.05645756
P372,202510241700,2510241846,12,A08,,,VALIDATION,IMAGE,True,,saveTime_2510241846__sessionTime_202510241700__participant_P372__trialN_12__trialT_A08__fileType_cropped.png,1,,saveTime_2510241846__sessionTime_202510241700__participant_P372__trialN_12__trialT_A08__fileType_cropped.png,0.008306857,0.37520966,0.25378132,0.35043827,0.31930235,0.408767,0.56087595,0.56087595,0.22573115,0.22573115
P372,202510241700,2510241850,13,6,40 Hz,40.0,EXPERIMENTAL,LIGHT,True,,saveTime_2510241850__sessionTime_202510241700__participant_P372__trialN_13__trialT_6__fileType_cropped.png,1,,saveTime_2510241850__sessionTime_202510241700__participant_P372__trialN_13__trialT_6__fileType_cropped.png,0.0025237615,0.11399494,0.17165309,0.23703012,0.44299802,0.56712073,0.65661085,0.65661085,0.0749447,0.0749447
P372,202510241700,2510241854,14,3,10 Hz,10.0,EXPERIMENTAL,LIGHT,True,,saveTime_2510241854__sessionTime_202510241700__participant_P372__trialN_14__trialT_3__fileType_cropped.png,1,,saveTime_2510241854__sessionTime_202510241700__participant_P372__trialN_14__trialT_3__fileType_cropped.png,0.0045669945,0.20628506,0.28018343,0.3868961,0.26841706,0.3436243,0.7398701,0.7398701,0.060330283,0.060330283
P372,202510241700,2510241858,15,1,2.5 Hz,2.5,EXPERIMENTAL,LIGHT,True,,saveTime_2510241858__sessionTime_202510241700__participant_P372__trialN_15__trialT_1__fileType_cropped.png,1,,saveTime_2510241858__sessionTime_202510241700__participant_P372__trialN_15__trialT_1__fileType_cropped.png,0.0128468,0.5802728,0.2787457,0.3849108,0.31317297,0.40092027,0.54659265,0.54659265,0.39631677,0.39631677
P372,202510241700,2510241902,16,4,15 Hz,15.0,EXPERIMENTAL,LIGHT,True,,saveTime_2510241902__sessionTime_202510241700__participant_P372__trialN_16__trialT_4__fileType_cropped.png,1,,saveTime_2510241902__sessionTime_202510241700__participant_P372__trialN_16__trialT_4__fileType_cropped.png,0.0014542511,0.06568658,0.3068155,0.42367145,0.2666144,0.34131655,0.7278996,0.7278996,0.14231566,0.14231566
P372,202510241700,2510241906,17,3,10 Hz,10.0,EXPERIMENTAL,LIGHT,True,,saveTime_2510241906__sessionTime_202510241700__participant_P372__trialN_17__trialT_3__fileType_cropped.png,1,,saveTime_2510241906__sessionTime_202510241700__participant_P372__trialN_17__trialT_3__fileType_cropped.png,0.001769902,0.07994411,0.25125483,0.34694952,0.31803662,0.40714666,0.6909603,0.6909603,0.08893169,0.08893169
P373,202510251200,2510251253,2,5,20 Hz,20.0,EXPERIMENTAL,LIGHT,True,,saveTime_2510251253__sessionTime_202510251200__participant_P373__trialN_2__trialT_5__fileType_cropped.png,1,,saveTime_2510251253__sessionTime_202510251200__participant_P373__trialN_2__trialT_5__fileType_cropped.png,0.0056837443,0.25672716,0.26391032,0.3644251,0.3162625,0.40487546,0.8670148,0.8670148,0.17413178,0.17413178
P373,202510251200,2510251257,3,6,40 Hz,40.0,EXPERIMENTAL,LIGHT,True,,saveTime_2510251257__sessionTime_202510251200__participant_P373__trialN_3__trialT_6__fileType_cropped.png,1,,saveTime_2510251257__sessionTime_202510251200__participant_P373__trialN_3__trialT_6__fileType_cropped.png,0.0023484014,0.10607416,0.08685919,0.119940996,0.51625335,0.6609013,0.92031723,0.92031723,0.092876785,0.092876785
P373,202510251200,2510251301,4,C13,,,VALIDATION,IMAGE,True,,saveTime_2510251301__sessionTime_202510251200__participant_P373__trialN_4__trialT_C13__fileType_cropped.png,1,,saveTime_2510251301__sessionTime_202510251200__participant_P373__trialN_4__trialT_C13__fileType_cropped.png,0.022224402,1.0038466,0.29982296,0.41401565,0.44965294,0.57564026,0.07773242,0.07773242,0.09877854,0.09877854
P373,202510251200,2510251305,5,3,10 Hz,10.0,EXPERIMENTAL,LIGHT,True,,saveTime_2510251305__sessionTime_202510251200__participant_P373__trialN_5__trialT_3__fileType_cropped.png,1,,saveTime_2510251305__sessionTime_202510251200__participant_P373__trialN_5__trialT_3__fileType_cropped.png,0.0047716363,0.21552846,0.38576332,0.5326879,0.23770379,0.30430552,0.7805131,0.7805131,0.12622643,0.12622643
P373,202510251200,2510251315,6,4,15 Hz,15.0,EXPERIMENTAL,LIGHT,True,,saveTime_2510251315__sessionTime_202510251200__participant_P373__trialN_6__trialT_4__fileType_cropped.png,1,,saveTime_2510251315__sessionTime_202510251200__participant_P373__trialN_6__trialT_4__fileType_cropped.png,0.022734286,1.0268774,0.48267993,0.66651684,0.083880454,0.107382745,0.6443133,0.6443133,0.25169316,0.25169316
P373,202510251200,2510251320,7,2,5 Hz,5.0,EXPERIMENTAL,LIGHT,True,,saveTime_2510251320__sessionTime_202510251200__participant_P373__trialN_7__trialT_2__fileType_cropped.png,1,,saveTime_2510251320__sessionTime_202510251200__participant_P373__trialN_7__trialT_2__fileType_cropped.png,0.0035278525,0.1593484,0.56344056,0.77803653,0.04698695,0.060152125,0.6513744,0.6513744,0.18908916,0.18908916
P373,202510251200,2510251324,8,7,80 Hz,80.0,CONTROL,LIGHT,True,,saveTime_2510251324__sessionTime_202510251200__participant_P373__trialN_8__trialT_7__fileType_cropped.png,1,,saveTime_2510251324__sessionTime_202510251200__participant_P373__trialN_8__trialT_7__fileType_cropped.png,0.0025734461,0.11623913,0.04768782,0.06585054,0.6585571,0.8430769,0.92148733,0.92148733,0.015998634,0.015998634
P373,202510251200,2510251327,9,1,2.5 Hz,2.5,EXPERIMENTAL,LIGHT,True,,saveTime_2510251327__sessionTime_202510251200__participant_P373__trialN_9__trialT_1__fileType_cropped.png,1,,saveTime_2510251327__sessionTime_202510251200__participant_P373__trialN_9__trialT_1__fileType_cropped.png,0.0012383546,0.055934828,0.4857266,0.6707239,0.13331051,0.1706625,0.72784436,0.72784436,0.023858925,0.023858925
P373,202510251200,2510251331,10,A06,,,VALIDATION,IMAGE,True,,saveTime_2510251331__sessionTime_202510251200__participant_P373__trialN_10__trialT_A06__fileType_cropped.png,1,,saveTime_2510251331__sessionTime_202510251200__participant_P373__trialN_10__trialT_A06__fileType_cropped.png,0.000633809,0.028628308,0.033469398,0.04621679,0.60859835,0.77912027,0.31257582,0.31257582,0.11911199,0.11911199
P373,202510251200,2510251335,11,2,5 Hz,5.0,EXPERIMENTAL,LIGHT,True,,saveTime_2510251335__sessionTime_202510251200__participant_P373__trialN_11__trialT_2__fileType_cropped.png,1,,saveTime_2510251335__sessionTime_202510251200__participant_P373__trialN_11__trialT_2__fileType_cropped.png,0.0031859018,0.14390294,0.49702337,0.6863232,0.076932654,0.09848826,0.49597943,0.49597943,0.2914205,0.2914205
P373,202510251200,2510251346,12,5,20 Hz,20.0,EXPERIMENTAL,LIGHT,True,,saveTime_2510251346__sessionTime_202510251200__participant_P373__trialN_12__trialT_5__fileType_cropped.png,1,,saveTime_2510251346__sessionTime_202510251200__participant_P373__trialN_12__trialT_5__fileType_cropped.png,0.0033335132,0.15057035,0.27757877,0.3832994,0.26994738,0.34558338,0.80312973,0.80312973,0.023325823,0.023325823
P373,202510251200,2510251349,13,3,10 Hz,10.0,EXPERIMENTAL,LIGHT,True,,saveTime_2510251349__sessionTime_202510251200__participant_P373__trialN_13__trialT_3__fileType_cropped.png,1,,saveTime_2510251349__sessionTime_202510251200__participant_P373__trialN_13__trialT_3__fileType_cropped.png,0.011252811,0.5082745,0.36168018,0.49943227,0.24335738,0.3115432,0.74111974,0.74111974,0.24554764,0.24554764
P373,202510251200,2510251354,14,6,40 Hz,40.0,EXPERIMENTAL,LIGHT,True,,saveTime_2510251354__sessionTime_202510251200__participant_P373__trialN_14__trialT_6__fileType_cropped.png,1,,saveTime_2510251354__sessionTime_202510251200__participant_P373__trialN_14__trialT_6__fileType_cropped.png,0.0022890128,0.103391655,0.4511855,0.6230272,0.1107533,0.14178504,0.6523385,0.6523385,0.12843648,0.12843648
P373,202510251200,2510251358,15,B00,,,VALIDATION,IMAGE,True,,saveTime_2510251358__sessionTime_202510251200__participant_P373__trialN_15__trialT_B00__fileType_cropped.png,1,,saveTime_2510251358__sessionTime_202510251200__participant_P373__trialN_15__trialT_B00__fileType_cropped.png,0.025230706,1.1396374,0.42869976,0.5919774,0.40807906,0.5224179,0.5340125,0.5340125,0.08274037,0.08274037
P373,202510251200,2510251402,16,4,15 Hz,15.0,EXPERIMENTAL,LIGHT,True,,saveTime_2510251402__sessionTime_202510251200__participant_P373__trialN_16__trialT_4__fileType_cropped.png,1,,saveTime_2510251402__sessionTime_202510251200__participant_P373__trialN_16__trialT_4__fileType_cropped.png,0.0056226547,0.25396782,0.42138532,0.5818771,0.14282045,0.18283702,0.6489869,0.6489869,0.08015549,0.08015549
P373,202510251200,2510251407,17,1,2.5 Hz,2.5,EXPERIMENTAL,LIGHT,True,,saveTime_2510251407__sessionTime_202510251200__participant_P373__trialN_17__trialT_1__fileType_cropped.png,1,,saveTime_2510251407__sessionTime_202510251200__participant_P373__trialN_17__trialT_1__fileType_cropped.png,0.00034661524,0.015656149,0.7003257,0.96705675,0.032365516,0.041433945,0.494928,0.494928,0.11496523,0.11496523
P374,202510251200,2510251253,2,5,20 Hz,20.0,EXPERIMENTAL,LIGHT,True,,saveTime_2510251253__sessionTime_202510251200__participant_P374__trialN_2__trialT_5__fileType_cropped.png,1,,saveTime_2510251253__sessionTime_202510251200__participant_P374__trialN_2__trialT_5__fileType_cropped.png,0.00062789535,0.028361196,0.1581101,0.21832904,0.41245618,0.52802145,0.7661196,0.7661196,0.12216271,0.12216271
P374,202510251200,2510251257,3,6,40 Hz,40.0,EXPERIMENTAL,LIGHT,True,,saveTime_2510251257__sessionTime_202510251200__participant_P374__trialN_3__trialT_6__fileType_cropped.png,1,,saveTime_2510251257__sessionTime_202510251200__participant_P374__trialN_3__trialT_6__fileType_cropped.png,0.0005178005,0.023388358,0.086848944,0.119926855,0.5154251,0.659841,0.88783437,0.88783437,0.13058713,0.13058713
P374,202510251200,2510251301,4,C03,,,VALIDATION,IMAGE,True,,saveTime_2510251301__sessionTime_202510251200__participant_P374__trialN_4__trialT_C03__fileType_cropped.png,1,,saveTime_2510251301__sessionTime_202510251200__participant_P374__trialN_4__trialT_C03__fileType_cropped.png,0.018422393,0.83211493,0.009410893,0.012995192,0.7805066,0.99919516,0.31444257,0.31444257,0.050207015,0.050207015
P374,202510251200,2510251305,5,3,10 Hz,10.0,EXPERIMENTAL,LIGHT,True,,saveTime_2510251305__sessionTime_202510251200__participant_P374__trialN_5__trialT_3__fileType_cropped.png,1,,saveTime_2510251305__sessionTime_202510251200__participant_P374__trialN_5__trialT_3__fileType_cropped.png,0.00046594263,0.021046007,0.13745463,0.18980658,0.47973844,0.6141554,0.71067786,0.71067786,0.20368207,0.20368207
P374,202510251200,2510251315,6,4,15 Hz,15.0,EXPERIMENTAL,LIGHT,True,,saveTime_2510251315__sessionTime_202510251200__participant_P374__trialN_6__trialT_4__fileType_cropped.png,1,,saveTime_2510251315__sessionTime_202510251200__participant_P374__trialN_6__trialT_4__fileType_cropped.png,0.00037965152,0.017148353,0.37909123,0.52347463,0.20111412,0.25746387,0.76914567,0.76914567,0.17040335,0.17040335
P374,202510251200,2510251320,7,2,5 Hz,5.0,EXPERIMENTAL,LIGHT,True,,saveTime_2510251320__sessionTime_202510251200__participant_P374__trialN_7__trialT_2__fileType_cropped.png,1,,saveTime_2510251320__sessionTime_202510251200__participant_P374__trialN_7__trialT_2__fileType_cropped.png,0.00041317518,0.018662572,0.09491461,0.13106446,0.7097209,0.9085762,0.6027838,0.6027838,0.2092314,0.2092314
P374,202510251200,2510251323,8,7,80 Hz,80.0,CONTROL,LIGHT,True,,saveTime_2510251323__sessionTime_202510251200__participant_P374__trialN_8__trialT_7__fileType_cropped.png,1,,saveTime_2510251323__sessionTime_202510251200__participant_P374__trialN_8__trialT_7__fileType_cropped.png,0.00072245323,0.03263225,0.09200724,0.12704977,0.4274846,0.54726064,0.92980343,0.92980343,0.048066337,0.048066337
P374,202510251200,2510251327,9,1,2.5 Hz,2.5,EXPERIMENTAL,LIGHT,True,,saveTime_2510251327__sessionTime_202510251200__participant_P374__trialN_9__trialT_1__fileType_cropped.png,1,,saveTime_2510251327__sessionTime_202510251200__participant_P374__trialN_9__trialT_1__fileType_cropped.png,0.00046300632,0.020913377,0.010535392,0.014547977,0.8498067,1.0879123,0.7482588,0.7482588,0.13167334,0.13167334
P374,202510251200,2510251331,10,A06,,,VALIDATION,IMAGE,True,,saveTime_2510251331__sessionTime_202510251200__participant_P374__trialN_10__trialT_A06__fileType_cropped.png,1,,saveTime_2510251331__sessionTime_202510251200__participant_P374__trialN_10__trialT_A06__fileType_cropped.png,0.00070029945,0.031631593,0.20785046,0.28701386,0.27931404,0.35757446,0.46069205,0.46069205,0.073461495,0.073461495
P374,202510251200,2510251335,11,2,5 Hz,5.0,EXPERIMENTAL,LIGHT,True,,saveTime_2510251335__sessionTime_202510251200__participant_P374__trialN_11__trialT_2__fileType_cropped.png,1,,saveTime_2510251335__sessionTime_202510251200__participant_P374__trialN_11__trialT_2__fileType_cropped.png,0.00039841657,0.017995944,0.066684105,0.09208189,0.52865404,0.6767765,0.5537151,0.5537151,0.21975972,0.21975972
P374,202510251200,2510251345,12,5,20 Hz,20.0,EXPERIMENTAL,LIGHT,True,,saveTime_2510251345__sessionTime_202510251200__participant_P374__trialN_12__trialT_5__fileType_cropped.png,1,,saveTime_2510251345__sessionTime_202510251200__participant_P374__trialN_12__trialT_5__fileType_cropped.png,0.0004476585,0.020220138,0.049159013,0.06788206,0.64600194,0.8270039,0.74085253,0.74085253,0.226866,0.226866
P374,202510251200,2510251349,13,3,10 Hz,10.0,EXPERIMENTAL,LIGHT,True,,saveTime_2510251349__sessionTime_202510251200__participant_P374__trialN_13__trialT_3__fileType_cropped.png,1,,saveTime_2510251349__sessionTime_202510251200__participant_P374__trialN_13__trialT_3__fileType_cropped.png,0.0005701333,0.025752163,0.08919192,0.123162195,0.5348289,0.68468153,0.6766353,0.6766353,0.17140499,0.17140499
P374,202510251200,2510251354,14,6,40 Hz,40.0,EXPERIMENTAL,LIGHT,True,,saveTime_2510251354__sessionTime_202510251200__participant_P374__trialN_14__trialT_6__fileType_cropped.png,1,,saveTime_2510251354__sessionTime_202510251200__participant_P374__trialN_14__trialT_6__fileType_cropped.png,0.00032431714,0.014648973,0.08980916,0.12401451,0.485794,0.62190765,0.4049618,0.4049618,0.16399844,0.16399844
P374,202510251200,2510251358,15,B03,,,VALIDATION,IMAGE,True,,saveTime_2510251358__sessionTime_202510251200__participant_P374__trialN_15__trialT_B03__fileType_cropped.png,1,,saveTime_2510251358__sessionTime_202510251200__participant_P374__trialN_15__trialT_B03__fileType_cropped.png,0.017685805,0.7988442,0.012638515,0.01745211,0.762854,0.9765965,0.28824943,0.28824943,0.14867358,0.14867358
P374,202510251200,2510251401,16,4,15 Hz,15.0,EXPERIMENTAL,LIGHT,True,,saveTime_2510251401__sessionTime_202510251200__participant_P374__trialN_16__trialT_4__fileType_cropped.png,1,,saveTime_2510251401__sessionTime_202510251200__participant_P374__trialN_16__trialT_4__fileType_cropped.png,0.0005404638,0.024412028,0.06296982,0.086952955,0.55112,0.70553714,0.5353701,0.5353701,0.19884984,0.19884984
P374,202510251200,2510251406,17,1,2.5 Hz,2.5,EXPERIMENTAL,LIGHT,True,,saveTime_2510251406__sessionTime_202510251200__participant_P374__trialN_17__trialT_1__fileType_cropped.png,1,,saveTime_2510251406__sessionTime_202510251200__participant_P374__trialN_17__trialT_1__fileType_cropped.png,0.00060738396,0.027434723,0.038528323,0.053202495,0.64710885,0.82842094,0.72297186,0.72297186,0.14079984,0.14079984
P375,202510251200,2510251253,2,5,20 Hz,20.0,EXPERIMENTAL,LIGHT,True,,saveTime_2510251253__sessionTime_202510251200__participant_P375__trialN_2__trialT_5__fileType_cropped.png,1,,saveTime_2510251253__sessionTime_202510251200__participant_P375__trialN_2__trialT_5__fileType_cropped.png,0.0015476748,0.069906406,0.24976139,0.3448873,0.33085757,0.42355987,0.8903118,0.8903118,0.1848745,0.1848745
P375,202510251200,2510251257,3,6,40 Hz,40.0,EXPERIMENTAL,LIGHT,True,,saveTime_2510251257__sessionTime_202510251200__participant_P375__trialN_3__trialT_6__fileType_cropped.png,1,,saveTime_2510251257__sessionTime_202510251200__participant_P375__trialN_3__trialT_6__fileType_cropped.png,0.00036887135,0.016661428,0.26536062,0.36642775,0.30470043,0.39007384,0.7540609,0.7540609,0.1366693,0.1366693
P375,202510251200,2510251301,4,C01,,,VALIDATION,IMAGE,True,,saveTime_2510251301__sessionTime_202510251200__participant_P375__trialN_4__trialT_C01__fileType_cropped.png,1,,saveTime_2510251301__sessionTime_202510251200__participant_P375__trialN_4__trialT_C01__fileType_cropped.png,0.017848067,0.8061734,0.799034,1.1033598,0.01914068,0.024503667,0.068974204,0.068974204,0.11746065,0.11746065
P375,202510251200,2510251305,5,3,10 Hz,10.0,EXPERIMENTAL,LIGHT,True,,saveTime_2510251305__sessionTime_202510251200__participant_P375__trialN_5__trialT_3__fileType_cropped.png,1,,saveTime_2510251305__sessionTime_202510251200__participant_P375__trialN_5__trialT_3__fileType_cropped.png,0.0014550639,0.0657233,0.13204329,0.18233423,0.4193105,0.5367963,0.7760787,0.7760787,0.1694174,0.1694174
P375,202510251200,2510251316,6,4,15 Hz,15.0,EXPERIMENTAL,LIGHT,True,,saveTime_2510251316__sessionTime_202510251200__participant_P375__trialN_6__trialT_4__fileType_cropped.png,1,,saveTime_2510251316__sessionTime_202510251200__participant_P375__trialN_6__trialT_4__fileType_cropped.png,0.00071259215,0.032186836,0.33526886,0.46296173,0.2845071,0.36422256,0.62660724,0.62660724,0.12703304,0.12703304
P375,202510251200,2510251320,7,2,5 Hz,5.0,EXPERIMENTAL,LIGHT,True,,saveTime_2510251320__sessionTime_202510251200__participant_P375__trialN_7__trialT_2__fileType_cropped.png,1,,saveTime_2510251320__sessionTime_202510251200__participant_P375__trialN_7__trialT_2__fileType_cropped.png,0.00040784525,0.018421827,0.41865888,0.5781123,0.24561213,0.3144297,0.80446726,0.80446726,0.08129216,0.08129216
P375,202510251200,2510251324,8,7,80 Hz,80.0,CONTROL,LIGHT,True,,saveTime_2510251324__sessionTime_202510251200__participant_P375__trialN_8__trialT_7__fileType_cropped.png,1,,saveTime_2510251324__sessionTime_202510251200__participant_P375__trialN_8__trialT_7__fileType_cropped.png,0.00035416943,0.015997361,0.23371223,0.32272553,0.22461763,0.28755277,0.5987615,0.5987615,0.10891451,0.10891451
P375,202510251200,2510251327,9,1,2.5 Hz,2.5,EXPERIMENTAL,LIGHT,True,,saveTime_2510251327__sessionTime_202510251200__participant_P375__trialN_9__trialT_1__fileType_cropped.png,1,,saveTime_2510251327__sessionTime_202510251200__participant_P375__trialN_9__trialT_1__fileType_cropped.png,0.00017132577,0.0077385562,0.01426476,0.019697737,0.5890018,0.75403297,0.50436187,0.50436187,0.358572,0.358572
P375,202510251200,2510251331,10,A02,,,VALIDATION,IMAGE,True,,saveTime_2510251331__sessionTime_202510251200__participant_P375__trialN_10__trialT_A02__fileType_cropped.png,1,,saveTime_2510251331__sessionTime_202510251200__participant_P375__trialN_10__trialT_A02__fileType_cropped.png,0.004827965,0.21807274,0.12187369,0.16829138,0.55419266,0.70947075,0.04811388,0.04811388,0.21063623,0.21063623
P375,202510251200,2510251335,11,2,5 Hz,5.0,EXPERIMENTAL,LIGHT,True,,saveTime_2510251335__sessionTime_202510251200__participant_P375__trialN_11__trialT_2__fileType_cropped.png,1,,saveTime_2510251335__sessionTime_202510251200__participant_P375__trialN_11__trialT_2__fileType_cropped.png,0.00047595848,0.02149841,0.589935,0.81462187,0.11648209,0.14911896,0.4993048,0.4993048,0.20059936,0.20059936
P375,202510251200,2510251345,12,5,20 Hz,20.0,EXPERIMENTAL,LIGHT,True,,saveTime_2510251345__sessionTime_202510251200__participant_P375__trialN_12__trialT_5__fileType_cropped.png,1,,saveTime_2510251345__sessionTime_202510251200__participant_P375__trialN_12__trialT_5__fileType_cropped.png,0.0005572148,0.025168648,0.4533532,0.62602055,0.14744475,0.188757,0.8017817,0.8017817,0.16155848,0.16155848
P375,202510251200,2510251349,13,3,10 Hz,10.0,EXPERIMENTAL,LIGHT,True,,saveTime_2510251349__sessionTime_202510251200__participant_P375__trialN_13__trialT_3__fileType_cropped.png,1,,saveTime_2510251349__sessionTime_202510251200__participant_P375__trialN_13__trialT_3__fileType_cropped.png,0.0005307887,0.023975017,0.6279613,0.86713105,0.109399006,0.14005129,0.62286913,0.62286913,0.18274063,0.18274063
P375,202510251200,2510251354,14,6,40 Hz,40.0,EXPERIMENTAL,LIGHT,True,,saveTime_2510251354__sessionTime_202510251200__participant_P375__trialN_14__trialT_6__fileType_cropped.png,1,,saveTime_2510251354__sessionTime_202510251200__participant_P375__trialN_14__trialT_6__fileType_cropped.png,0.00053917384,0.024353763,0.07988687,0.11031315,0.687497,0.8801254,0.77636325,0.77636325,0.11660336,0.11660336
P375,202510251200,2510251358,15,B10,,,VALIDATION,IMAGE,True,,saveTime_2510251358__sessionTime_202510251200__participant_P375__trialN_15__trialT_B10__fileType_cropped.png,1,,saveTime_2510251358__sessionTime_202510251200__participant_P375__trialN_15__trialT_B10__fileType_cropped.png,0.024543274,1.108587,0.69245255,0.956185,0.028789869,0.036856443,0.2951635,0.2951635,0.19089825,0.19089825
P375,202510251200,2510251402,16,4,15 Hz,15.0,EXPERIMENTAL,LIGHT,True,,saveTime_2510251402__sessionTime_202510251200__participant_P375__trialN_16__trialT_4__fileType_cropped.png,1,,saveTime_2510251402__sessionTime_202510251200__participant_P375__trialN_16__trialT_4__fileType_cropped.png,0.000622214,0.028104577,0.50723135,0.7004191,0.15889665,0.20341758,0.7297413,0.7297413,0.12534137,0.12534137
P375,202510251200,2510251406,17,1,2.5 Hz,2.5,EXPERIMENTAL,LIGHT,True,,saveTime_2510251406__sessionTime_202510251200__participant_P375__trialN_17__trialT_1__fileType_cropped.png,1,,saveTime_2510251406__sessionTime_202510251200__participant_P375__trialN_17__trialT_1__fileType_cropped.png,0.00029612402,0.013375527,0.017644737,0.024365038,0.60849047,0.77898216,0.3953863,0.3953863,0.18595889,0.18595889
P376,202510251200,2510251254,2,5,20 Hz,20.0,EXPERIMENTAL,LIGHT,True,,saveTime_2510251254__sessionTime_202510251200__participant_P376__trialN_2__trialT_5__fileType_cropped.png,1,,saveTime_2510251254__sessionTime_202510251200__participant_P376__trialN_2__trialT_5__fileType_cropped.png,0.00780221,0.3524154,0.6266735,0.86535287,0.12133625,0.1553332,0.79992974,0.79992974,0.3222086,0.3222086
P376,202510251200,2510251258,3,6,40 Hz,40.0,EXPERIMENTAL,LIGHT,True,,saveTime_2510251258__sessionTime_202510251200__participant_P376__trialN_3__trialT_6__fileType_cropped.png,1,,saveTime_2510251258__sessionTime_202510251200__participant_P376__trialN_3__trialT_6__fileType_cropped.png,0.002870659,0.12966384,0.011641755,0.016075717,0.8055622,1.031271,0.8710573,0.8710573,0.15850982,0.15850982
P376,202510251200,2510251302,4,C02,,,VALIDATION,IMAGE,True,,saveTime_2510251302__sessionTime_202510251200__participant_P376__trialN_4__trialT_C02__fileType_cropped.png,1,,saveTime_2510251302__sessionTime_202510251200__participant_P376__trialN_4__trialT_C02__fileType_cropped.png,0.0070487577,0.31838298,0.29518422,0.40761018,0.28264603,0.36184004,0.59832036,0.59832036,0.18922243,0.18922243
P376,202510251200,2510251306,5,3,10 Hz,10.0,EXPERIMENTAL,LIGHT,True,,saveTime_2510251306__sessionTime_202510251200__participant_P376__trialN_5__trialT_3__fileType_cropped.png,1,,saveTime_2510251306__sessionTime_202510251200__participant_P376__trialN_5__trialT_3__fileType_cropped.png,0.01905853,0.86084837,0.5279992,0.7290968,0.34142503,0.43708822,0.7863369,0.7863369,0.28450686,0.28450686
P376,202510251200,2510251316,6,4,15 Hz,15.0,EXPERIMENTAL,LIGHT,True,,saveTime_2510251316__sessionTime_202510251200__participant_P376__trialN_6__trialT_4__fileType_cropped.png,1,,saveTime_2510251316__sessionTime_202510251200__participant_P376__trialN_6__trialT_4__fileType_cropped.png,0.013909082,0.6282547,0.05265596,0.07271089,0.50479764,0.6462359,0.82122785,0.82122785,0.2465852,0.2465852
P376,202510251200,2510251320,7,2,5 Hz,5.0,EXPERIMENTAL,LIGHT,True,,saveTime_2510251320__sessionTime_202510251200__participant_P376__trialN_7__trialT_2__fileType_cropped.png,1,,saveTime_2510251320__sessionTime_202510251200__participant_P376__trialN_7__trialT_2__fileType_cropped.png,0.006976711,0.31512874,0.0080798315,0.011157174,0.8606361,1.101776,0.69088954,0.69088954,0.28312021,0.28312021
P376,202510251200,2510251323,8,7,80 Hz,80.0,CONTROL,LIGHT,True,,saveTime_2510251323__sessionTime_202510251200__participant_P376__trialN_8__trialT_7__fileType_cropped.png,1,,saveTime_2510251323__sessionTime_202510251200__participant_P376__trialN_8__trialT_7__fileType_cropped.png,0.0006860032,0.030985849,0.020355102,0.028107692,0.76973724,0.98540837,0.9849654,0.9849654,0.019917624,0.019917624
P376,202510251200,2510251328,9,1,2.5 Hz,2.5,EXPERIMENTAL,LIGHT,True,,saveTime_2510251328__sessionTime_202510251200__participant_P376__trialN_9__trialT_1__fileType_cropped.png,1,,saveTime_2510251328__sessionTime_202510251200__participant_P376__trialN_9__trialT_1__fileType_cropped.png,0.0011367373,0.05134491,0.04990015,0.06890548,0.68101513,0.87182736,0.985595,0.985595,0.017816456,0.017816456
P376,202510251200,2510251332,10,A04,,,VALIDATION,IMAGE,True,,saveTime_2510251332__sessionTime_202510251200__participant_P376__trialN_10__trialT_A04__fileType_cropped.png,1,,saveTime_2510251332__sessionTime_202510251200__participant_P376__trialN_10__trialT_A04__fileType_cropped.png,0.02353357,1.0629799,0.73205036,1.0108643,0.0685362,0.087739214,0.060020212,0.060020212,0.08163658,0.08163658
P376,202510251200,2510251335,11,2,5 Hz,5.0,EXPERIMENTAL,LIGHT,True,,saveTime_2510251335__sessionTime_202510251200__participant_P376__trialN_11__trialT_2__fileType_cropped.png,1,,saveTime_2510251335__sessionTime_202510251200__participant_P376__trialN_11__trialT_2__fileType_cropped.png,0.0038852526,0.17549168,0.04174123,0.057639092,0.6954189,0.8902669,0.98001355,0.98001355,0.015612993,0.015612993
P376,202510251200,2510251345,12,5,20 Hz,20.0,EXPERIMENTAL,LIGHT,True,,saveTime_2510251345__sessionTime_202510251200__participant_P376__trialN_12__trialT_5__fileType_cropped.png,1,,saveTime_2510251345__sessionTime_202510251200__participant_P376__trialN_12__trialT_5__fileType_cropped.png,0.016167069,0.73024493,0.451004,0.62277657,0.25534064,0.326884,0.98696727,0.98696727,0.015305377,0.015305377
P376,202510251200,2510251350,13,3,10 Hz,10.0,EXPERIMENTAL,LIGHT,True,,saveTime_2510251350__sessionTime_202510251200__participant_P376__trialN_13__trialT_3__fileType_cropped.png,1,,saveTime_2510251350__sessionTime_202510251200__participant_P376__trialN_13__trialT_3__fileType_cropped.png,0.0032702007,0.1477106,0.30499893,0.421163,0.42225525,0.5405661,0.95653117,0.95653117,0.015332536,0.015332536
P376,202510251200,2510251355,14,6,40 Hz,40.0,EXPERIMENTAL,LIGHT,True,,saveTime_2510251355__sessionTime_202510251200__participant_P376__trialN_14__trialT_6__fileType_cropped.png,1,,saveTime_2510251355__sessionTime_202510251200__participant_P376__trialN_14__trialT_6__fileType_cropped.png,0.0036417472,0.16449286,0.07460683,0.10302211,0.5186223,0.663934,0.97571915,0.97571915,0.015836602,0.015836602
P376,202510251200,2510251359,15,B10,,,VALIDATION,IMAGE,True,,saveTime_2510251359__sessionTime_202510251200__participant_P376__trialN_15__trialT_B10__fileType_cropped.png,1,,saveTime_2510251359__sessionTime_202510251200__participant_P376__trialN_15__trialT_B10__fileType_cropped.png,0.012814355,0.57880735,0.8388145,1.1582913,0.013824791,0.01769833,0.1195563,0.1195563,0.18128173,0.18128173
P376,202510251200,2510251403,16,4,15 Hz,15.0,EXPERIMENTAL,LIGHT,True,,saveTime_2510251403__sessionTime_202510251200__participant_P376__trialN_16__trialT_4__fileType_cropped.png,1,,saveTime_2510251403__sessionTime_202510251200__participant_P376__trialN_16__trialT_4__fileType_cropped.png,0.004432297,0.20020095,0.4537603,0.6265827,0.19715272,0.25239253,0.94947606,0.94947606,0.016141573,0.016141573
P376,202510251200,2510251407,17,1,2.5 Hz,2.5,EXPERIMENTAL,LIGHT,True,,saveTime_2510251407__sessionTime_202510251200__participant_P376__trialN_17__trialT_1__fileType_cropped.png,1,,saveTime_2510251407__sessionTime_202510251200__participant_P376__trialN_17__trialT_1__fileType_cropped.png,0.0007491617,0.033838633,0.0041030752,0.005665802,0.8448426,1.0815574,0.9897172,0.9897172,0.016491601,0.016491601
P377,202510251200,2510251254,2,5,20 Hz,20.0,EXPERIMENTAL,LIGHT,True,,saveTime_2510251254__sessionTime_202510251200__participant_P377__trialN_2__trialT_5__fileType_cropped.png,1,,saveTime_2510251254__sessionTime_202510251200__participant_P377__trialN_2__trialT_5__fileType_cropped.png,0.019780487,0.89345825,0.24107479,0.33289224,0.38874948,0.4976724,0.7980854,0.7980854,0.32030016,0.32030016
P377,202510251200,2510251258,3,6,40 Hz,40.0,EXPERIMENTAL,LIGHT,True,,saveTime_2510251258__sessionTime_202510251200__participant_P377__trialN_3__trialT_6__fileType_cropped.png,1,,saveTime_2510251258__sessionTime_202510251200__participant_P377__trialN_3__trialT_6__fileType_cropped.png,0.007824135,0.35340574,0.25842497,0.35685053,0.34580138,0.44269076,0.94817924,0.94817924,0.10755087,0.10755087
P377,202510251200,2510251302,4,C10,,,VALIDATION,IMAGE,True,,saveTime_2510251302__sessionTime_202510251200__participant_P377__trialN_4__trialT_C10__fileType_cropped.png,1,,saveTime_2510251302__sessionTime_202510251200__participant_P377__trialN_4__trialT_C10__fileType_cropped.png,0.01804281,0.81496966,0.26321623,0.36346662,0.31279963,0.40044233,0.28039256,0.28039256,0.108520545,0.108520545
P377,202510251200,2510251305,5,3,10 Hz,10.0,EXPERIMENTAL,LIGHT,True,,saveTime_2510251305__sessionTime_202510251200__participant_P377__trialN_5__trialT_3__fileType_cropped.png,1,,saveTime_2510251305__sessionTime_202510251200__participant_P377__trialN_5__trialT_3__fileType_cropped.png,0.012138389,0.5482749,0.48170018,0.66516393,0.28617898,0.36636287,0.93970877,0.93970877,0.20088993,0.20088993
P377,202510251200,2510251316,6,4,15 Hz,15.0,EXPERIMENTAL,LIGHT,True,,saveTime_2510251316__sessionTime_202510251200__participant_P377__trialN_6__trialT_4__fileType_cropped.png,1,,saveTime_2510251316__sessionTime_202510251200__participant_P377__trialN_6__trialT_4__fileType_cropped.png,0.016609687,0.7502374,0.549645,0.7589867,0.15301318,0.19588564,0.73723626,0.73723626,0.39187914,0.39187914
P377,202510251200,2510251320,7,2,5 Hz,5.0,EXPERIMENTAL,LIGHT,True,,saveTime_2510251320__sessionTime_202510251200__participant_P377__trialN_7__trialT_2__fileType_cropped.png,1,,saveTime_2510251320__sessionTime_202510251200__participant_P377__trialN_7__trialT_2__fileType_cropped.png,0.013323636,0.6018109,0.29688114,0.40995342,0.35578266,0.45546868,0.93308,0.93308,0.24150394,0.24150394
P377,202510251200,2510251324,8,7,80 Hz,80.0,CONTROL,LIGHT,True,,saveTime_2510251324__sessionTime_202510251200__participant_P377__trialN_8__trialT_7__fileType_cropped.png,1,,saveTime_2510251324__sessionTime_202510251200__participant_P377__trialN_8__trialT_7__fileType_cropped.png,0.001682449,0.07599398,0.15404142,0.21271074,0.49568176,0.63456583,0.98938626,0.98938626,0.017402818,0.017402818
P377,202510251200,2510251327,9,1,2.5 Hz,2.5,EXPERIMENTAL,LIGHT,True,,saveTime_2510251327__sessionTime_202510251200__participant_P377__trialN_9__trialT_1__fileType_cropped.png,1,,saveTime_2510251327__sessionTime_202510251200__participant_P377__trialN_9__trialT_1__fileType_cropped.png,0.006068439,0.2741033,0.6379905,0.8809801,0.08148298,0.10431352,0.99365467,0.99365467,0.020556636,0.020556636
P377,202510251200,2510251332,10,A06,,,VALIDATION,IMAGE,True,,saveTime_2510251332__sessionTime_202510251200__participant_P377__trialN_10__trialT_A06__fileType_cropped.png,1,,saveTime_2510251332__sessionTime_202510251200__participant_P377__trialN_10__trialT_A06__fileType_cropped.png,0.0010100221,0.045621354,0.20501678,0.28310093,0.33332738,0.4267217,0.3762329,0.3762329,0.07456572,0.07456572
P377,202510251200,2510251336,11,2,5 Hz,5.0,EXPERIMENTAL,LIGHT,True,,saveTime_2510251336__sessionTime_202510251200__participant_P377__trialN_11__trialT_2__fileType_cropped.png,1,,saveTime_2510251336__sessionTime_202510251200__participant_P377__trialN_11__trialT_2__fileType_cropped.png,0.0039676917,0.17921534,0.26134703,0.3608855,0.43897668,0.5619727,0.91293323,0.91293323,0.22857852,0.22857852
P377,202510251200,2510251346,12,5,20 Hz,20.0,EXPERIMENTAL,LIGHT,True,,saveTime_2510251346__sessionTime_202510251200__participant_P377__trialN_12__trialT_5__fileType_cropped.png,1,,saveTime_2510251346__sessionTime_202510251200__participant_P377__trialN_12__trialT_5__fileType_cropped.png,0.010519896,0.47516966,0.5600834,0.7734007,0.090569615,0.11594613,0.83971,0.83971,0.27731147,0.27731147
P377,202510251200,2510251350,13,3,10 Hz,10.0,EXPERIMENTAL,LIGHT,True,,saveTime_2510251350__sessionTime_202510251200__participant_P377__trialN_13__trialT_3__fileType_cropped.png,1,,saveTime_2510251350__sessionTime_202510251200__participant_P377__trialN_13__trialT_3__fileType_cropped.png,0.013817739,0.6241288,0.5557671,0.76744056,0.12383544,0.15853263,0.77222085,0.77222085,0.19160262,0.19160262
P377,202510251200,2510251354,14,6,40 Hz,40.0,EXPERIMENTAL,LIGHT,True,,saveTime_2510251354__sessionTime_202510251200__participant_P377__trialN_14__trialT_6__fileType_cropped.png,1,,saveTime_2510251354__sessionTime_202510251200__participant_P377__trialN_14__trialT_6__fileType_cropped.png,0.0018014566,0.08136939,0.25086352,0.3464092,0.47929767,0.61359113,0.94616675,0.94616675,0.089532435,0.089532435
P377,202510251200,2510251359,15,B08,,,VALIDATION,IMAGE,True,,saveTime_2510251359__sessionTime_202510251200__participant_P377__trialN_15__trialT_B08__fileType_cropped.png,1,,saveTime_2510251359__sessionTime_202510251200__participant_P377__trialN_15__trialT_B08__fileType_cropped.png,0.029563483,1.3353431,0.7773196,1.0733751,0.024121515,0.030880073,0.16020818,0.16020818,0.07428684,0.07428684
P377,202510251200,2510251403,16,4,15 Hz,15.0,EXPERIMENTAL,LIGHT,True,,saveTime_2510251403__sessionTime_202510251200__participant_P377__trialN_16__trialT_4__fileType_cropped.png,1,,saveTime_2510251403__sessionTime_202510251200__participant_P377__trialN_16__trialT_4__fileType_cropped.png,0.009461142,0.42734718,0.3252608,0.44914192,0.26295567,0.33663267,0.7267854,0.7267854,0.08226827,0.08226827
P377,202510251200,2510251406,17,1,2.5 Hz,2.5,EXPERIMENTAL,LIGHT,True,,saveTime_2510251406__sessionTime_202510251200__participant_P377__trialN_17__trialT_1__fileType_cropped.png,1,,saveTime_2510251406__sessionTime_202510251200__participant_P377__trialN_17__trialT_1__fileType_cropped.png,0.00086736307,0.039177634,0.75510573,1.0427006,0.06442306,0.08247363,0.916246,0.916246,0.081249945,0.081249945
P378,202510251500,2510251557,2,4,15 Hz,15.0,EXPERIMENTAL,LIGHT,True,,saveTime_2510251557__sessionTime_202510251500__participant_P378__trialN_2__trialT_4__fileType_cropped.png,1,,saveTime_2510251557__sessionTime_202510251500__participant_P378__trialN_2__trialT_4__fileType_cropped.png,0.0064997277,0.29358405,0.311784,0.43053228,0.4074378,0.52159697,0.54438466,0.54438466,0.31364217,0.31364217
P378,202510251500,2510251602,3,6,40 Hz,40.0,EXPERIMENTAL,LIGHT,True,,saveTime_2510251602__sessionTime_202510251500__participant_P378__trialN_3__trialT_6__fileType_cropped.png,1,,saveTime_2510251602__sessionTime_202510251500__participant_P378__trialN_3__trialT_6__fileType_cropped.png,0.0013735367,0.06204082,0.20209469,0.2790659,0.38174176,0.48870122,0.8512775,0.8512775,0.089342274,0.089342274
P378,202510251500,2510251606,4,2,5 Hz,5.0,EXPERIMENTAL,LIGHT,True,,saveTime_2510251606__sessionTime_202510251500__participant_P378__trialN_4__trialT_2__fileType_cropped.png,1,,saveTime_2510251606__sessionTime_202510251500__participant_P378__trialN_4__trialT_2__fileType_cropped.png,0.010484523,0.47357193,0.6684993,0.9231087,0.033113476,0.04239147,0.87007713,0.87007713,0.050651122,0.050651122
P378,202510251500,2510251610,5,2,5 Hz,5.0,EXPERIMENTAL,LIGHT,True,,saveTime_2510251610__sessionTime_202510251500__participant_P378__trialN_5__trialT_2__fileType_cropped.png,1,,saveTime_2510251610__sessionTime_202510251500__participant_P378__trialN_5__trialT_2__fileType_cropped.png,0.002360985,0.106642544,0.4009028,0.5535935,0.26668298,0.34140435,0.78008485,0.78008485,0.14211611,0.14211611
P378,202510251500,2510251625,6,4,15 Hz,15.0,EXPERIMENTAL,LIGHT,True,,saveTime_2510251625__sessionTime_202510251500__participant_P378__trialN_6__trialT_4__fileType_cropped.png,1,,saveTime_2510251625__sessionTime_202510251500__participant_P378__trialN_6__trialT_4__fileType_cropped.png,0.006399879,0.289074,0.2279499,0.31476852,0.37949526,0.48582527,0.67332363,0.67332363,0.39689815,0.39689815
P378,202510251500,2510251629,7,7,80 Hz,80.0,CONTROL,LIGHT,True,,saveTime_2510251629__sessionTime_202510251500__participant_P378__trialN_7__trialT_7__fileType_cropped.png,1,,saveTime_2510251629__sessionTime_202510251500__participant_P378__trialN_7__trialT_7__fileType_cropped.png,0.0003501926,0.015817733,0.0019264141,0.0026601218,0.9277176,1.187653,0.8633429,0.8633429,0.1462516,0.1462516
P378,202510251500,2510251632,8,A03,,,VALIDATION,IMAGE,True,,saveTime_2510251632__sessionTime_202510251500__participant_P378__trialN_8__trialT_A03__fileType_cropped.png,1,,saveTime_2510251632__sessionTime_202510251500__participant_P378__trialN_8__trialT_A03__fileType_cropped.png,0.0045270175,0.20447934,0.3873393,0.53486407,0.26751232,0.34246606,0.03278351,0.03278351,0.106640995,0.106640995
P378,202510251500,2510251637,9,1,2.5 Hz,2.5,EXPERIMENTAL,LIGHT,True,,saveTime_2510251637__sessionTime_202510251500__participant_P378__trialN_9__trialT_1__fileType_cropped.png,1,,saveTime_2510251637__sessionTime_202510251500__participant_P378__trialN_9__trialT_1__fileType_cropped.png,0.00018338233,0.0082831355,0.30922318,0.4269961,0.33134222,0.42418033,0.86353785,0.86353785,0.2910805,0.2910805
P378,202510251500,2510251640,10,5,20 Hz,20.0,EXPERIMENTAL,LIGHT,True,,saveTime_2510251640__sessionTime_202510251500__participant_P378__trialN_10__trialT_5__fileType_cropped.png,1,,saveTime_2510251640__sessionTime_202510251500__participant_P378__trialN_10__trialT_5__fileType_cropped.png,0.0015987491,0.07221337,0.34384084,0.4747985,0.17003068,0.21767123,0.45204264,0.45204264,0.060303185,0.060303185
P378,202510251500,2510251645,11,1,2.5 Hz,2.5,EXPERIMENTAL,LIGHT,True,,saveTime_2510251645__sessionTime_202510251500__participant_P378__trialN_11__trialT_1__fileType_cropped.png,1,,saveTime_2510251645__sessionTime_202510251500__participant_P378__trialN_11__trialT_1__fileType_cropped.png,0.0003766297,0.017011862,0.26446214,0.36518708,0.30418256,0.38941085,0.4206014,0.4206014,0.19880427,0.19880427
P378,202510251500,2510251657,12,B06,,,VALIDATION,IMAGE,True,,saveTime_2510251657__sessionTime_202510251500__participant_P378__trialN_12__trialT_B06__fileType_cropped.png,1,,saveTime_2510251657__sessionTime_202510251500__participant_P378__trialN_12__trialT_B06__fileType_cropped.png,0.0033592714,0.15173382,0.33158216,0.4578709,0.26216686,0.33562285,0.47931823,0.47931823,0.39364395,0.39364395
P378,202510251500,2510251702,13,3,10 Hz,10.0,EXPERIMENTAL,LIGHT,True,,saveTime_2510251702__sessionTime_202510251500__participant_P378__trialN_13__trialT_3__fileType_cropped.png,1,,saveTime_2510251702__sessionTime_202510251500__participant_P378__trialN_13__trialT_3__fileType_cropped.png,0.00083948654,0.03791849,0.14035392,0.1938101,0.6096568,0.7804753,0.4189318,0.4189318,0.20782931,0.20782931
P378,202510251500,2510251705,14,6,40 Hz,40.0,EXPERIMENTAL,LIGHT,True,,saveTime_2510251705__sessionTime_202510251500__participant_P378__trialN_14__trialT_6__fileType_cropped.png,1,,saveTime_2510251705__sessionTime_202510251500__participant_P378__trialN_14__trialT_6__fileType_cropped.png,0.0024691739,0.11152929,0.24944639,0.34445232,0.3025993,0.387384,0.95224714,0.95224714,0.049668998,0.049668998
P378,202510251500,2510251710,15,C09,,,VALIDATION,IMAGE,True,,saveTime_2510251710__sessionTime_202510251500__participant_P378__trialN_15__trialT_C09__fileType_cropped.png,1,,saveTime_2510251710__sessionTime_202510251500__participant_P378__trialN_15__trialT_C09__fileType_cropped.png,0.010223873,0.4617987,0.008143591,0.011245217,0.7738983,0.9907353,0.43681362,0.43681362,0.070607975,0.070607975
P378,202510251500,2510251714,16,5,20 Hz,20.0,EXPERIMENTAL,LIGHT,True,,saveTime_2510251714__sessionTime_202510251500__participant_P378__trialN_16__trialT_5__fileType_cropped.png,1,,saveTime_2510251714__sessionTime_202510251500__participant_P378__trialN_16__trialT_5__fileType_cropped.png,0.0018144624,0.08195685,0.4726759,0.65270257,0.24874553,0.31844103,0.9037657,0.9037657,0.1680137,0.1680137
P378,202510251500,2510251717,17,3,10 Hz,10.0,EXPERIMENTAL,LIGHT,True,,saveTime_2510251717__sessionTime_202510251500__participant_P378__trialN_17__trialT_3__fileType_cropped.png,1,,saveTime_2510251717__sessionTime_202510251500__participant_P378__trialN_17__trialT_3__fileType_cropped.png,0.0,0.0,0.0,0.0,0.0,0.0,0.4980392,0.4980392,2.9802322e-08,2.9802322e-08
P379,202510251500,2510251557,2,4,15 Hz,15.0,EXPERIMENTAL,LIGHT,True,,saveTime_2510251557__sessionTime_202510251500__participant_P379__trialN_2__trialT_4__fileType_cropped.png,1,,saveTime_2510251557__sessionTime_202510251500__participant_P379__trialN_2__trialT_4__fileType_cropped.png,0.0028263868,0.12766412,0.3772039,0.5208685,0.16498375,0.2112102,0.41351593,0.41351593,0.42020044,0.42020044
P379,202510251500,2510251601,3,6,40 Hz,40.0,EXPERIMENTAL,LIGHT,True,,saveTime_2510251601__sessionTime_202510251500__participant_P379__trialN_3__trialT_6__fileType_cropped.png,1,,saveTime_2510251601__sessionTime_202510251500__participant_P379__trialN_3__trialT_6__fileType_cropped.png,0.0032347322,0.14610854,0.1956856,0.2702158,0.39181972,0.5016029,0.9407191,0.9407191,0.13883252,0.13883252
P379,202510251500,2510251605,4,2,5 Hz,5.0,EXPERIMENTAL,LIGHT,True,,saveTime_2510251605__sessionTime_202510251500__participant_P379__trialN_4__trialT_2__fileType_cropped.png,1,,saveTime_2510251605__sessionTime_202510251500__participant_P379__trialN_4__trialT_2__fileType_cropped.png,0.0005692347,0.025711574,0.2681107,0.37022525,0.35188454,0.45047835,0.17084697,0.17084697,0.29442248,0.29442248
P379,202510251500,2510251610,5,2,5 Hz,5.0,EXPERIMENTAL,LIGHT,True,,saveTime_2510251610__sessionTime_202510251500__participant_P379__trialN_5__trialT_2__fileType_cropped.png,1,,saveTime_2510251610__sessionTime_202510251500__participant_P379__trialN_5__trialT_2__fileType_cropped.png,0.001250196,0.056469686,0.4805537,0.6635808,0.17725626,0.22692132,0.43903357,0.43903357,0.46773577,0.46773577
P379,202510251500,2510251625,6,4,15 Hz,15.0,EXPERIMENTAL,LIGHT,True,,saveTime_2510251625__sessionTime_202510251500__participant_P379__trialN_6__trialT_4__fileType_cropped.png,1,,saveTime_2510251625__sessionTime_202510251500__participant_P379__trialN_6__trialT_4__fileType_cropped.png,0.00089814106,0.040567834,0.2691538,0.37166563,0.26165622,0.33496916,0.8330487,0.8330487,0.18607363,0.18607363
P379,202510251500,2510251629,7,7,80 Hz,80.0,CONTROL,LIGHT,True,,saveTime_2510251629__sessionTime_202510251500__participant_P379__trialN_7__trialT_7__fileType_cropped.png,1,,saveTime_2510251629__sessionTime_202510251500__participant_P379__trialN_7__trialT_7__fileType_cropped.png,0.00031739124,0.014336139,0.097793736,0.13504015,0.46972993,0.6013426,0.9998905,0.9998905,0.00121983,0.00121983
P379,202510251500,2510251632,8,A08,,,VALIDATION,IMAGE,True,,saveTime_2510251632__sessionTime_202510251500__participant_P379__trialN_8__trialT_A08__fileType_cropped.png,1,,saveTime_2510251632__sessionTime_202510251500__participant_P379__trialN_8__trialT_A08__fileType_cropped.png,0.007296358,0.32956675,0.3041647,0.42001104,0.2968922,0.3800778,0.32846543,0.32846543,0.15292796,0.15292796
P379,202510251500,2510251637,9,1,2.5 Hz,2.5,EXPERIMENTAL,LIGHT,True,,saveTime_2510251637__sessionTime_202510251500__participant_P379__trialN_9__trialT_1__fileType_cropped.png,1,,saveTime_2510251637__sessionTime_202510251500__participant_P379__trialN_9__trialT_1__fileType_cropped.png,0.0010937124,0.049401533,0.6490582,0.8962632,0.10787667,0.13810241,0.51654124,0.51654124,0.46607783,0.46607783
P379,202510251500,2510251640,10,5,20 Hz,20.0,EXPERIMENTAL,LIGHT,True,,saveTime_2510251640__sessionTime_202510251500__participant_P379__trialN_10__trialT_5__fileType_cropped.png,1,,saveTime_2510251640__sessionTime_202510251500__participant_P379__trialN_10__trialT_5__fileType_cropped.png,0.0040952936,0.18497895,0.42297688,0.58407485,0.18871534,0.24159111,0.804241,0.804241,0.3444901,0.3444901
P379,202510251500,2510251644,11,1,2.5 Hz,2.5,EXPERIMENTAL,LIGHT,True,,saveTime_2510251644__sessionTime_202510251500__participant_P379__trialN_11__trialT_1__fileType_cropped.png,1,,saveTime_2510251644__sessionTime_202510251500__participant_P379__trialN_11__trialT_1__fileType_cropped.png,0.0004086687,0.01845902,0.28015614,0.3868584,0.2539502,0.325104,0.50828916,0.50828916,0.4710927,0.4710927
P379,202510251500,2510251657,12,B00,,,VALIDATION,IMAGE,True,,saveTime_2510251657__sessionTime_202510251500__participant_P379__trialN_12__trialT_B00__fileType_cropped.png,1,,saveTime_2510251657__sessionTime_202510251500__participant_P379__trialN_12__trialT_B00__fileType_cropped.png,0.018478746,0.8346603,0.36580482,0.50512785,0.34107524,0.4366404,0.45415238,0.45415238,0.103299476,0.103299476
P379,202510251500,2510251702,13,3,10 Hz,10.0,EXPERIMENTAL,LIGHT,True,,saveTime_2510251702__sessionTime_202510251500__participant_P379__trialN_13__trialT_3__fileType_cropped.png,1,,saveTime_2510251702__sessionTime_202510251500__participant_P379__trialN_13__trialT_3__fileType_cropped.png,0.0054379446,0.2456247,0.4260044,0.58825547,0.27036214,0.34611437,0.6176496,0.6176496,0.4290048,0.4290048
P379,202510251500,2510251706,14,6,40 Hz,40.0,EXPERIMENTAL,LIGHT,True,,saveTime_2510251706__sessionTime_202510251500__participant_P379__trialN_14__trialT_6__fileType_cropped.png,1,,saveTime_2510251706__sessionTime_202510251500__participant_P379__trialN_14__trialT_6__fileType_cropped.png,0.0054664616,0.24691279,0.15371805,0.21226421,0.5560319,0.7118253,0.816453,0.816453,0.19524643,0.19524643
P379,202510251500,2510251710,15,C01,,,VALIDATION,IMAGE,True,,saveTime_2510251710__sessionTime_202510251500__participant_P379__trialN_15__trialT_C01__fileType_cropped.png,1,,saveTime_2510251710__sessionTime_202510251500__participant_P379__trialN_15__trialT_C01__fileType_cropped.png,0.018452855,0.83349085,0.62583655,0.86419713,0.046632208,0.059697993,0.0640155,0.0640155,0.11739948,0.11739948
P379,202510251500,2510251714,16,5,20 Hz,20.0,EXPERIMENTAL,LIGHT,True,,saveTime_2510251714__sessionTime_202510251500__participant_P379__trialN_16__trialT_5__fileType_cropped.png,1,,saveTime_2510251714__sessionTime_202510251500__participant_P379__trialN_16__trialT_5__fileType_cropped.png,0.0019834908,0.08959164,0.2410233,0.33282116,0.32119212,0.41118628,0.8339565,0.8339565,0.2815699,0.2815699
P379,202510251500,2510251717,17,3,10 Hz,10.0,EXPERIMENTAL,LIGHT,True,,saveTime_2510251717__sessionTime_202510251500__participant_P379__trialN_17__trialT_3__fileType_cropped.png,1,,saveTime_2510251717__sessionTime_202510251500__participant_P379__trialN_17__trialT_3__fileType_cropped.png,0.0012849657,0.058040187,0.40763593,0.56289107,0.064033635,0.08197509,0.6742423,0.6742423,0.3475674,0.3475674
P380,202510251500,2510251557,2,4,15 Hz,15.0,EXPERIMENTAL,LIGHT,True,,saveTime_2510251557__sessionTime_202510251500__participant_P380__trialN_2__trialT_4__fileType_cropped.png,1,,saveTime_2510251557__sessionTime_202510251500__participant_P380__trialN_2__trialT_4__fileType_cropped.png,0.0017795692,0.08038077,0.31624925,0.4366982,0.24860305,0.3182586,0.8407465,0.8407465,0.18830992,0.18830992
P380,202510251500,2510251601,3,6,40 Hz,40.0,EXPERIMENTAL,LIGHT,True,,saveTime_2510251601__sessionTime_202510251500__participant_P380__trialN_3__trialT_6__fileType_cropped.png,1,,saveTime_2510251601__sessionTime_202510251500__participant_P380__trialN_3__trialT_6__fileType_cropped.png,0.0007715574,0.034850217,0.53413606,0.73757094,0.16411383,0.21009655,0.6462781,0.6462781,0.18120839,0.18120839
P380,202510251500,2510251605,4,2,5 Hz,5.0,EXPERIMENTAL,LIGHT,True,,saveTime_2510251605__sessionTime_202510251500__participant_P380__trialN_4__trialT_2__fileType_cropped.png,1,,saveTime_2510251605__sessionTime_202510251500__participant_P380__trialN_4__trialT_2__fileType_cropped.png,0.00037932166,0.017133454,0.08183627,0.11300501,0.51362956,0.65754235,0.76157,0.76157,0.21707858,0.21707858
P380,202510251500,2510251610,5,2,5 Hz,5.0,EXPERIMENTAL,LIGHT,True,,saveTime_2510251610__sessionTime_202510251500__participant_P380__trialN_5__trialT_2__fileType_cropped.png,1,,saveTime_2510251610__sessionTime_202510251500__participant_P380__trialN_5__trialT_2__fileType_cropped.png,0.00037985144,0.017157383,0.14163381,0.19557747,0.510244,0.65320826,0.4973785,0.4973785,0.28566355,0.28566355
P380,202510251500,2510251625,6,4,15 Hz,15.0,EXPERIMENTAL,LIGHT,True,,saveTime_2510251625__sessionTime_202510251500__participant_P380__trialN_6__trialT_4__fileType_cropped.png,1,,saveTime_2510251625__sessionTime_202510251500__participant_P380__trialN_6__trialT_4__fileType_cropped.png,0.0007764981,0.035073385,0.35915527,0.4959457,0.23899771,0.305962,0.64565927,0.64565927,0.28042895,0.28042895
P380,202510251500,2510251629,7,7,80 Hz,80.0,CONTROL,LIGHT,True,,saveTime_2510251629__sessionTime_202510251500__participant_P380__trialN_7__trialT_7__fileType_cropped.png,1,,saveTime_2510251629__sessionTime_202510251500__participant_P380__trialN_7__trialT_7__fileType_cropped.png,0.00018698133,0.008445697,0.0007261655,0.001002738,0.9654725,1.2359864,0.71457464,0.71457464,0.39277622,0.39277622
P380,202510251500,2510251632,8,A02,,,VALIDATION,IMAGE,True,,saveTime_2510251632__sessionTime_202510251500__participant_P380__trialN_8__trialT_A02__fileType_cropped.png,1,,saveTime_2510251632__sessionTime_202510251500__participant_P380__trialN_8__trialT_A02__fileType_cropped.png,0.00492142,0.22229399,0.03415797,0.047167618,0.7024113,0.8992185,0.054598875,0.054598875,0.22400536,0.22400536
P380,202510251500,2510251636,9,1,2.5 Hz,2.5,EXPERIMENTAL,LIGHT,True,,saveTime_2510251636__sessionTime_202510251500__participant_P380__trialN_9__trialT_1__fileType_cropped.png,1,,saveTime_2510251636__sessionTime_202510251500__participant_P380__trialN_9__trialT_1__fileType_cropped.png,0.00020348688,0.009191231,0.034496803,0.0476355,0.82290924,1.0534785,0.5372062,0.5372062,0.36969355,0.36969355
P380,202510251500,2510251640,10,5,20 Hz,20.0,EXPERIMENTAL,LIGHT,True,,saveTime_2510251640__sessionTime_202510251500__participant_P380__trialN_10__trialT_5__fileType_cropped.png,1,,saveTime_2510251640__sessionTime_202510251500__participant_P380__trialN_10__trialT_5__fileType_cropped.png,0.00044431444,0.02006909,0.37951344,0.5240576,0.23185779,0.29682156,0.87696767,0.87696767,0.08477976,0.08477976
P380,202510251500,2510251644,11,1,2.5 Hz,2.5,EXPERIMENTAL,LIGHT,True,,saveTime_2510251644__sessionTime_202510251500__participant_P380__trialN_11__trialT_1__fileType_cropped.png,1,,saveTime_2510251644__sessionTime_202510251500__participant_P380__trialN_11__trialT_1__fileType_cropped.png,0.00028751526,0.0129866805,0.06975254,0.09631898,0.54705155,0.7003288,0.6436418,0.6436418,0.28974763,0.28974763
P380,202510251500,2510251656,12,B01,,,VALIDATION,IMAGE,True,,saveTime_2510251656__sessionTime_202510251500__participant_P380__trialN_12__trialT_B01__fileType_cropped.png,1,,saveTime_2510251656__sessionTime_202510251500__participant_P380__trialN_12__trialT_B01__fileType_cropped.png,0.00595592,0.26902097,0.23602028,0.32591265,0.31831,0.40749663,0.04855256,0.04855256,0.21073505,0.21073505
P380,202510251500,2510251701,13,3,10 Hz,10.0,EXPERIMENTAL,LIGHT,True,,saveTime_2510251701__sessionTime_202510251500__participant_P380__trialN_13__trialT_3__fileType_cropped.png,1,,saveTime_2510251701__sessionTime_202510251500__participant_P380__trialN_13__trialT_3__fileType_cropped.png,0.00048068364,0.02171184,0.21935141,0.30289516,0.33143544,0.42429966,0.7431899,0.7431899,0.10604451,0.10604451
P380,202510251500,2510251705,14,6,40 Hz,40.0,EXPERIMENTAL,LIGHT,True,,saveTime_2510251705__sessionTime_202510251500__participant_P380__trialN_14__trialT_6__fileType_cropped.png,1,,saveTime_2510251705__sessionTime_202510251500__participant_P380__trialN_14__trialT_6__fileType_cropped.png,0.0004342799,0.019615844,0.6029409,0.8325813,0.116183296,0.14873646,0.7396171,0.7396171,0.14179876,0.14179876
P380,202510251500,2510251709,15,C07,,,VALIDATION,IMAGE,True,,saveTime_2510251709__sessionTime_202510251500__participant_P380__trialN_15__trialT_C07__fileType_cropped.png,1,,saveTime_2510251709__sessionTime_202510251500__participant_P380__trialN_15__trialT_C07__fileType_cropped.png,0.018454796,0.8335785,0.26181972,0.36153823,0.30925512,0.3959047,0.724579,0.724579,0.22446033,0.22446033
P380,202510251500,2510251713,16,5,20 Hz,20.0,EXPERIMENTAL,LIGHT,True,,saveTime_2510251713__sessionTime_202510251500__participant_P380__trialN_16__trialT_5__fileType_cropped.png,1,,saveTime_2510251713__sessionTime_202510251500__participant_P380__trialN_16__trialT_5__fileType_cropped.png,0.0008568528,0.038702898,0.59848815,0.8264326,0.111163974,0.14231078,0.85742563,0.85742563,0.07235515,0.07235515
P380,202510251500,2510251717,17,3,10 Hz,10.0,EXPERIMENTAL,LIGHT,True,,saveTime_2510251717__sessionTime_202510251500__participant_P380__trialN_17__trialT_3__fileType_cropped.png,1,,saveTime_2510251717__sessionTime_202510251500__participant_P380__trialN_17__trialT_3__fileType_cropped.png,0.0006486133,0.029297,0.17655377,0.2437973,0.38799307,0.49670404,0.6693425,0.6693425,0.09861801,0.09861801
P381,202510251500,2510251557,2,4,15 Hz,15.0,EXPERIMENTAL,LIGHT,True,,saveTime_2510251557__sessionTime_202510251500__participant_P381__trialN_2__trialT_4__fileType_cropped.png,1,,saveTime_2510251557__sessionTime_202510251500__participant_P381__trialN_2__trialT_4__fileType_cropped.png,0.024520766,1.1075703,0.34478775,0.47610608,0.2923229,0.37422827,0.95114976,0.95114976,0.14156534,0.14156534
P381,202510251500,2510251601,3,6,40 Hz,40.0,EXPERIMENTAL,LIGHT,True,,saveTime_2510251601__sessionTime_202510251500__participant_P381__trialN_3__trialT_6__fileType_cropped.png,1,,saveTime_2510251601__sessionTime_202510251500__participant_P381__trialN_3__trialT_6__fileType_cropped.png,0.021465324,0.9695601,0.22101429,0.30519137,0.31768265,0.40669352,0.779169,0.779169,0.30230087,0.30230087
P381,202510251500,2510251605,4,2,5 Hz,5.0,EXPERIMENTAL,LIGHT,True,,saveTime_2510251605__sessionTime_202510251500__participant_P381__trialN_4__trialT_2__fileType_cropped.png,1,,saveTime_2510251605__sessionTime_202510251500__participant_P381__trialN_4__trialT_2__fileType_cropped.png,0.042062446,1.8999046,0.14940898,0.20631395,0.45809257,0.5864446,0.75722563,0.75722563,0.28054643,0.28054643
P381,202510251500,2510251609,5,2,5 Hz,5.0,EXPERIMENTAL,LIGHT,True,,saveTime_2510251609__sessionTime_202510251500__participant_P381__trialN_5__trialT_2__fileType_cropped.png,1,,saveTime_2510251609__sessionTime_202510251500__participant_P381__trialN_5__trialT_2__fileType_cropped.png,0.016249144,0.73395216,0.2695287,0.3721833,0.28480285,0.3646012,0.813966,0.813966,0.28905976,0.28905976
P381,202510251500,2510251625,6,4,15 Hz,15.0,EXPERIMENTAL,LIGHT,True,,saveTime_2510251625__sessionTime_202510251500__participant_P381__trialN_6__trialT_4__fileType_cropped.png,1,,saveTime_2510251625__sessionTime_202510251500__participant_P381__trialN_6__trialT_4__fileType_cropped.png,0.013399939,0.6052574,0.10752046,0.14847147,0.56465685,0.7228669,0.5805087,0.5805087,0.30606744,0.30606744
P381,202510251500,2510251629,7,7,80 Hz,80.0,CONTROL,LIGHT,True,,saveTime_2510251629__sessionTime_202510251500__participant_P381__trialN_7__trialT_7__fileType_cropped.png,1,,saveTime_2510251629__sessionTime_202510251500__participant_P381__trialN_7__trialT_7__fileType_cropped.png,0.0004620867,0.02087184,0.049548816,0.06842033,0.55978155,0.71662563,0.7883075,0.7883075,0.21957941,0.21957941
P381,202510251500,2510251631,8,A13,,,VALIDATION,IMAGE,True,,saveTime_2510251631__sessionTime_202510251500__participant_P381__trialN_8__trialT_A13__fileType_cropped.png,1,,saveTime_2510251631__sessionTime_202510251500__participant_P381__trialN_8__trialT_A13__fileType_cropped.png,0.000457894,0.020682462,0.19324851,0.2668505,0.42257178,0.5409713,0.08781798,0.08781798,0.011129015,0.011129015
P381,202510251500,2510251636,9,1,2.5 Hz,2.5,EXPERIMENTAL,LIGHT,True,,saveTime_2510251636__sessionTime_202510251500__participant_P381__trialN_9__trialT_1__fileType_cropped.png,1,,saveTime_2510251636__sessionTime_202510251500__participant_P381__trialN_9__trialT_1__fileType_cropped.png,0.018700516,0.8446774,0.1706146,0.23559609,0.37147352,0.47555593,0.8333064,0.8333064,0.3461983,0.3461983
P381,202510251500,2510251641,10,5,20 Hz,20.0,EXPERIMENTAL,LIGHT,True,,saveTime_2510251641__sessionTime_202510251500__participant_P381__trialN_10__trialT_5__fileType_cropped.png,1,,saveTime_2510251641__sessionTime_202510251500__participant_P381__trialN_10__trialT_5__fileType_cropped.png,0.0107062105,0.48358527,0.29077545,0.40152225,0.23806211,0.30476424,0.5912109,0.5912109,0.44420952,0.44420952
P381,202510251500,2510251644,11,1,2.5 Hz,2.5,EXPERIMENTAL,LIGHT,True,,saveTime_2510251644__sessionTime_202510251500__participant_P381__trialN_11__trialT_1__fileType_cropped.png,1,,saveTime_2510251644__sessionTime_202510251500__participant_P381__trialN_11__trialT_1__fileType_cropped.png,0.002660663,0.1201786,0.34350783,0.47433865,0.33187115,0.42485747,0.7176616,0.7176616,0.44930106,0.44930106
P381,202510251500,2510251656,12,B02,,,VALIDATION,IMAGE,True,,saveTime_2510251656__sessionTime_202510251500__participant_P381__trialN_12__trialT_B02__fileType_cropped.png,1,,saveTime_2510251656__sessionTime_202510251500__participant_P381__trialN_12__trialT_B02__fileType_cropped.png,0.012149377,0.54877114,0.27125913,0.3745728,0.30399442,0.38917,0.44170934,0.44170934,0.30944765,0.30944765
P381,202510251500,2510251702,13,3,10 Hz,10.0,EXPERIMENTAL,LIGHT,True,,saveTime_2510251702__sessionTime_202510251500__participant_P381__trialN_13__trialT_3__fileType_cropped.png,1,,saveTime_2510251702__sessionTime_202510251500__participant_P381__trialN_13__trialT_3__fileType_cropped.png,0.016029246,0.7240197,0.18206951,0.2514138,0.3113167,0.3985439,0.72525483,0.72525483,0.44101062,0.44101062
P381,202510251500,2510251706,14,6,40 Hz,40.0,EXPERIMENTAL,LIGHT,True,,saveTime_2510251706__sessionTime_202510251500__participant_P381__trialN_14__trialT_6__fileType_cropped.png,1,,saveTime_2510251706__sessionTime_202510251500__participant_P381__trialN_14__trialT_6__fileType_cropped.png,0.0023684679,0.10698053,0.28667182,0.3958557,0.24098475,0.30850577,0.53066254,0.53066254,0.22717932,0.22717932
P381,202510251500,2510251710,15,C14,,,VALIDATION,IMAGE,True,,saveTime_2510251710__sessionTime_202510251500__participant_P381__trialN_15__trialT_C14__fileType_cropped.png,1,,saveTime_2510251710__sessionTime_202510251500__participant_P381__trialN_15__trialT_C14__fileType_cropped.png,0.02108599,0.9524261,0.23124751,0.31932208,0.35778645,0.4580339,0.43521112,0.43521112,0.117442735,0.117442735
P381,202510251500,2510251714,16,5,20 Hz,20.0,EXPERIMENTAL,LIGHT,True,,saveTime_2510251714__sessionTime_202510251500__participant_P381__trialN_16__trialT_5__fileType_cropped.png,1,,saveTime_2510251714__sessionTime_202510251500__participant_P381__trialN_16__trialT_5__fileType_cropped.png,0.022564234,1.0191964,0.35427642,0.48920867,0.23767541,0.3042692,0.75803065,0.75803065,0.42030433,0.42030433
P381,202510251500,2510251718,17,3,10 Hz,10.0,EXPERIMENTAL,LIGHT,True,,saveTime_2510251718__sessionTime_202510251500__participant_P381__trialN_17__trialT_3__fileType_cropped.png,1,,saveTime_2510251718__sessionTime_202510251500__participant_P381__trialN_17__trialT_3__fileType_cropped.png,0.029766256,1.3445021,0.3675387,0.5075221,0.14203712,0.18183422,0.8352621,0.8352621,0.27437258,0.27437258
P382,202510251500,2510251557,2,4,15 Hz,15.0,EXPERIMENTAL,LIGHT,True,,saveTime_2510251557__sessionTime_202510251500__participant_P382__trialN_2__trialT_4__fileType_cropped.png,1,,saveTime_2510251557__sessionTime_202510251500__participant_P382__trialN_2__trialT_4__fileType_cropped.png,0.0015428035,0.069686376,0.14786078,0.20417608,0.5440935,0.69654197,0.72610664,0.72610664,0.2285925,0.2285925
P382,202510251500,2510251602,3,6,40 Hz,40.0,EXPERIMENTAL,LIGHT,True,,saveTime_2510251602__sessionTime_202510251500__participant_P382__trialN_3__trialT_6__fileType_cropped.png,1,,saveTime_2510251602__sessionTime_202510251500__participant_P382__trialN_3__trialT_6__fileType_cropped.png,0.011723875,0.5295518,0.16952075,0.23408563,0.46401423,0.59402543,0.95190024,0.95190024,0.13136421,0.13136421
P382,202510251500,2510251606,4,2,5 Hz,5.0,EXPERIMENTAL,LIGHT,True,,saveTime_2510251606__sessionTime_202510251500__participant_P382__trialN_4__trialT_2__fileType_cropped.png,1,,saveTime_2510251606__sessionTime_202510251500__participant_P382__trialN_4__trialT_2__fileType_cropped.png,0.0004492516,0.020292096,0.009808465,0.013544187,0.8931875,1.1434479,0.8148582,0.8148582,0.12758192,0.12758192
P382,202510251500,2510251609,5,2,5 Hz,5.0,EXPERIMENTAL,LIGHT,True,,saveTime_2510251609__sessionTime_202510251500__participant_P382__trialN_5__trialT_2__fileType_cropped.png,1,,saveTime_2510251609__sessionTime_202510251500__participant_P382__trialN_5__trialT_2__fileType_cropped.png,0.0010865452,0.049077798,0.018273676,0.025233518,0.68929815,0.8824312,0.6790991,0.6790991,0.10666205,0.10666205
P382,202510251500,2510251625,6,4,15 Hz,15.0,EXPERIMENTAL,LIGHT,True,,saveTime_2510251625__sessionTime_202510251500__participant_P382__trialN_6__trialT_4__fileType_cropped.png,1,,saveTime_2510251625__sessionTime_202510251500__participant_P382__trialN_6__trialT_4__fileType_cropped.png,0.0010678446,0.048233114,0.17234391,0.23798405,0.406738,0.5207011,0.86140585,0.86140585,0.039016623,0.039016623
P382,202510251500,2510251629,7,7,80 Hz,80.0,CONTROL,LIGHT,True,,saveTime_2510251629__sessionTime_202510251500__participant_P382__trialN_7__trialT_7__fileType_cropped.png,1,,saveTime_2510251629__sessionTime_202510251500__participant_P382__trialN_7__trialT_7__fileType_cropped.png,0.0005554875,0.025090631,0.013103543,0.018094251,0.80732495,1.0335277,0.88277936,0.88277936,0.052752506,0.052752506
P382,202510251500,2510251632,8,A01,,,VALIDATION,IMAGE,True,,saveTime_2510251632__sessionTime_202510251500__participant_P382__trialN_8__trialT_A01__fileType_cropped.png,1,,saveTime_2510251632__sessionTime_202510251500__participant_P382__trialN_8__trialT_A01__fileType_cropped.png,0.007858817,0.3549723,0.37603337,0.5192521,0.29352278,0.3757643,0.39010113,0.39010113,0.1993612,0.1993612
P382,202510251500,2510251636,9,1,2.5 Hz,2.5,EXPERIMENTAL,LIGHT,True,,saveTime_2510251636__sessionTime_202510251500__participant_P382__trialN_9__trialT_1__fileType_cropped.png,1,,saveTime_2510251636__sessionTime_202510251500__participant_P382__trialN_9__trialT_1__fileType_cropped.png,0.00017912129,0.008090669,0.009527584,0.013156327,0.6771459,0.86687404,0.8192883,0.8192883,0.10175018,0.10175018
P382,202510251500,2510251641,10,5,20 Hz,20.0,EXPERIMENTAL,LIGHT,True,,saveTime_2510251641__sessionTime_202510251500__participant_P382__trialN_10__trialT_5__fileType_cropped.png,1,,saveTime_2510251641__sessionTime_202510251500__participant_P382__trialN_10__trialT_5__fileType_cropped.png,0.001205155,0.054435246,0.14209439,0.19621347,0.5133021,0.65712315,0.8909687,0.8909687,0.06700914,0.06700914
P382,202510251500,2510251644,11,1,2.5 Hz,2.5,EXPERIMENTAL,LIGHT,True,,saveTime_2510251644__sessionTime_202510251500__participant_P382__trialN_11__trialT_1__fileType_cropped.png,1,,saveTime_2510251644__sessionTime_202510251500__participant_P382__trialN_11__trialT_1__fileType_cropped.png,0.00051550986,0.023284893,0.011544447,0.015941348,0.80736125,1.0335741,0.73695624,0.73695624,0.060556203,0.060556203
P382,202510251500,2510251657,12,B00,,,VALIDATION,IMAGE,True,,saveTime_2510251657__sessionTime_202510251500__participant_P382__trialN_12__trialT_B00__fileType_cropped.png,1,,saveTime_2510251657__sessionTime_202510251500__participant_P382__trialN_12__trialT_B00__fileType_cropped.png,0.018161438,0.82032794,0.42842335,0.5915957,0.3480965,0.44562894,0.652176,0.652176,0.07187322,0.07187322
P382,202510251500,2510251701,13,3,10 Hz,10.0,EXPERIMENTAL,LIGHT,True,,saveTime_2510251701__sessionTime_202510251500__participant_P382__trialN_13__trialT_3__fileType_cropped.png,1,,saveTime_2510251701__sessionTime_202510251500__participant_P382__trialN_13__trialT_3__fileType_cropped.png,0.0007963804,0.03597144,0.17291419,0.23877153,0.4329114,0.554208,0.65122724,0.65122724,0.030948766,0.030948766
P382,202510251500,2510251706,14,6,40 Hz,40.0,EXPERIMENTAL,LIGHT,True,,saveTime_2510251706__sessionTime_202510251500__participant_P382__trialN_14__trialT_6__fileType_cropped.png,1,,saveTime_2510251706__sessionTime_202510251500__participant_P382__trialN_14__trialT_6__fileType_cropped.png,0.0009173726,0.041436497,0.2524863,0.34865,0.32127163,0.41128808,0.6489379,0.6489379,0.038291898,0.038291898
P382,202510251500,2510251709,15,C03,,,VALIDATION,IMAGE,True,,saveTime_2510251709__sessionTime_202510251500__participant_P382__trialN_15__trialT_C03__fileType_cropped.png,1,,saveTime_2510251709__sessionTime_202510251500__participant_P382__trialN_15__trialT_C03__fileType_cropped.png,0.01131775,0.5112077,0.020523602,0.028340368,0.738952,0.9459974,0.23266523,0.23266523,0.016483417,0.016483417
P382,202510251500,2510251713,16,5,20 Hz,20.0,EXPERIMENTAL,LIGHT,True,,saveTime_2510251713__sessionTime_202510251500__participant_P382__trialN_16__trialT_5__fileType_cropped.png,1,,saveTime_2510251713__sessionTime_202510251500__participant_P382__trialN_16__trialT_5__fileType_cropped.png,0.0007937296,0.03585171,0.12565295,0.17351003,0.49386674,0.63224226,0.6937029,0.6937029,0.02181668,0.02181668
P382,202510251500,2510251717,17,3,10 Hz,10.0,EXPERIMENTAL,LIGHT,True,,saveTime_2510251717__sessionTime_202510251500__participant_P382__trialN_17__trialT_3__fileType_cropped.png,1,,saveTime_2510251717__sessionTime_202510251500__participant_P382__trialN_17__trialT_3__fileType_cropped.png,0.00015883584,0.0071744034,0.018227747,0.025170095,0.66487324,0.85116273,0.72243726,0.72243726,0.06935018,0.06935018
P383,202510251500,2510251557,2,4,15 Hz,15.0,EXPERIMENTAL,LIGHT,True,,saveTime_2510251557__sessionTime_202510251500__participant_P383__trialN_2__trialT_4__fileType_cropped.png,1,,saveTime_2510251557__sessionTime_202510251500__participant_P383__trialN_2__trialT_4__fileType_cropped.png,0.015610023,0.70508397,0.32974815,0.4553384,0.22193785,0.28412217,0.7644373,0.7644373,0.09178668,0.09178668
P383,202510251500,2510251601,3,6,40 Hz,40.0,EXPERIMENTAL,LIGHT,True,,saveTime_2510251601__sessionTime_202510251500__participant_P383__trialN_3__trialT_6__fileType_cropped.png,1,,saveTime_2510251601__sessionTime_202510251500__participant_P383__trialN_3__trialT_6__fileType_cropped.png,0.00076382386,0.034500904,0.008538702,0.011790812,0.8038242,1.029046,0.81879663,0.81879663,0.084861405,0.084861405
P383,202510251500,2510251605,4,2,5 Hz,5.0,EXPERIMENTAL,LIGHT,True,,saveTime_2510251605__sessionTime_202510251500__participant_P383__trialN_4__trialT_2__fileType_cropped.png,1,,saveTime_2510251605__sessionTime_202510251500__participant_P383__trialN_4__trialT_2__fileType_cropped.png,0.0054552527,0.2464065,0.8461185,1.1683773,0.022470426,0.02876637,0.7224947,0.7224947,0.20213123,0.20213123
P383,202510251500,2510251609,5,2,5 Hz,5.0,EXPERIMENTAL,LIGHT,True,,saveTime_2510251609__sessionTime_202510251500__participant_P383__trialN_5__trialT_2__fileType_cropped.png,1,,saveTime_2510251609__sessionTime_202510251500__participant_P383__trialN_5__trialT_2__fileType_cropped.png,0.002589328,0.116956495,0.7926126,1.0944927,0.035315163,0.04521005,0.7610058,0.7610058,0.14659752,0.14659752
P383,202510251500,2510251625,6,4,15 Hz,15.0,EXPERIMENTAL,LIGHT,True,,saveTime_2510251625__sessionTime_202510251500__participant_P383__trialN_6__trialT_4__fileType_cropped.png,1,,saveTime_2510251625__sessionTime_202510251500__participant_P383__trialN_6__trialT_4__fileType_cropped.png,0.001870895,0.08450583,0.3544015,0.48938137,0.19987673,0.2558798,0.751403,0.751403,0.21932931,0.21932931
P383,202510251500,2510251629,7,7,80 Hz,80.0,CONTROL,LIGHT,True,,saveTime_2510251629__sessionTime_202510251500__participant_P383__trialN_7__trialT_7__fileType_cropped.png,1,,saveTime_2510251629__sessionTime_202510251500__participant_P383__trialN_7__trialT_7__fileType_cropped.png,0.0005418479,0.024474546,0.019622762,0.027096426,0.7798442,0.99834716,0.80337244,0.80337244,0.06377896,0.06377896
P383,202510251500,2510251632,8,A01,,,VALIDATION,IMAGE,True,,saveTime_2510251632__sessionTime_202510251500__participant_P383__trialN_8__trialT_A01__fileType_cropped.png,1,,saveTime_2510251632__sessionTime_202510251500__participant_P383__trialN_8__trialT_A01__fileType_cropped.png,0.008751198,0.39527994,0.31896627,0.44045004,0.2739545,0.35071325,0.120991915,0.120991915,0.2883703,0.2883703
P383,202510251500,2510251636,9,1,2.5 Hz,2.5,EXPERIMENTAL,LIGHT,True,,saveTime_2510251636__sessionTime_202510251500__participant_P383__trialN_9__trialT_1__fileType_cropped.png,1,,saveTime_2510251636__sessionTime_202510251500__participant_P383__trialN_9__trialT_1__fileType_cropped.png,0.00033314078,0.015047525,0.81274,1.122286,0.029022727,0.037154548,0.71647245,0.71647245,0.12708619,0.12708619
P383,202510251500,2510251640,10,5,20 Hz,20.0,EXPERIMENTAL,LIGHT,True,,saveTime_2510251640__sessionTime_202510251500__participant_P383__trialN_10__trialT_5__fileType_cropped.png,1,,saveTime_2510251640__sessionTime_202510251500__participant_P383__trialN_10__trialT_5__fileType_cropped.png,0.012675571,0.5725387,0.4470149,0.6172682,0.17679742,0.22633393,0.87052333,0.87052333,0.2386256,0.2386256
P383,202510251500,2510251644,11,1,2.5 Hz,2.5,EXPERIMENTAL,LIGHT,True,,saveTime_2510251644__sessionTime_202510251500__participant_P383__trialN_11__trialT_1__fileType_cropped.png,1,,saveTime_2510251644__sessionTime_202510251500__participant_P383__trialN_11__trialT_1__fileType_cropped.png,0.0007417095,0.033502027,0.7248127,1.00087,0.038711492,0.049557988,0.9944229,0.9944229,0.015035059,0.015035059
P383,202510251500,2510251658,12,B09,,,VALIDATION,IMAGE,True,,saveTime_2510251658__sessionTime_202510251500__participant_P383__trialN_12__trialT_B09__fileType_cropped.png,1,,saveTime_2510251658__sessionTime_202510251500__participant_P383__trialN_12__trialT_B09__fileType_cropped.png,0.028946027,1.3074535,0.00561696,0.0077562756,0.8340604,1.067754,0.11721488,0.11721488,0.25832316,0.25832316
P383,202510251500,2510251702,13,3,10 Hz,10.0,EXPERIMENTAL,LIGHT,True,,saveTime_2510251702__sessionTime_202510251500__participant_P383__trialN_13__trialT_3__fileType_cropped.png,1,,saveTime_2510251702__sessionTime_202510251500__participant_P383__trialN_13__trialT_3__fileType_cropped.png,0.0123541495,0.5580205,0.4009867,0.5537093,0.20995301,0.2687793,0.69138074,0.69138074,0.20021537,0.20021537
P383,202510251500,2510251706,14,6,40 Hz,40.0,EXPERIMENTAL,LIGHT,True,,saveTime_2510251706__sessionTime_202510251500__participant_P383__trialN_14__trialT_6__fileType_cropped.png,1,,saveTime_2510251706__sessionTime_202510251500__participant_P383__trialN_14__trialT_6__fileType_cropped.png,0.0068959445,0.3114806,0.30604893,0.4226129,0.3002835,0.38441932,0.8399901,0.8399901,0.34652603,0.34652603
P383,202510251500,2510251710,15,C12,,,VALIDATION,IMAGE,True,,saveTime_2510251710__sessionTime_202510251500__participant_P383__trialN_15__trialT_C12__fileType_cropped.png,1,,saveTime_2510251710__sessionTime_202510251500__participant_P383__trialN_15__trialT_C12__fileType_cropped.png,0.012122095,0.5475389,0.32438412,0.44793138,0.2597538,0.3325337,0.7056392,0.7056392,0.45188817,0.45188817
P383,202510251500,2510251714,16,5,20 Hz,20.0,EXPERIMENTAL,LIGHT,True,,saveTime_2510251714__sessionTime_202510251500__participant_P383__trialN_16__trialT_5__fileType_cropped.png,1,,saveTime_2510251714__sessionTime_202510251500__participant_P383__trialN_16__trialT_5__fileType_cropped.png,0.0070834626,0.31995055,0.47097352,0.6503518,0.2000656,0.25612158,0.877956,0.877956,0.15065405,0.15065405
P383,202510251500,2510251717,17,3,10 Hz,10.0,EXPERIMENTAL,LIGHT,True,,saveTime_2510251717__sessionTime_202510251500__participant_P383__trialN_17__trialT_3__fileType_cropped.png,1,,saveTime_2510251717__sessionTime_202510251500__participant_P383__trialN_17__trialT_3__fileType_cropped.png,0.008629693,0.38979173,0.29370463,0.40556708,0.23482671,0.30062234,0.7467386,0.7467386,0.2888391,0.2888391
P384,202510251500,2510251557,2,4,15 Hz,15.0,EXPERIMENTAL,LIGHT,True,,saveTime_2510251557__sessionTime_202510251500__participant_P384__trialN_2__trialT_4__fileType_cropped.png,1,,saveTime_2510251557__sessionTime_202510251500__participant_P384__trialN_2__trialT_4__fileType_cropped.png,0.0018398525,0.08310369,0.34521705,0.47669888,0.26826626,0.34343123,0.8772277,0.8772277,0.19660981,0.19660981
P384,202510251500,2510251601,3,6,40 Hz,40.0,EXPERIMENTAL,LIGHT,True,,saveTime_2510251601__sessionTime_202510251500__participant_P384__trialN_3__trialT_6__fileType_cropped.png,1,,saveTime_2510251601__sessionTime_202510251500__participant_P384__trialN_3__trialT_6__fileType_cropped.png,0.00060086005,0.027140047,0.36392292,0.5025292,0.21274135,0.2723489,0.8209416,0.8209416,0.10541472,0.10541472
P384,202510251500,2510251606,4,2,5 Hz,5.0,EXPERIMENTAL,LIGHT,True,,saveTime_2510251606__sessionTime_202510251500__participant_P384__trialN_4__trialT_2__fileType_cropped.png,1,,saveTime_2510251606__sessionTime_202510251500__participant_P384__trialN_4__trialT_2__fileType_cropped.png,0.0024246343,0.1095175,0.30664727,0.42343915,0.22839357,0.2923867,0.57404035,0.57404035,0.4083463,0.4083463
P384,202510251500,2510251609,5,2,5 Hz,5.0,EXPERIMENTAL,LIGHT,True,,saveTime_2510251609__sessionTime_202510251500__participant_P384__trialN_5__trialT_2__fileType_cropped.png,1,,saveTime_2510251609__sessionTime_202510251500__participant_P384__trialN_5__trialT_2__fileType_cropped.png,0.0029735605,0.13431177,0.3654764,0.5046743,0.23036863,0.29491514,0.41532496,0.41532496,0.3345383,0.3345383
P384,202510251500,2510251625,6,4,15 Hz,15.0,EXPERIMENTAL,LIGHT,True,,saveTime_2510251625__sessionTime_202510251500__participant_P384__trialN_6__trialT_4__fileType_cropped.png,1,,saveTime_2510251625__sessionTime_202510251500__participant_P384__trialN_6__trialT_4__fileType_cropped.png,0.0021674817,0.09790226,0.33604074,0.4640276,0.23526798,0.30118725,0.68207896,0.68207896,0.16704264,0.16704264
P384,202510251500,2510251629,7,7,80 Hz,80.0,CONTROL,LIGHT,True,,saveTime_2510251629__sessionTime_202510251500__participant_P384__trialN_7__trialT_7__fileType_cropped.png,1,,saveTime_2510251629__sessionTime_202510251500__participant_P384__trialN_7__trialT_7__fileType_cropped.png,0.0034470458,0.15569846,0.2632525,0.36351672,0.3231618,0.41370785,0.990826,0.990826,0.011056326,0.011056326
P384,202510251500,2510251632,8,A03,,,VALIDATION,IMAGE,True,,saveTime_2510251632__sessionTime_202510251500__participant_P384__trialN_8__trialT_A03__fileType_cropped.png,1,,saveTime_2510251632__sessionTime_202510251500__participant_P384__trialN_8__trialT_A03__fileType_cropped.png,0.0071380753,0.32241735,0.33124837,0.45740998,0.32326406,0.41383877,0.15504819,0.15504819,0.024924286,0.024924286
P384,202510251500,2510251636,9,1,2.5 Hz,2.5,EXPERIMENTAL,LIGHT,True,,saveTime_2510251636__sessionTime_202510251500__participant_P384__trialN_9__trialT_1__fileType_cropped.png,1,,saveTime_2510251636__sessionTime_202510251500__participant_P384__trialN_9__trialT_1__fileType_cropped.png,0.0058650365,0.26491588,0.12238992,0.16900422,0.49725,0.63657343,0.72081023,0.72081023,0.30352488,0.30352488
P384,202510251500,2510251640,10,5,20 Hz,20.0,EXPERIMENTAL,LIGHT,True,,saveTime_2510251640__sessionTime_202510251500__participant_P384__trialN_10__trialT_5__fileType_cropped.png,1,,saveTime_2510251640__sessionTime_202510251500__participant_P384__trialN_10__trialT_5__fileType_cropped.png,0.0015236826,0.06882271,0.3654441,0.50462973,0.2743515,0.3512215,0.7636964,0.7636964,0.26415634,0.26415634
P384,202510251500,2510251644,11,1,2.5 Hz,2.5,EXPERIMENTAL,LIGHT,True,,saveTime_2510251644__sessionTime_202510251500__participant_P384__trialN_11__trialT_1__fileType_cropped.png,1,,saveTime_2510251644__sessionTime_202510251500__participant_P384__trialN_11__trialT_1__fileType_cropped.png,0.00090378505,0.040822767,0.22831534,0.31527314,0.38914645,0.4981806,0.3791708,0.3791708,0.23979701,0.23979701
P384,202510251500,2510251657,12,B04,,,VALIDATION,IMAGE,True,,saveTime_2510251657__sessionTime_202510251500__participant_P384__trialN_12__trialT_B04__fileType_cropped.png,1,,saveTime_2510251657__sessionTime_202510251500__participant_P384__trialN_12__trialT_B04__fileType_cropped.png,0.026180083,1.1825194,0.54047585,0.7463253,0.28796342,0.3686473,0.3293852,0.3293852,0.21737279,0.21737279
P384,202510251500,2510251702,13,3,10 Hz,10.0,EXPERIMENTAL,LIGHT,True,,saveTime_2510251702__sessionTime_202510251500__participant_P384__trialN_13__trialT_3__fileType_cropped.png,1,,saveTime_2510251702__sessionTime_202510251500__participant_P384__trialN_13__trialT_3__fileType_cropped.png,0.0014654358,0.066191785,0.305361,0.42166296,0.27593964,0.35325462,0.47473195,0.47473195,0.35320354,0.35320354
P384,202510251500,2510251706,14,6,40 Hz,40.0,EXPERIMENTAL,LIGHT,True,,saveTime_2510251706__sessionTime_202510251500__participant_P384__trialN_14__trialT_6__fileType_cropped.png,1,,saveTime_2510251706__sessionTime_202510251500__participant_P384__trialN_14__trialT_6__fileType_cropped.png,0.00319652,0.14438255,0.37418085,0.516694,0.23277704,0.29799837,0.64139044,0.64139044,0.37505087,0.37505087
P384,202510251500,2510251710,15,C10,,,VALIDATION,IMAGE,True,,saveTime_2510251710__sessionTime_202510251500__participant_P384__trialN_15__trialT_C10__fileType_cropped.png,1,,saveTime_2510251710__sessionTime_202510251500__participant_P384__trialN_15__trialT_C10__fileType_cropped.png,0.014978403,0.6765545,0.305005,0.4211714,0.27578497,0.3530566,0.25674132,0.25674132,0.06362044,0.06362044
P384,202510251500,2510251714,16,5,20 Hz,20.0,EXPERIMENTAL,LIGHT,True,,saveTime_2510251714__sessionTime_202510251500__participant_P384__trialN_16__trialT_5__fileType_cropped.png,1,,saveTime_2510251714__sessionTime_202510251500__participant_P384__trialN_16__trialT_5__fileType_cropped.png,0.0027801914,0.12557754,0.2969208,0.4100082,0.27199283,0.34820196,0.60784423,0.60784423,0.2823956,0.2823956
P384,202510251500,2510251718,17,3,10 Hz,10.0,EXPERIMENTAL,LIGHT,True,,saveTime_2510251718__sessionTime_202510251500__participant_P384__trialN_17__trialT_3__fileType_cropped.png,1,,saveTime_2510251718__sessionTime_202510251500__participant_P384__trialN_17__trialT_3__fileType_cropped.png,0.0005488228,0.024789594,0.34040537,0.4700546,0.253905,0.32504612,0.86075634,0.86075634,0.20705944,0.20705944
P385,202510251500,2510251558,2,4,15 Hz,15.0,EXPERIMENTAL,LIGHT,True,,saveTime_2510251558__sessionTime_202510251500__participant_P385__trialN_2__trialT_4__fileType_cropped.png,1,,saveTime_2510251558__sessionTime_202510251500__participant_P385__trialN_2__trialT_4__fileType_cropped.png,0.03490119,1.5764402,0.3418719,0.47207966,0.29945436,0.38335788,0.7447329,0.7447329,0.32813227,0.32813227
P385,202510251500,2510251601,3,6,40 Hz,40.0,EXPERIMENTAL,LIGHT,True,,saveTime_2510251601__sessionTime_202510251500__participant_P385__trialN_3__trialT_6__fileType_cropped.png,1,,saveTime_2510251601__sessionTime_202510251500__participant_P385__trialN_3__trialT_6__fileType_cropped.png,0.0061798384,0.27913508,0.4869665,0.672436,0.13239285,0.16948774,0.8811196,0.8811196,0.17664821,0.17664821
P385,202510251500,2510251605,4,2,5 Hz,5.0,EXPERIMENTAL,LIGHT,True,,saveTime_2510251605__sessionTime_202510251500__participant_P385__trialN_4__trialT_2__fileType_cropped.png,1,,saveTime_2510251605__sessionTime_202510251500__participant_P385__trialN_4__trialT_2__fileType_cropped.png,0.0075480733,0.34093642,0.595491,0.82229394,0.063480966,0.081267565,0.8566078,0.8566078,0.047947004,0.047947004
P385,202510251500,2510251609,5,2,5 Hz,5.0,EXPERIMENTAL,LIGHT,True,,saveTime_2510251609__sessionTime_202510251500__participant_P385__trialN_5__trialT_2__fileType_cropped.png,1,,saveTime_2510251609__sessionTime_202510251500__participant_P385__trialN_5__trialT_2__fileType_cropped.png,0.0022814134,0.1030484,0.76932764,1.0623392,0.03439531,0.044032462,0.9242429,0.9242429,0.22424805,0.22424805
P385,202510251500,2510251625,6,4,15 Hz,15.0,EXPERIMENTAL,LIGHT,True,,saveTime_2510251625__sessionTime_202510251500__participant_P385__trialN_6__trialT_4__fileType_cropped.png,1,,saveTime_2510251625__sessionTime_202510251500__participant_P385__trialN_6__trialT_4__fileType_cropped.png,0.008077353,0.36484328,0.22651398,0.3127857,0.4149638,0.5312317,0.892941,0.892941,0.20189457,0.20189457
P385,202510251500,2510251629,7,7,80 Hz,80.0,CONTROL,LIGHT,True,,saveTime_2510251629__sessionTime_202510251500__participant_P385__trialN_7__trialT_7__fileType_cropped.png,1,,saveTime_2510251629__sessionTime_202510251500__participant_P385__trialN_7__trialT_7__fileType_cropped.png,0.00025961766,0.011726583,0.0031344378,0.004328242,0.8954037,1.146285,0.80019283,0.80019283,0.17624326,0.17624326
P385,202510251500,2510251632,8,A04,,,VALIDATION,IMAGE,True,,saveTime_2510251632__sessionTime_202510251500__participant_P385__trialN_8__trialT_A04__fileType_cropped.png,1,,saveTime_2510251632__sessionTime_202510251500__participant_P385__trialN_8__trialT_A04__fileType_cropped.png,0.008219349,0.37125704,0.53559,0.7395786,0.16446331,0.21054395,0.0062779533,0.0062779533,0.026214516,0.026214516
P385,202510251500,2510251636,9,1,2.5 Hz,2.5,EXPERIMENTAL,LIGHT,True,,saveTime_2510251636__sessionTime_202510251500__participant_P385__trialN_9__trialT_1__fileType_cropped.png,1,,saveTime_2510251636__sessionTime_202510251500__participant_P385__trialN_9__trialT_1__fileType_cropped.png,0.0002800481,0.012649398,0.09022555,0.124589495,0.3315411,0.4244349,0.727597,0.727597,0.119898304,0.119898304
P385,202510251500,2510251640,10,5,20 Hz,20.0,EXPERIMENTAL,LIGHT,True,,saveTime_2510251640__sessionTime_202510251500__participant_P385__trialN_10__trialT_5__fileType_cropped.png,1,,saveTime_2510251640__sessionTime_202510251500__participant_P385__trialN_10__trialT_5__fileType_cropped.png,0.0043557915,0.19674529,0.478007,0.66006416,0.16333157,0.2090951,0.9080156,0.9080156,0.121573664,0.121573664
P385,202510251500,2510251644,11,1,2.5 Hz,2.5,EXPERIMENTAL,LIGHT,True,,saveTime_2510251644__sessionTime_202510251500__participant_P385__trialN_11__trialT_1__fileType_cropped.png,1,,saveTime_2510251644__sessionTime_202510251500__participant_P385__trialN_11__trialT_1__fileType_cropped.png,0.00038150745,0.017232183,0.08788027,0.121350974,0.44228542,0.5662085,0.82087433,0.82087433,0.14460726,0.14460726
P385,202510251500,2510251658,12,B13,,,VALIDATION,IMAGE,True,,saveTime_2510251658__sessionTime_202510251500__participant_P385__trialN_12__trialT_B13__fileType_cropped.png,1,,saveTime_2510251658__sessionTime_202510251500__participant_P385__trialN_12__trialT_B13__fileType_cropped.png,0.006769415,0.30576545,0.5195273,0.71739817,0.13151358,0.1683621,0.7822786,0.7822786,0.23213647,0.23213647
P385,202510251500,2510251702,13,3,10 Hz,10.0,EXPERIMENTAL,LIGHT,True,,saveTime_2510251702__sessionTime_202510251500__participant_P385__trialN_13__trialT_3__fileType_cropped.png,1,,saveTime_2510251702__sessionTime_202510251500__participant_P385__trialN_13__trialT_3__fileType_cropped.png,0.0019256902,0.08698086,0.6786895,0.93718,0.18129319,0.23208936,0.56776685,0.56776685,0.2280312,0.2280312
P385,202510251500,2510251706,14,6,40 Hz,40.0,EXPERIMENTAL,LIGHT,True,,saveTime_2510251706__sessionTime_202510251500__participant_P385__trialN_14__trialT_6__fileType_cropped.png,1,,saveTime_2510251706__sessionTime_202510251500__participant_P385__trialN_14__trialT_6__fileType_cropped.png,0.0008344188,0.037689585,0.17540859,0.24221595,0.49703464,0.63629776,0.7817029,0.7817029,0.23611937,0.23611937
P385,202510251500,2510251709,15,C09,,,VALIDATION,IMAGE,True,,saveTime_2510251709__sessionTime_202510251500__participant_P385__trialN_15__trialT_C09__fileType_cropped.png,1,,saveTime_2510251709__sessionTime_202510251500__participant_P385__trialN_15__trialT_C09__fileType_cropped.png,0.014387365,0.6498581,0.014003876,0.019337492,0.77710825,0.9948446,0.5334816,0.5334816,0.06970288,0.06970288
P385,202510251500,2510251714,16,5,20 Hz,20.0,EXPERIMENTAL,LIGHT,True,,saveTime_2510251714__sessionTime_202510251500__participant_P385__trialN_16__trialT_5__fileType_cropped.png,1,,saveTime_2510251714__sessionTime_202510251500__participant_P385__trialN_16__trialT_5__fileType_cropped.png,0.00079393433,0.035860956,0.49477118,0.68321323,0.18780641,0.24042751,0.92345065,0.92345065,0.1347028,0.1347028
P385,202510251500,2510251718,17,3,10 Hz,10.0,EXPERIMENTAL,LIGHT,True,,saveTime_2510251718__sessionTime_202510251500__participant_P385__trialN_17__trialT_3__fileType_cropped.png,1,,saveTime_2510251718__sessionTime_202510251500__participant_P385__trialN_17__trialT_3__fileType_cropped.png,0.006719449,0.30350855,0.832898,1.1501215,0.018926613,0.024229622,0.7625678,0.7625678,0.2069081,0.2069081
P386,202510261300,2510261358,2,6,40 Hz,40.0,EXPERIMENTAL,LIGHT,True,,saveTime_2510261358__sessionTime_202510261300__participant_P386__trialN_2__trialT_6__fileType_cropped.png,1,,saveTime_2510261358__sessionTime_202510261300__participant_P386__trialN_2__trialT_6__fileType_cropped.png,0.0068238475,0.30822408,0.25167355,0.34752774,0.32015747,0.40986174,0.92874736,0.92874736,0.13258408,0.13258408
P386,202510261300,2510261402,3,7,80 Hz,80.0,CONTROL,LIGHT,True,,saveTime_2510261402__sessionTime_202510261300__participant_P386__trialN_3__trialT_7__fileType_cropped.png,1,,saveTime_2510261402__sessionTime_202510261300__participant_P386__trialN_3__trialT_7__fileType_cropped.png,0.000564026,0.025476303,0.07059197,0.09747813,0.7602627,0.9732792,0.9420413,0.9420413,0.061366294,0.061366294
P386,202510261300,2510261406,4,1,2.5 Hz,2.5,EXPERIMENTAL,LIGHT,True,,saveTime_2510261406__sessionTime_202510261300__participant_P386__trialN_4__trialT_1__fileType_cropped.png,1,,saveTime_2510261406__sessionTime_202510261300__participant_P386__trialN_4__trialT_1__fileType_cropped.png,0.005514675,0.24909051,0.4781376,0.6602445,0.21703999,0.27785197,0.96335495,0.96335495,0.008769247,0.008769247
P386,202510261300,2510261410,5,B14,,,VALIDATION,IMAGE,True,,saveTime_2510261410__sessionTime_202510261300__participant_P386__trialN_5__trialT_B14__fileType_cropped.png,1,,saveTime_2510261410__sessionTime_202510261300__participant_P386__trialN_5__trialT_B14__fileType_cropped.png,0.012728678,0.5749374,0.22847307,0.31549096,0.37264925,0.4770611,0.51647437,0.51647437,0.107576214,0.107576214
P386,202510261300,2510261423,6,C10,,,VALIDATION,IMAGE,True,,saveTime_2510261423__sessionTime_202510261300__participant_P386__trialN_6__trialT_C10__fileType_cropped.png,1,,saveTime_2510261423__sessionTime_202510261300__participant_P386__trialN_6__trialT_C10__fileType_cropped.png,0.005139675,0.23215227,0.26468614,0.3654964,0.3208543,0.41075382,0.30067292,0.30067292,0.04490049,0.04490049
P386,202510261300,2510261427,7,2,5 Hz,5.0,EXPERIMENTAL,LIGHT,True,,saveTime_2510261427__sessionTime_202510261300__participant_P386__trialN_7__trialT_2__fileType_cropped.png,1,,saveTime_2510261427__sessionTime_202510261300__participant_P386__trialN_7__trialT_2__fileType_cropped.png,0.002275808,0.10279521,0.43150672,0.59585345,0.11974502,0.15329614,0.90900284,0.90900284,0.018767722,0.018767722
P386,202510261300,2510261431,8,3,10 Hz,10.0,EXPERIMENTAL,LIGHT,True,,saveTime_2510261431__sessionTime_202510261300__participant_P386__trialN_8__trialT_3__fileType_cropped.png,1,,saveTime_2510261431__sessionTime_202510261300__participant_P386__trialN_8__trialT_3__fileType_cropped.png,0.0053985086,0.24384344,0.2958577,0.40854016,0.29021662,0.37153184,0.9291101,0.9291101,0.03933455,0.03933455
P386,202510261300,2510261435,9,4,15 Hz,15.0,EXPERIMENTAL,LIGHT,True,,saveTime_2510261435__sessionTime_202510261300__participant_P386__trialN_9__trialT_4__fileType_cropped.png,1,,saveTime_2510261435__sessionTime_202510261300__participant_P386__trialN_9__trialT_4__fileType_cropped.png,0.003489049,0.1575957,0.2548755,0.35194921,0.30220786,0.38688287,0.8746804,0.8746804,0.010581094,0.010581094
P386,202510261300,2510261439,10,6,40 Hz,40.0,EXPERIMENTAL,LIGHT,True,,saveTime_2510261439__sessionTime_202510261300__participant_P386__trialN_10__trialT_6__fileType_cropped.png,1,,saveTime_2510261439__sessionTime_202510261300__participant_P386__trialN_10__trialT_6__fileType_cropped.png,0.0048226477,0.21783257,0.24581553,0.3394386,0.33256093,0.4257405,0.88202167,0.88202167,0.030545449,0.030545449
P386,202510261300,2510261443,11,5,20 Hz,20.0,EXPERIMENTAL,LIGHT,True,,saveTime_2510261443__sessionTime_202510261300__participant_P386__trialN_11__trialT_5__fileType_cropped.png,1,,saveTime_2510261443__sessionTime_202510261300__participant_P386__trialN_11__trialT_5__fileType_cropped.png,0.0062538935,0.28248003,0.28537664,0.39406723,0.2825145,0.3616717,0.88415235,0.88415235,0.012343404,0.012343404
P386,202510261300,2510261456,12,A02,,,VALIDATION,IMAGE,True,,saveTime_2510261456__sessionTime_202510261300__participant_P386__trialN_12__trialT_A02__fileType_cropped.png,1,,saveTime_2510261456__sessionTime_202510261300__participant_P386__trialN_12__trialT_A02__fileType_cropped.png,0.0037416802,0.1690067,0.20414206,0.28189307,0.39650178,0.5075968,0.06813645,0.06813645,0.2498467,0.2498467
P386,202510261300,2510261459,13,1,2.5 Hz,2.5,EXPERIMENTAL,LIGHT,True,,saveTime_2510261459__sessionTime_202510261300__participant_P386__trialN_13__trialT_1__fileType_cropped.png,1,,saveTime_2510261459__sessionTime_202510261300__participant_P386__trialN_13__trialT_1__fileType_cropped.png,0.001488816,0.06724783,0.42626783,0.58861923,0.1583675,0.20274016,0.9488935,0.9488935,0.017914902,0.017914902
P386,202510261300,2510261502,14,3,10 Hz,10.0,EXPERIMENTAL,LIGHT,True,,saveTime_2510261502__sessionTime_202510261300__participant_P386__trialN_14__trialT_3__fileType_cropped.png,1,,saveTime_2510261502__sessionTime_202510261300__participant_P386__trialN_14__trialT_3__fileType_cropped.png,0.0055689365,0.25154144,0.29639462,0.40928158,0.2744983,0.35140944,0.9169872,0.9169872,0.016068786,0.016068786
P386,202510261300,2510261506,15,5,20 Hz,20.0,EXPERIMENTAL,LIGHT,True,,saveTime_2510261506__sessionTime_202510261300__participant_P386__trialN_15__trialT_5__fileType_cropped.png,1,,saveTime_2510261506__sessionTime_202510261300__participant_P386__trialN_15__trialT_5__fileType_cropped.png,0.009224324,0.41665038,0.28606296,0.39501494,0.30959606,0.39634115,0.96481246,0.96481246,0.011720072,0.011720072
P386,202510261300,2510261510,16,4,15 Hz,15.0,EXPERIMENTAL,LIGHT,True,,saveTime_2510261510__sessionTime_202510261300__participant_P386__trialN_16__trialT_4__fileType_cropped.png,1,,saveTime_2510261510__sessionTime_202510261300__participant_P386__trialN_16__trialT_4__fileType_cropped.png,0.0060918843,0.27516228,0.35281807,0.48719487,0.18329947,0.23465776,0.96863437,0.96863437,0.015075771,0.015075771
P386,202510261300,2510261513,17,2,5 Hz,5.0,EXPERIMENTAL,LIGHT,True,,saveTime_2510261513__sessionTime_202510261300__participant_P386__trialN_17__trialT_2__fileType_cropped.png,1,,saveTime_2510261513__sessionTime_202510261300__participant_P386__trialN_17__trialT_2__fileType_cropped.png,0.008045103,0.3633866,0.5218241,0.7205698,0.15578485,0.19943388,0.90939033,0.90939033,0.010996098,0.010996098
P387,202510261300,2510261358,2,6,40 Hz,40.0,EXPERIMENTAL,LIGHT,True,,saveTime_2510261358__sessionTime_202510261300__participant_P387__trialN_2__trialT_6__fileType_cropped.png,1,,saveTime_2510261358__sessionTime_202510261300__participant_P387__trialN_2__trialT_6__fileType_cropped.png,0.0019078923,0.086176954,0.1372845,0.18957165,0.5049856,0.64647645,0.8180507,0.8180507,0.04628206,0.04628206
P387,202510261300,2510261401,3,7,80 Hz,80.0,CONTROL,LIGHT,True,,saveTime_2510261401__sessionTime_202510261300__participant_P387__trialN_3__trialT_7__fileType_cropped.png,1,,saveTime_2510261401__sessionTime_202510261300__participant_P387__trialN_3__trialT_7__fileType_cropped.png,0.0003667387,0.0165651,0.45364708,0.62642634,0.10936836,0.14001206,0.93559074,0.93559074,0.051857907,0.051857907
P387,202510261300,2510261405,4,1,2.5 Hz,2.5,EXPERIMENTAL,LIGHT,True,,saveTime_2510261405__sessionTime_202510261300__participant_P387__trialN_4__trialT_1__fileType_cropped.png,1,,saveTime_2510261405__sessionTime_202510261300__participant_P387__trialN_4__trialT_1__fileType_cropped.png,0.00092965504,0.04199128,0.1869775,0.25819108,0.3777733,0.48362085,0.9623871,0.9623871,0.04564218,0.04564218
P387,202510261300,2510261410,5,B13,,,VALIDATION,IMAGE,True,,saveTime_2510261410__sessionTime_202510261300__participant_P387__trialN_5__trialT_B13__fileType_cropped.png,1,,saveTime_2510261410__sessionTime_202510261300__participant_P387__trialN_5__trialT_B13__fileType_cropped.png,0.025188213,1.137718,0.64004594,0.8838184,0.07954575,0.101833515,0.57194555,0.57194555,0.32687578,0.32687578
P387,202510261300,2510261423,6,C14,,,VALIDATION,IMAGE,True,,saveTime_2510261423__sessionTime_202510261300__participant_P387__trialN_6__trialT_C14__fileType_cropped.png,1,,saveTime_2510261423__sessionTime_202510261300__participant_P387__trialN_6__trialT_C14__fileType_cropped.png,0.0085152695,0.38462338,0.2839532,0.39210162,0.31249374,0.40005073,0.47112793,0.47112793,0.068538964,0.068538964
P387,202510261300,2510261427,7,2,5 Hz,5.0,EXPERIMENTAL,LIGHT,True,,saveTime_2510261427__sessionTime_202510261300__participant_P387__trialN_7__trialT_2__fileType_cropped.png,1,,saveTime_2510261427__sessionTime_202510261300__participant_P387__trialN_7__trialT_2__fileType_cropped.png,0.0017397167,0.078580685,0.27013013,0.37301382,0.3038465,0.38898066,0.7331248,0.7331248,0.094358705,0.094358705
P387,202510261300,2510261431,8,3,10 Hz,10.0,EXPERIMENTAL,LIGHT,True,,saveTime_2510261431__sessionTime_202510261300__participant_P387__trialN_8__trialT_3__fileType_cropped.png,1,,saveTime_2510261431__sessionTime_202510261300__participant_P387__trialN_8__trialT_3__fileType_cropped.png,0.0020839062,0.09412727,0.2235274,0.30866164,0.35523763,0.45477095,0.83642083,0.83642083,0.13020316,0.13020316
P387,202510261300,2510261435,9,4,15 Hz,15.0,EXPERIMENTAL,LIGHT,True,,saveTime_2510261435__sessionTime_202510261300__participant_P387__trialN_9__trialT_4__fileType_cropped.png,1,,saveTime_2510261435__sessionTime_202510261300__participant_P387__trialN_9__trialT_4__fileType_cropped.png,0.0010472285,0.047301915,0.30248055,0.41768545,0.27782917,0.35567355,0.7311745,0.7311745,0.085417464,0.085417464
P387,202510261300,2510261439,10,6,40 Hz,40.0,EXPERIMENTAL,LIGHT,True,,saveTime_2510261439__sessionTime_202510261300__participant_P387__trialN_10__trialT_6__fileType_cropped.png,1,,saveTime_2510261439__sessionTime_202510261300__participant_P387__trialN_10__trialT_6__fileType_cropped.png,0.0012209767,0.05514989,0.12399555,0.17122138,0.58852315,0.75342023,0.931983,0.931983,0.03723288,0.03723288
P387,202510261300,2510261442,11,5,20 Hz,20.0,EXPERIMENTAL,LIGHT,True,,saveTime_2510261442__sessionTime_202510261300__participant_P387__trialN_11__trialT_5__fileType_cropped.png,1,,saveTime_2510261442__sessionTime_202510261300__participant_P387__trialN_11__trialT_5__fileType_cropped.png,0.0030675672,0.13855793,0.22132507,0.30562052,0.34524134,0.4419738,0.9254414,0.9254414,0.08981532,0.08981532
P387,202510261300,2510261455,12,A14,,,VALIDATION,IMAGE,True,,saveTime_2510261455__sessionTime_202510261300__participant_P387__trialN_12__trialT_A14__fileType_cropped.png,1,,saveTime_2510261455__sessionTime_202510261300__participant_P387__trialN_12__trialT_A14__fileType_cropped.png,0.0004193169,0.018939985,0.063729405,0.08800184,0.4471376,0.5724202,0.69895613,0.69895613,0.010442444,0.010442444
P387,202510261300,2510261458,13,1,2.5 Hz,2.5,EXPERIMENTAL,LIGHT,True,,saveTime_2510261458__sessionTime_202510261300__participant_P387__trialN_13__trialT_1__fileType_cropped.png,1,,saveTime_2510261458__sessionTime_202510261300__participant_P387__trialN_13__trialT_1__fileType_cropped.png,0.00042694088,0.01928435,0.5740022,0.7926208,0.12031903,0.15403098,0.9340406,0.9340406,0.085494496,0.085494496
P387,202510261300,2510261502,14,3,10 Hz,10.0,EXPERIMENTAL,LIGHT,True,,saveTime_2510261502__sessionTime_202510261300__participant_P387__trialN_14__trialT_3__fileType_cropped.png,1,,saveTime_2510261502__sessionTime_202510261300__participant_P387__trialN_14__trialT_3__fileType_cropped.png,0.0022498765,0.10162392,0.40145987,0.5543627,0.21056092,0.26955757,0.7736057,0.7736057,0.077615395,0.077615395
P387,202510261300,2510261506,15,5,20 Hz,20.0,EXPERIMENTAL,LIGHT,True,,saveTime_2510261506__sessionTime_202510261300__participant_P387__trialN_15__trialT_5__fileType_cropped.png,1,,saveTime_2510261506__sessionTime_202510261300__participant_P387__trialN_15__trialT_5__fileType_cropped.png,0.0020264375,0.091531485,0.17815879,0.24601361,0.41369918,0.5296127,0.8255833,0.8255833,0.03649645,0.03649645
P387,202510261300,2510261510,16,4,15 Hz,15.0,EXPERIMENTAL,LIGHT,True,,saveTime_2510261510__sessionTime_202510261300__participant_P387__trialN_16__trialT_4__fileType_cropped.png,1,,saveTime_2510261510__sessionTime_202510261300__participant_P387__trialN_16__trialT_4__fileType_cropped.png,0.0011149882,0.05036253,0.36971927,0.51053315,0.22866507,0.29273427,0.7528873,0.7528873,0.11813299,0.11813299
P387,202510261300,2510261514,17,2,5 Hz,5.0,EXPERIMENTAL,LIGHT,True,,saveTime_2510261514__sessionTime_202510261300__participant_P387__trialN_17__trialT_2__fileType_cropped.png,1,,saveTime_2510261514__sessionTime_202510261300__participant_P387__trialN_17__trialT_2__fileType_cropped.png,0.00087037915,0.039313868,0.41822076,0.5775073,0.2394871,0.3065885,0.614928,0.614928,0.18773529,0.18773529
P388,202510261300,2510261358,2,6,40 Hz,40.0,EXPERIMENTAL,LIGHT,True,,saveTime_2510261358__sessionTime_202510261300__participant_P388__trialN_2__trialT_6__fileType_cropped.png,1,,saveTime_2510261358__sessionTime_202510261300__participant_P388__trialN_2__trialT_6__fileType_cropped.png,0.002148213,0.09703192,0.07628193,0.105335206,0.68221265,0.8733604,0.92288554,0.92288554,0.054316994,0.054316994
P388,202510261300,2510261401,3,7,80 Hz,80.0,CONTROL,LIGHT,True,,saveTime_2510261401__sessionTime_202510261300__participant_P388__trialN_3__trialT_7__fileType_cropped.png,1,,saveTime_2510261401__sessionTime_202510261300__participant_P388__trialN_3__trialT_7__fileType_cropped.png,0.0003758156,0.01697509,0.14703394,0.20303434,0.49553686,0.63438034,0.8336511,0.8336511,0.12716562,0.12716562
P388,202510261300,2510261405,4,1,2.5 Hz,2.5,EXPERIMENTAL,LIGHT,True,,saveTime_2510261405__sessionTime_202510261300__participant_P388__trialN_4__trialT_1__fileType_cropped.png,1,,saveTime_2510261405__sessionTime_202510261300__participant_P388__trialN_4__trialT_1__fileType_cropped.png,0.00037722578,0.017038785,0.0035196817,0.004860213,0.9042205,1.1575723,0.84871036,0.84871036,0.12636796,0.12636796
P388,202510261300,2510261409,5,B08,,,VALIDATION,IMAGE,True,,saveTime_2510261409__sessionTime_202510261300__participant_P388__trialN_5__trialT_B08__fileType_cropped.png,1,,saveTime_2510261409__sessionTime_202510261300__participant_P388__trialN_5__trialT_B08__fileType_cropped.png,0.0070517496,0.31851813,0.8077175,1.1153505,0.015214557,0.019477492,0.3543582,0.3543582,0.14344761,0.14344761
P388,202510261300,2510261423,6,C10,,,VALIDATION,IMAGE,True,,saveTime_2510261423__sessionTime_202510261300__participant_P388__trialN_6__trialT_C10__fileType_cropped.png,1,,saveTime_2510261423__sessionTime_202510261300__participant_P388__trialN_6__trialT_C10__fileType_cropped.png,0.0037616573,0.16990905,0.30489355,0.4210175,0.2700414,0.34570375,0.28019074,0.28019074,0.14639491,0.14639491
P388,202510261300,2510261427,7,2,5 Hz,5.0,EXPERIMENTAL,LIGHT,True,,saveTime_2510261427__sessionTime_202510261300__participant_P388__trialN_7__trialT_2__fileType_cropped.png,1,,saveTime_2510261427__sessionTime_202510261300__participant_P388__trialN_7__trialT_2__fileType_cropped.png,0.00066602114,0.030083288,0.17483018,0.24141726,0.37699676,0.4826267,0.5864325,0.5864325,0.21532905,0.21532905
P388,202510261300,2510261431,8,3,10 Hz,10.0,EXPERIMENTAL,LIGHT,True,,saveTime_2510261431__sessionTime_202510261300__participant_P388__trialN_8__trialT_3__fileType_cropped.png,1,,saveTime_2510261431__sessionTime_202510261300__participant_P388__trialN_8__trialT_3__fileType_cropped.png,0.00074394094,0.03360282,0.56341976,0.7780078,0.107149705,0.13717176,0.75827724,0.75827724,0.14119935,0.14119935
P388,202510261300,2510261435,9,4,15 Hz,15.0,EXPERIMENTAL,LIGHT,True,,saveTime_2510261435__sessionTime_202510261300__participant_P388__trialN_9__trialT_4__fileType_cropped.png,1,,saveTime_2510261435__sessionTime_202510261300__participant_P388__trialN_9__trialT_4__fileType_cropped.png,0.0014639312,0.06612382,0.7487724,1.0339552,0.045473993,0.058215257,0.48479185,0.48479185,0.150628,0.150628
P388,202510261300,2510261440,10,6,40 Hz,40.0,EXPERIMENTAL,LIGHT,True,,saveTime_2510261440__sessionTime_202510261300__participant_P388__trialN_10__trialT_6__fileType_cropped.png,1,,saveTime_2510261440__sessionTime_202510261300__participant_P388__trialN_10__trialT_6__fileType_cropped.png,0.0024228857,0.109438516,0.28381246,0.3919073,0.2828598,0.3621137,0.58352846,0.58352846,0.14535028,0.14535028
P388,202510261300,2510261442,11,5,20 Hz,20.0,EXPERIMENTAL,LIGHT,True,,saveTime_2510261442__sessionTime_202510261300__participant_P388__trialN_11__trialT_5__fileType_cropped.png,1,,saveTime_2510261442__sessionTime_202510261300__participant_P388__trialN_11__trialT_5__fileType_cropped.png,0.0025903827,0.117004134,0.55667853,0.7686991,0.07138315,0.091383845,0.692052,0.692052,0.14191668,0.14191668
P388,202510261300,2510261454,12,A05,,,VALIDATION,IMAGE,True,,saveTime_2510261454__sessionTime_202510261300__participant_P388__trialN_12__trialT_A05__fileType_cropped.png,1,,saveTime_2510261454__sessionTime_202510261300__participant_P388__trialN_12__trialT_A05__fileType_cropped.png,0.010309479,0.46566543,0.0048768832,0.006734328,0.87024325,1.114075,0.37926188,0.37926188,0.0987527,0.0987527
P388,202510261300,2510261458,13,1,2.5 Hz,2.5,EXPERIMENTAL,LIGHT,True,,saveTime_2510261458__sessionTime_202510261300__participant_P388__trialN_13__trialT_1__fileType_cropped.png,1,,saveTime_2510261458__sessionTime_202510261300__participant_P388__trialN_13__trialT_1__fileType_cropped.png,0.00030340248,0.013704286,0.6551829,0.90472054,0.062525064,0.08004384,0.26248497,0.26248497,0.04681505,0.04681505
P388,202510261300,2510261502,14,3,10 Hz,10.0,EXPERIMENTAL,LIGHT,True,,saveTime_2510261502__sessionTime_202510261300__participant_P388__trialN_14__trialT_3__fileType_cropped.png,1,,saveTime_2510261502__sessionTime_202510261300__participant_P388__trialN_14__trialT_3__fileType_cropped.png,0.0024271153,0.109629564,0.4255916,0.5876854,0.21261314,0.2721848,0.51350003,0.51350003,0.04457281,0.04457281
P388,202510261300,2510261506,15,5,20 Hz,20.0,EXPERIMENTAL,LIGHT,True,,saveTime_2510261506__sessionTime_202510261300__participant_P388__trialN_15__trialT_5__fileType_cropped.png,1,,saveTime_2510261506__sessionTime_202510261300__participant_P388__trialN_15__trialT_5__fileType_cropped.png,0.0017832855,0.08054863,0.43765527,0.6043438,0.17337541,0.22195312,0.49830094,0.49830094,0.15820138,0.15820138
P388,202510261300,2510261510,16,4,15 Hz,15.0,EXPERIMENTAL,LIGHT,True,,saveTime_2510261510__sessionTime_202510261300__participant_P388__trialN_16__trialT_4__fileType_cropped.png,1,,saveTime_2510261510__sessionTime_202510261300__participant_P388__trialN_16__trialT_4__fileType_cropped.png,0.0011536118,0.052107107,0.36905167,0.5096113,0.2425167,0.31046695,0.5957469,0.5957469,0.07576418,0.07576418
P388,202510261300,2510261513,17,2,5 Hz,5.0,EXPERIMENTAL,LIGHT,True,,saveTime_2510261513__sessionTime_202510261300__participant_P388__trialN_17__trialT_2__fileType_cropped.png,1,,saveTime_2510261513__sessionTime_202510261300__participant_P388__trialN_17__trialT_2__fileType_cropped.png,0.00075435475,0.0340732,0.241361,0.33328748,0.31887537,0.4082204,0.6699844,0.6699844,0.14418209,0.14418209
P389,202510261300,2510261358,2,6,40 Hz,40.0,EXPERIMENTAL,LIGHT,True,,saveTime_2510261358__sessionTime_202510261300__participant_P389__trialN_2__trialT_6__fileType_cropped.png,1,,saveTime_2510261358__sessionTime_202510261300__participant_P389__trialN_2__trialT_6__fileType_cropped.png,0.00067401223,0.030444235,0.2874521,0.39693317,0.2755348,0.35273635,0.83420175,0.83420175,0.055690035,0.055690035
P389,202510261300,2510261400,3,7,80 Hz,80.0,CONTROL,LIGHT,True,,saveTime_2510261400__sessionTime_202510261300__participant_P389__trialN_3__trialT_7__fileType_cropped.png,1,,saveTime_2510261400__sessionTime_202510261300__participant_P389__trialN_3__trialT_7__fileType_cropped.png,0.00061755127,0.027893968,0.012925947,0.017849015,0.88387537,1.1315266,0.8411605,0.8411605,0.0822656,0.0822656
P389,202510261300,2510261405,4,1,2.5 Hz,2.5,EXPERIMENTAL,LIGHT,True,,saveTime_2510261405__sessionTime_202510261300__participant_P389__trialN_4__trialT_1__fileType_cropped.png,1,,saveTime_2510261405__sessionTime_202510261300__participant_P389__trialN_4__trialT_1__fileType_cropped.png,2.1980828e-05,0.0009928447,0.28556016,0.39432064,0.28695914,0.36736163,0.10724389,0.10724389,0.039065324,0.039065324
P389,202510261300,2510261408,5,B01,,,VALIDATION,IMAGE,True,,saveTime_2510261408__sessionTime_202510261300__participant_P389__trialN_5__trialT_B01__fileType_cropped.png,1,,saveTime_2510261408__sessionTime_202510261300__participant_P389__trialN_5__trialT_B01__fileType_cropped.png,0.0059526996,0.2688755,0.30045375,0.4148867,0.31782988,0.406882,0.21759094,0.21759094,0.17331643,0.17331643
P389,202510261300,2510261422,6,C01,,,VALIDATION,IMAGE,True,,saveTime_2510261422__sessionTime_202510261300__participant_P389__trialN_6__trialT_C01__fileType_cropped.png,1,,saveTime_2510261422__sessionTime_202510261300__participant_P389__trialN_6__trialT_C01__fileType_cropped.png,0.006839979,0.30895272,0.80662787,1.113846,0.011964862,0.015317272,0.20035282,0.20035282,0.06872554,0.06872554
P389,202510261300,2510261427,7,2,5 Hz,5.0,EXPERIMENTAL,LIGHT,True,,saveTime_2510261427__sessionTime_202510261300__participant_P389__trialN_7__trialT_2__fileType_cropped.png,1,,saveTime_2510261427__sessionTime_202510261300__participant_P389__trialN_7__trialT_2__fileType_cropped.png,0.0004950437,0.022360465,0.30552116,0.42188412,0.21821742,0.2793593,0.9151756,0.9151756,0.22213809,0.22213809
P389,202510261300,2510261430,8,3,10 Hz,10.0,EXPERIMENTAL,LIGHT,True,,saveTime_2510261430__sessionTime_202510261300__participant_P389__trialN_8__trialT_3__fileType_cropped.png,1,,saveTime_2510261430__sessionTime_202510261300__participant_P389__trialN_8__trialT_3__fileType_cropped.png,0.00047280316,0.021355888,0.09799695,0.13532077,0.4830095,0.61834294,0.8470633,0.8470633,0.10085403,0.10085403
P389,202510261300,2510261434,9,4,15 Hz,15.0,EXPERIMENTAL,LIGHT,True,,saveTime_2510261434__sessionTime_202510261300__participant_P389__trialN_9__trialT_4__fileType_cropped.png,1,,saveTime_2510261434__sessionTime_202510261300__participant_P389__trialN_9__trialT_4__fileType_cropped.png,0.0005450144,0.024617573,0.16997144,0.23470797,0.34457138,0.44111612,0.69449574,0.69449574,0.10344015,0.10344015
P389,202510261300,2510261437,10,6,40 Hz,40.0,EXPERIMENTAL,LIGHT,True,,saveTime_2510261437__sessionTime_202510261300__participant_P389__trialN_10__trialT_6__fileType_cropped.png,1,,saveTime_2510261437__sessionTime_202510261300__participant_P389__trialN_10__trialT_6__fileType_cropped.png,0.0014327383,0.06471488,0.26171535,0.36139414,0.3275586,0.4193366,0.8819088,0.8819088,0.018511761,0.018511761
P389,202510261300,2510261442,11,5,20 Hz,20.0,EXPERIMENTAL,LIGHT,True,,saveTime_2510261442__sessionTime_202510261300__participant_P389__trialN_11__trialT_5__fileType_cropped.png,1,,saveTime_2510261442__sessionTime_202510261300__participant_P389__trialN_11__trialT_5__fileType_cropped.png,0.003397673,0.15346836,0.26545116,0.36655277,0.29516333,0.37786454,0.90977204,0.90977204,0.16565092,0.16565092
P389,202510261300,2510261454,12,A07,,,VALIDATION,IMAGE,True,,saveTime_2510261454__sessionTime_202510261300__participant_P389__trialN_12__trialT_A07__fileType_cropped.png,1,,saveTime_2510261454__sessionTime_202510261300__participant_P389__trialN_12__trialT_A07__fileType_cropped.png,0.011486959,0.5188506,0.6394941,0.8830564,0.028562402,0.036565244,0.13560683,0.13560683,0.073028885,0.073028885
P389,202510261300,2510261458,13,1,2.5 Hz,2.5,EXPERIMENTAL,LIGHT,True,,saveTime_2510261458__sessionTime_202510261300__participant_P389__trialN_13__trialT_1__fileType_cropped.png,1,,saveTime_2510261458__sessionTime_202510261300__participant_P389__trialN_13__trialT_1__fileType_cropped.png,0.00038237037,0.01727116,0.013357221,0.018444547,0.7603141,0.973345,0.8389334,0.8389334,0.09480683,0.09480683
P389,202510261300,2510261501,14,3,10 Hz,10.0,EXPERIMENTAL,LIGHT,True,,saveTime_2510261501__sessionTime_202510261300__participant_P389__trialN_14__trialT_3__fileType_cropped.png,1,,saveTime_2510261501__sessionTime_202510261300__participant_P389__trialN_14__trialT_3__fileType_cropped.png,0.0027971861,0.12634517,0.41540337,0.57361686,0.22834195,0.2923206,0.8046153,0.8046153,0.28094098,0.28094098
P389,202510261300,2510261505,15,5,20 Hz,20.0,EXPERIMENTAL,LIGHT,True,,saveTime_2510261505__sessionTime_202510261300__participant_P389__trialN_15__trialT_5__fileType_cropped.png,1,,saveTime_2510261505__sessionTime_202510261300__participant_P389__trialN_15__trialT_5__fileType_cropped.png,0.0023790156,0.10745696,0.12963888,0.17901407,0.5259877,0.6733631,0.8227459,0.8227459,0.033355262,0.033355262
P389,202510261300,2510261509,16,4,15 Hz,15.0,EXPERIMENTAL,LIGHT,True,,saveTime_2510261509__sessionTime_202510261300__participant_P389__trialN_16__trialT_4__fileType_cropped.png,1,,saveTime_2510261509__sessionTime_202510261300__participant_P389__trialN_16__trialT_4__fileType_cropped.png,0.00062831875,0.028380321,0.105641544,0.14587693,0.49149343,0.629204,0.922551,0.922551,0.051876433,0.051876433
P389,202510261300,2510261513,17,2,5 Hz,5.0,EXPERIMENTAL,LIGHT,True,,saveTime_2510261513__sessionTime_202510261300__participant_P389__trialN_17__trialT_2__fileType_cropped.png,1,,saveTime_2510261513__sessionTime_202510261300__participant_P389__trialN_17__trialT_2__fileType_cropped.png,0.0005201663,0.023495218,0.35206068,0.486149,0.25253192,0.32328832,0.8561537,0.8561537,0.08571637,0.08571637
P390,202510261300,2510261358,2,6,40 Hz,40.0,EXPERIMENTAL,LIGHT,True,,saveTime_2510261358__sessionTime_202510261300__participant_P390__trialN_2__trialT_6__fileType_cropped.png,1,,saveTime_2510261358__sessionTime_202510261300__participant_P390__trialN_2__trialT_6__fileType_cropped.png,0.0009837076,0.044432763,0.24276938,0.33523226,0.2628772,0.33653224,0.5375224,0.5375224,0.18356016,0.18356016
P390,202510261300,2510261401,3,7,80 Hz,80.0,CONTROL,LIGHT,True,,saveTime_2510261401__sessionTime_202510261300__participant_P390__trialN_3__trialT_7__fileType_cropped.png,1,,saveTime_2510261401__sessionTime_202510261300__participant_P390__trialN_3__trialT_7__fileType_cropped.png,0.0002659643,0.012013253,0.0632786,0.08737934,0.7154189,0.9158706,0.6648868,0.6648868,0.1914464,0.1914464
P390,202510261300,2510261406,4,1,2.5 Hz,2.5,EXPERIMENTAL,LIGHT,True,,saveTime_2510261406__sessionTime_202510261300__participant_P390__trialN_4__trialT_1__fileType_cropped.png,1,,saveTime_2510261406__sessionTime_202510261300__participant_P390__trialN_4__trialT_1__fileType_cropped.png,0.00016625367,0.0075094565,0.48843497,0.6744638,0.15510696,0.19856606,0.49645185,0.49645185,0.4437865,0.4437865
P390,202510261300,2510261409,5,B06,,,VALIDATION,IMAGE,True,,saveTime_2510261409__sessionTime_202510261300__participant_P390__trialN_5__trialT_B06__fileType_cropped.png,1,,saveTime_2510261409__sessionTime_202510261300__participant_P390__trialN_5__trialT_B06__fileType_cropped.png,0.0021537056,0.09728001,0.38597882,0.53298545,0.19651887,0.2515811,0.47115508,0.47115508,0.13976057,0.13976057
P390,202510261300,2510261423,6,C05,,,VALIDATION,IMAGE,True,,saveTime_2510261423__sessionTime_202510261300__participant_P390__trialN_6__trialT_C05__fileType_cropped.png,1,,saveTime_2510261423__sessionTime_202510261300__participant_P390__trialN_6__trialT_C05__fileType_cropped.png,0.005652982,0.25533766,0.32144752,0.44387633,0.2471951,0.3164562,0.20537359,0.20537359,0.104267724,0.104267724
P390,202510261300,2510261428,7,2,5 Hz,5.0,EXPERIMENTAL,LIGHT,True,,saveTime_2510261428__sessionTime_202510261300__participant_P390__trialN_7__trialT_2__fileType_cropped.png,1,,saveTime_2510261428__sessionTime_202510261300__participant_P390__trialN_7__trialT_2__fileType_cropped.png,0.0055971025,0.25281367,0.7990611,1.1033973,0.048207115,0.06171417,0.116889715,0.116889715,0.31880924,0.31880924
P390,202510261300,2510261430,8,3,10 Hz,10.0,EXPERIMENTAL,LIGHT,True,,saveTime_2510261430__sessionTime_202510261300__participant_P390__trialN_8__trialT_3__fileType_cropped.png,1,,saveTime_2510261430__sessionTime_202510261300__participant_P390__trialN_8__trialT_3__fileType_cropped.png,0.0006461467,0.029185586,0.33137307,0.45758218,0.27249673,0.34884703,0.4733984,0.4733984,0.16970807,0.16970807
P390,202510261300,2510261434,9,4,15 Hz,15.0,EXPERIMENTAL,LIGHT,True,,saveTime_2510261434__sessionTime_202510261300__participant_P390__trialN_9__trialT_4__fileType_cropped.png,1,,saveTime_2510261434__sessionTime_202510261300__participant_P390__trialN_9__trialT_4__fileType_cropped.png,0.00064335845,0.029059643,0.27810624,0.38402778,0.27212188,0.34836715,0.5360548,0.5360548,0.101098925,0.101098925
P390,202510261300,2510261438,10,6,40 Hz,40.0,EXPERIMENTAL,LIGHT,True,,saveTime_2510261438__sessionTime_202510261300__participant_P390__trialN_10__trialT_6__fileType_cropped.png,1,,saveTime_2510261438__sessionTime_202510261300__participant_P390__trialN_10__trialT_6__fileType_cropped.png,0.00041988867,0.018965812,0.2927366,0.40423033,0.27817687,0.35611868,0.36158133,0.36158133,0.114400044,0.114400044
P390,202510261300,2510261443,11,5,20 Hz,20.0,EXPERIMENTAL,LIGHT,True,,saveTime_2510261443__sessionTime_202510261300__participant_P390__trialN_11__trialT_5__fileType_cropped.png,1,,saveTime_2510261443__sessionTime_202510261300__participant_P390__trialN_11__trialT_5__fileType_cropped.png,0.0007446159,0.033633307,0.39500096,0.54544383,0.18905035,0.24201998,0.28915232,0.28915232,0.068035685,0.068035685
P390,202510261300,2510261454,12,A04,,,VALIDATION,IMAGE,True,,saveTime_2510261454__sessionTime_202510261300__participant_P390__trialN_12__trialT_A04__fileType_cropped.png,1,,saveTime_2510261454__sessionTime_202510261300__participant_P390__trialN_12__trialT_A04__fileType_cropped.png,0.010981037,0.4959988,0.6126675,0.8460124,0.15019284,0.19227506,0.012859992,0.012859992,0.04208335,0.04208335
P390,202510261300,2510261459,13,1,2.5 Hz,2.5,EXPERIMENTAL,LIGHT,True,,saveTime_2510261459__sessionTime_202510261300__participant_P390__trialN_13__trialT_1__fileType_cropped.png,1,,saveTime_2510261459__sessionTime_202510261300__participant_P390__trialN_13__trialT_1__fileType_cropped.png,0.00033011293,0.014910761,0.24659954,0.3405212,0.34322774,0.43939602,0.5564426,0.5564426,0.29509494,0.29509494
P390,202510261300,2510261502,14,3,10 Hz,10.0,EXPERIMENTAL,LIGHT,True,,saveTime_2510261502__sessionTime_202510261300__participant_P390__trialN_14__trialT_3__fileType_cropped.png,1,,saveTime_2510261502__sessionTime_202510261300__participant_P390__trialN_14__trialT_3__fileType_cropped.png,0.0015912924,0.071876556,0.3002303,0.41457814,0.3041844,0.3894132,0.92048043,0.92048043,0.12859493,0.12859493
P390,202510261300,2510261507,15,5,20 Hz,20.0,EXPERIMENTAL,LIGHT,True,,saveTime_2510261507__sessionTime_202510261300__participant_P390__trialN_15__trialT_5__fileType_cropped.png,1,,saveTime_2510261507__sessionTime_202510261300__participant_P390__trialN_15__trialT_5__fileType_cropped.png,0.0013132103,0.05931596,0.23751295,0.3279738,0.3612235,0.46243396,0.8807612,0.8807612,0.15238996,0.15238996
P390,202510261300,2510261510,16,4,15 Hz,15.0,EXPERIMENTAL,LIGHT,True,,saveTime_2510261510__sessionTime_202510261300__participant_P390__trialN_16__trialT_4__fileType_cropped.png,1,,saveTime_2510261510__sessionTime_202510261300__participant_P390__trialN_16__trialT_4__fileType_cropped.png,0.00031422588,0.014193164,0.15947556,0.22021456,0.5132609,0.6570704,0.6338094,0.6338094,0.3992807,0.3992807
P390,202510261300,2510261514,17,2,5 Hz,5.0,EXPERIMENTAL,LIGHT,True,,saveTime_2510261514__sessionTime_202510261300__participant_P390__trialN_17__trialT_2__fileType_cropped.png,1,,saveTime_2510261514__sessionTime_202510261300__participant_P390__trialN_17__trialT_2__fileType_cropped.png,0.0010666094,0.048177324,0.076216735,0.10524518,0.4867814,0.6231717,0.9631481,0.9631481,0.087881245,0.087881245
P391,202510261600,2510261652,2,6,40 Hz,40.0,EXPERIMENTAL,LIGHT,True,,saveTime_2510261652__sessionTime_202510261600__participant_P391__trialN_2__trialT_6__fileType_cropped.png,1,,saveTime_2510261652__sessionTime_202510261600__participant_P391__trialN_2__trialT_6__fileType_cropped.png,0.0022034184,0.099525474,0.17099366,0.23611952,0.4447563,0.56937164,0.9089447,0.9089447,0.0693601,0.0693601
P391,202510261600,2510261657,3,4,15 Hz,15.0,EXPERIMENTAL,LIGHT,True,,saveTime_2510261657__sessionTime_202510261600__participant_P391__trialN_3__trialT_4__fileType_cropped.png,1,,saveTime_2510261657__sessionTime_202510261600__participant_P391__trialN_3__trialT_4__fileType_cropped.png,0.0053604413,0.24212399,0.6580191,0.908637,0.0793599,0.10159559,0.9272443,0.9272443,0.06523036,0.06523036
P391,202510261600,2510261700,4,1,2.5 Hz,2.5,EXPERIMENTAL,LIGHT,True,,saveTime_2510261700__sessionTime_202510261600__participant_P391__trialN_4__trialT_1__fileType_cropped.png,1,,saveTime_2510261700__sessionTime_202510261600__participant_P391__trialN_4__trialT_1__fileType_cropped.png,0.00025156455,0.011362835,0.0048990836,0.0067649838,0.91102165,1.166279,0.9336586,0.9336586,0.12189981,0.12189981
P391,202510261600,2510261705,5,4,15 Hz,15.0,EXPERIMENTAL,LIGHT,True,,saveTime_2510261705__sessionTime_202510261600__participant_P391__trialN_5__trialT_4__fileType_cropped.png,1,,saveTime_2510261705__sessionTime_202510261600__participant_P391__trialN_5__trialT_4__fileType_cropped.png,0.0057835514,0.2612353,0.2519191,0.3478668,0.34568462,0.4425413,0.8869361,0.8869361,0.09051552,0.09051552
P391,202510261600,2510261716,6,B00,,,VALIDATION,IMAGE,True,,saveTime_2510261716__sessionTime_202510261600__participant_P391__trialN_6__trialT_B00__fileType_cropped.png,1,,saveTime_2510261716__sessionTime_202510261600__participant_P391__trialN_6__trialT_B00__fileType_cropped.png,0.021733867,0.9816898,0.3198678,0.44169492,0.5300524,0.67856675,0.6192737,0.6192737,0.048425436,0.048425436
P391,202510261600,2510261720,7,5,20 Hz,20.0,EXPERIMENTAL,LIGHT,True,,saveTime_2510261720__sessionTime_202510261600__participant_P391__trialN_7__trialT_5__fileType_cropped.png,1,,saveTime_2510261720__sessionTime_202510261600__participant_P391__trialN_7__trialT_5__fileType_cropped.png,0.0054793186,0.24749352,0.76614124,1.0579393,0.033201937,0.04250472,0.92840725,0.92840725,0.06520559,0.06520559
P391,202510261600,2510261725,8,3,10 Hz,10.0,EXPERIMENTAL,LIGHT,True,,saveTime_2510261725__sessionTime_202510261600__participant_P391__trialN_8__trialT_3__fileType_cropped.png,1,,saveTime_2510261725__sessionTime_202510261600__participant_P391__trialN_8__trialT_3__fileType_cropped.png,0.0047764224,0.21574463,0.5346427,0.7382705,0.108329125,0.13868164,0.93728924,0.93728924,0.08218537,0.08218537
P391,202510261600,2510261729,9,5,20 Hz,20.0,EXPERIMENTAL,LIGHT,True,,saveTime_2510261729__sessionTime_202510261600__participant_P391__trialN_9__trialT_5__fileType_cropped.png,1,,saveTime_2510261729__sessionTime_202510261600__participant_P391__trialN_9__trialT_5__fileType_cropped.png,0.0082642445,0.3732849,0.31700087,0.43773606,0.27479237,0.3517859,0.8911729,0.8911729,0.12644039,0.12644039
P391,202510261600,2510261733,10,6,40 Hz,40.0,EXPERIMENTAL,LIGHT,True,,saveTime_2510261733__sessionTime_202510261600__participant_P391__trialN_10__trialT_6__fileType_cropped.png,1,,saveTime_2510261733__sessionTime_202510261600__participant_P391__trialN_10__trialT_6__fileType_cropped.png,0.0010705332,0.048354555,0.41141376,0.5681077,0.16570334,0.21213143,0.93126035,0.93126035,0.067307,0.067307
P391,202510261600,2510261737,11,3,10 Hz,10.0,EXPERIMENTAL,LIGHT,True,,saveTime_2510261737__sessionTime_202510261600__participant_P391__trialN_11__trialT_3__fileType_cropped.png,1,,saveTime_2510261737__sessionTime_202510261600__participant_P391__trialN_11__trialT_3__fileType_cropped.png,0.0036602668,0.16532937,0.17886338,0.24698655,0.423521,0.5421865,0.90194505,0.90194505,0.09398269,0.09398269
P391,202510261600,2510261750,12,C00,,,VALIDATION,IMAGE,True,,saveTime_2510261750__sessionTime_202510261600__participant_P391__trialN_12__trialT_C00__fileType_cropped.png,1,,saveTime_2510261750__sessionTime_202510261600__participant_P391__trialN_12__trialT_C00__fileType_cropped.png,0.02558766,1.1557604,0.671783,0.927643,0.1616675,0.20696478,0.43003607,0.43003607,0.117273726,0.117273726
P391,202510261600,2510261755,13,7,80 Hz,80.0,CONTROL,LIGHT,True,,saveTime_2510261755__sessionTime_202510261600__participant_P391__trialN_13__trialT_7__fileType_cropped.png,1,,saveTime_2510261755__sessionTime_202510261600__participant_P391__trialN_13__trialT_7__fileType_cropped.png,0.029641246,1.3388556,0.23760739,0.32810423,0.3471008,0.44435427,0.8449001,0.8449001,0.03715329,0.03715329
P391,202510261600,2510261800,14,2,5 Hz,5.0,EXPERIMENTAL,LIGHT,True,,saveTime_2510261800__sessionTime_202510261600__participant_P391__trialN_14__trialT_2__fileType_cropped.png,1,,saveTime_2510261800__sessionTime_202510261600__participant_P391__trialN_14__trialT_2__fileType_cropped.png,0.0014933995,0.06745487,0.27711153,0.3826542,0.3290531,0.42124984,0.9284884,0.9284884,0.069351286,0.069351286
P391,202510261600,2510261802,15,A12,,,VALIDATION,IMAGE,True,,saveTime_2510261802__sessionTime_202510261600__participant_P391__trialN_15__trialT_A12__fileType_cropped.png,1,,saveTime_2510261802__sessionTime_202510261600__participant_P391__trialN_15__trialT_A12__fileType_cropped.png,0.0031610113,0.14277866,0.30103824,0.4156938,0.25044593,0.32061785,0.63330865,0.63330865,0.32417887,0.32417887
P391,202510261600,2510261806,16,2,5 Hz,5.0,EXPERIMENTAL,LIGHT,True,,saveTime_2510261806__sessionTime_202510261600__participant_P391__trialN_16__trialT_2__fileType_cropped.png,1,,saveTime_2510261806__sessionTime_202510261600__participant_P391__trialN_16__trialT_2__fileType_cropped.png,0.0014859334,0.06711763,0.323819,0.44715104,0.2059555,0.26366177,0.95669407,0.95669407,0.08691275,0.08691275
P391,202510261600,2510261810,17,1,2.5 Hz,2.5,EXPERIMENTAL,LIGHT,True,,saveTime_2510261810__sessionTime_202510261600__participant_P391__trialN_17__trialT_1__fileType_cropped.png,1,,saveTime_2510261810__sessionTime_202510261600__participant_P391__trialN_17__trialT_1__fileType_cropped.png,0.0005554479,0.025088841,0.19312266,0.26667672,0.4961552,0.6351719,0.89841944,0.89841944,0.09449452,0.09449452
P392,202510261600,2510261652,2,6,40 Hz,40.0,EXPERIMENTAL,LIGHT,True,,saveTime_2510261652__sessionTime_202510261600__participant_P392__trialN_2__trialT_6__fileType_cropped.png,1,,saveTime_2510261652__sessionTime_202510261600__participant_P392__trialN_2__trialT_6__fileType_cropped.png,0.0014330719,0.06472995,0.20098276,0.2775305,0.3809589,0.48769903,0.93007976,0.93007976,0.037025657,0.037025657
P392,202510261600,2510261656,3,4,15 Hz,15.0,EXPERIMENTAL,LIGHT,True,,saveTime_2510261656__sessionTime_202510261600__participant_P392__trialN_3__trialT_4__fileType_cropped.png,1,,saveTime_2510261656__sessionTime_202510261600__participant_P392__trialN_3__trialT_4__fileType_cropped.png,0.0021793984,0.09844052,0.45293424,0.62544197,0.17459482,0.22351418,0.92269623,0.92269623,0.034534097,0.034534097
P392,202510261600,2510261700,4,1,2.5 Hz,2.5,EXPERIMENTAL,LIGHT,True,,saveTime_2510261700__sessionTime_202510261600__participant_P392__trialN_4__trialT_1__fileType_cropped.png,1,,saveTime_2510261700__sessionTime_202510261600__participant_P392__trialN_4__trialT_1__fileType_cropped.png,0.000781825,0.035313994,0.019704273,0.027208982,0.80752504,1.0337838,0.8236795,0.8236795,0.07931737,0.07931737
P392,202510261600,2510261705,5,4,15 Hz,15.0,EXPERIMENTAL,LIGHT,True,,saveTime_2510261705__sessionTime_202510261600__participant_P392__trialN_5__trialT_4__fileType_cropped.png,1,,saveTime_2510261705__sessionTime_202510261600__participant_P392__trialN_5__trialT_4__fileType_cropped.png,0.0018424877,0.08322272,0.28510886,0.39369747,0.28332844,0.36271366,0.8519559,0.8519559,0.06859008,0.06859008
P392,202510261600,2510261716,6,B01,,,VALIDATION,IMAGE,True,,saveTime_2510261716__sessionTime_202510261600__participant_P392__trialN_6__trialT_B01__fileType_cropped.png,1,,saveTime_2510261716__sessionTime_202510261600__participant_P392__trialN_6__trialT_B01__fileType_cropped.png,0.0060009053,0.2710529,0.3517248,0.48568523,0.27151036,0.3475843,0.2621356,0.2621356,0.16500224,0.16500224
P392,202510261600,2510261720,7,5,20 Hz,20.0,EXPERIMENTAL,LIGHT,True,,saveTime_2510261720__sessionTime_202510261600__participant_P392__trialN_7__trialT_5__fileType_cropped.png,1,,saveTime_2510261720__sessionTime_202510261600__participant_P392__trialN_7__trialT_5__fileType_cropped.png,0.0017875618,0.080741785,0.4849694,0.66967833,0.13694079,0.17530996,0.9110656,0.9110656,0.039624203,0.039624203
P392,202510261600,2510261724,8,3,10 Hz,10.0,EXPERIMENTAL,LIGHT,True,,saveTime_2510261724__sessionTime_202510261600__participant_P392__trialN_8__trialT_3__fileType_cropped.png,1,,saveTime_2510261724__sessionTime_202510261600__participant_P392__trialN_8__trialT_3__fileType_cropped.png,0.0010157503,0.04588009,0.03155594,0.04357456,0.8018115,1.0264695,0.7387425,0.7387425,0.08032932,0.08032932
P392,202510261600,2510261728,9,5,20 Hz,20.0,EXPERIMENTAL,LIGHT,True,,saveTime_2510261728__sessionTime_202510261600__participant_P392__trialN_9__trialT_5__fileType_cropped.png,1,,saveTime_2510261728__sessionTime_202510261600__participant_P392__trialN_9__trialT_5__fileType_cropped.png,0.0021341816,0.09639814,0.22327971,0.30831963,0.34706065,0.44430286,0.91126215,0.91126215,0.03744632,0.03744632
P392,202510261600,2510261732,10,6,40 Hz,40.0,EXPERIMENTAL,LIGHT,True,,saveTime_2510261732__sessionTime_202510261600__participant_P392__trialN_10__trialT_6__fileType_cropped.png,1,,saveTime_2510261732__sessionTime_202510261600__participant_P392__trialN_10__trialT_6__fileType_cropped.png,0.002337735,0.10559237,0.12360811,0.17068638,0.50445175,0.6457931,0.8702026,0.8702026,0.02509801,0.02509801
P392,202510261600,2510261736,11,3,10 Hz,10.0,EXPERIMENTAL,LIGHT,True,,saveTime_2510261736__sessionTime_202510261600__participant_P392__trialN_11__trialT_3__fileType_cropped.png,1,,saveTime_2510261736__sessionTime_202510261600__participant_P392__trialN_11__trialT_3__fileType_cropped.png,0.0013855306,0.06258257,0.37513307,0.51800895,0.21802324,0.27911073,0.87304336,0.87304336,0.06157282,0.06157282
P392,202510261600,2510261750,12,C02,,,VALIDATION,IMAGE,True,,saveTime_2510261750__sessionTime_202510261600__participant_P392__trialN_12__trialT_C02__fileType_cropped.png,1,,saveTime_2510261750__sessionTime_202510261600__participant_P392__trialN_12__trialT_C02__fileType_cropped.png,0.007284936,0.32905084,0.2868327,0.39607784,0.29247656,0.37442496,0.93798715,0.93798715,0.051530644,0.051530644
P392,202510261600,2510261755,13,7,80 Hz,80.0,CONTROL,LIGHT,True,,saveTime_2510261755__sessionTime_202510261600__participant_P392__trialN_13__trialT_7__fileType_cropped.png,1,,saveTime_2510261755__sessionTime_202510261600__participant_P392__trialN_13__trialT_7__fileType_cropped.png,0.00090734015,0.040983345,0.028866528,0.039860837,0.7595122,0.97231835,0.9276361,0.9276361,0.022411725,0.022411725
P392,202510261600,2510261759,14,2,5 Hz,5.0,EXPERIMENTAL,LIGHT,True,,saveTime_2510261759__sessionTime_202510261600__participant_P392__trialN_14__trialT_2__fileType_cropped.png,1,,saveTime_2510261759__sessionTime_202510261600__participant_P392__trialN_14__trialT_2__fileType_cropped.png,0.0010865966,0.049080122,0.03346463,0.046210207,0.7310326,0.93585914,0.87360287,0.87360287,0.04454861,0.04454861
P392,202510261600,2510261802,15,A06,,,VALIDATION,IMAGE,True,,saveTime_2510261802__sessionTime_202510261600__participant_P392__trialN_15__trialT_A06__fileType_cropped.png,1,,saveTime_2510261802__sessionTime_202510261600__participant_P392__trialN_15__trialT_A06__fileType_cropped.png,0.0010320382,0.04661579,0.17484826,0.24144222,0.46874416,0.6000806,0.50353694,0.50353694,0.12997933,0.12997933
P392,202510261600,2510261806,16,2,5 Hz,5.0,EXPERIMENTAL,LIGHT,True,,saveTime_2510261806__sessionTime_202510261600__participant_P392__trialN_16__trialT_2__fileType_cropped.png,1,,saveTime_2510261806__sessionTime_202510261600__participant_P392__trialN_16__trialT_2__fileType_cropped.png,0.0014298938,0.06458639,0.5539077,0.7648729,0.107300825,0.13736522,0.9100152,0.9100152,0.043833695,0.043833695
P392,202510261600,2510261810,17,1,2.5 Hz,2.5,EXPERIMENTAL,LIGHT,True,,saveTime_2510261810__sessionTime_202510261600__participant_P392__trialN_17__trialT_1__fileType_cropped.png,1,,saveTime_2510261810__sessionTime_202510261600__participant_P392__trialN_17__trialT_1__fileType_cropped.png,0.00078069617,0.035263006,0.053577658,0.073983625,0.6446815,0.8253135,0.7071316,0.7071316,0.07173601,0.07173601
P393,202510261600,2510261652,2,6,40 Hz,40.0,EXPERIMENTAL,LIGHT,True,,saveTime_2510261652__sessionTime_202510261600__participant_P393__trialN_2__trialT_6__fileType_cropped.png,1,,saveTime_2510261652__sessionTime_202510261600__participant_P393__trialN_2__trialT_6__fileType_cropped.png,0.017408492,0.78631836,0.30654794,0.42330196,0.27466315,0.35162047,0.8392437,0.8392437,0.36015794,0.36015794
P393,202510261600,2510261657,3,4,15 Hz,15.0,EXPERIMENTAL,LIGHT,True,,saveTime_2510261657__sessionTime_202510261600__participant_P393__trialN_3__trialT_4__fileType_cropped.png,1,,saveTime_2510261657__sessionTime_202510261600__participant_P393__trialN_3__trialT_4__fileType_cropped.png,0.00916073,0.41377798,0.43879324,0.6059152,0.20992924,0.26874888,0.871143,0.871143,0.33084753,0.33084753
P393,202510261600,2510261700,4,1,2.5 Hz,2.5,EXPERIMENTAL,LIGHT,True,,saveTime_2510261700__sessionTime_202510261600__participant_P393__trialN_4__trialT_1__fileType_cropped.png,1,,saveTime_2510261700__sessionTime_202510261600__participant_P393__trialN_4__trialT_1__fileType_cropped.png,0.014608512,0.659847,0.16890214,0.23323141,0.34176847,0.4375279,0.8163959,0.8163959,0.29929453,0.29929453
P393,202510261600,2510261704,5,4,15 Hz,15.0,EXPERIMENTAL,LIGHT,True,,saveTime_2510261704__sessionTime_202510261600__participant_P393__trialN_5__trialT_4__fileType_cropped.png,1,,saveTime_2510261704__sessionTime_202510261600__participant_P393__trialN_5__trialT_4__fileType_cropped.png,0.011478622,0.5184741,0.0060981796,0.008420776,0.9006389,1.152987,0.86347187,0.86347187,0.26131678,0.26131678
P393,202510261600,2510261716,6,B07,,,VALIDATION,IMAGE,True,,saveTime_2510261716__sessionTime_202510261600__participant_P393__trialN_6__trialT_B07__fileType_cropped.png,1,,saveTime_2510261716__sessionTime_202510261600__participant_P393__trialN_6__trialT_B07__fileType_cropped.png,0.0038719294,0.17488989,0.25773877,0.355903,0.31000108,0.39685965,0.88033694,0.88033694,0.3228486,0.3228486
P393,202510261600,2510261721,7,5,20 Hz,20.0,EXPERIMENTAL,LIGHT,True,,saveTime_2510261721__sessionTime_202510261600__participant_P393__trialN_7__trialT_5__fileType_cropped.png,1,,saveTime_2510261721__sessionTime_202510261600__participant_P393__trialN_7__trialT_5__fileType_cropped.png,0.0100366315,0.45334128,0.29329488,0.40500125,0.28281593,0.36205757,0.82585686,0.82585686,0.27079362,0.27079362
P393,202510261600,2510261725,8,3,10 Hz,10.0,EXPERIMENTAL,LIGHT,True,,saveTime_2510261725__sessionTime_202510261600__participant_P393__trialN_8__trialT_3__fileType_cropped.png,1,,saveTime_2510261725__sessionTime_202510261600__participant_P393__trialN_8__trialT_3__fileType_cropped.png,0.0021333974,0.09636272,0.48465842,0.6692489,0.12633142,0.16172796,0.77026325,0.77026325,0.2816446,0.2816446
P393,202510261600,2510261729,9,5,20 Hz,20.0,EXPERIMENTAL,LIGHT,True,,saveTime_2510261729__sessionTime_202510261600__participant_P393__trialN_9__trialT_5__fileType_cropped.png,1,,saveTime_2510261729__sessionTime_202510261600__participant_P393__trialN_9__trialT_5__fileType_cropped.png,0.0008162175,0.03686746,0.28087306,0.38784838,0.37405005,0.4788544,0.64666647,0.64666647,0.26584288,0.26584288
P393,202510261600,2510261732,10,6,40 Hz,40.0,EXPERIMENTAL,LIGHT,True,,saveTime_2510261732__sessionTime_202510261600__participant_P393__trialN_10__trialT_6__fileType_cropped.png,1,,saveTime_2510261732__sessionTime_202510261600__participant_P393__trialN_10__trialT_6__fileType_cropped.png,0.0014358946,0.064857446,0.17253551,0.23824862,0.41774538,0.5347926,0.84274185,0.84274185,0.21839766,0.21839766
P393,202510261600,2510261736,11,3,10 Hz,10.0,EXPERIMENTAL,LIGHT,True,,saveTime_2510261736__sessionTime_202510261600__participant_P393__trialN_11__trialT_3__fileType_cropped.png,1,,saveTime_2510261736__sessionTime_202510261600__participant_P393__trialN_11__trialT_3__fileType_cropped.png,0.00088618055,0.040027596,0.19121051,0.2640363,0.41440326,0.53051406,0.8183054,0.8183054,0.15890509,0.15890509
P393,202510261600,2510261750,12,C03,,,VALIDATION,IMAGE,True,,saveTime_2510261750__sessionTime_202510261600__participant_P393__trialN_12__trialT_C03__fileType_cropped.png,1,,saveTime_2510261750__sessionTime_202510261600__participant_P393__trialN_12__trialT_C03__fileType_cropped.png,0.023395695,1.0567523,0.020382226,0.028145146,0.70947117,0.9082565,0.46513993,0.46513993,0.11002616,0.11002616
P393,202510261600,2510261755,13,7,80 Hz,80.0,CONTROL,LIGHT,True,,saveTime_2510261755__sessionTime_202510261600__participant_P393__trialN_13__trialT_7__fileType_cropped.png,1,,saveTime_2510261755__sessionTime_202510261600__participant_P393__trialN_13__trialT_7__fileType_cropped.png,0.00024075189,0.010874442,0.0016461265,0.002273082,0.9368259,1.1993132,0.9486058,0.9486058,0.1289961,0.1289961
P393,202510261600,2510261759,14,2,5 Hz,5.0,EXPERIMENTAL,LIGHT,True,,saveTime_2510261759__sessionTime_202510261600__participant_P393__trialN_14__trialT_2__fileType_cropped.png,1,,saveTime_2510261759__sessionTime_202510261600__participant_P393__trialN_14__trialT_2__fileType_cropped.png,0.000903821,0.04082439,0.004690946,0.0064775734,0.8918308,1.1417111,0.80281454,0.80281454,0.11185714,0.11185714
P393,202510261600,2510261803,15,A07,,,VALIDATION,IMAGE,True,,saveTime_2510261803__sessionTime_202510261600__participant_P393__trialN_15__trialT_A07__fileType_cropped.png,1,,saveTime_2510261803__sessionTime_202510261600__participant_P393__trialN_15__trialT_A07__fileType_cropped.png,0.01035616,0.46777394,0.7193125,0.993275,0.033416405,0.04277928,0.33755383,0.33755383,0.061382778,0.061382778
P393,202510261600,2510261806,16,2,5 Hz,5.0,EXPERIMENTAL,LIGHT,True,,saveTime_2510261806__sessionTime_202510261600__participant_P393__trialN_16__trialT_2__fileType_cropped.png,1,,saveTime_2510261806__sessionTime_202510261600__participant_P393__trialN_16__trialT_2__fileType_cropped.png,0.002577084,0.116403446,0.6259602,0.86436784,0.092542045,0.11847121,0.8623122,0.8623122,0.24370432,0.24370432
P393,202510261600,2510261811,17,1,2.5 Hz,2.5,EXPERIMENTAL,LIGHT,True,,saveTime_2510261811__sessionTime_202510261600__participant_P393__trialN_17__trialT_1__fileType_cropped.png,1,,saveTime_2510261811__sessionTime_202510261600__participant_P393__trialN_17__trialT_1__fileType_cropped.png,0.000720981,0.03256575,0.24044871,0.33202773,0.46081543,0.58993036,0.563396,0.563396,0.2861762,0.2861762
P394,202510261600,2510261652,2,6,40 Hz,40.0,EXPERIMENTAL,LIGHT,True,,saveTime_2510261652__sessionTime_202510261600__participant_P394__trialN_2__trialT_6__fileType_cropped.png,1,,saveTime_2510261652__sessionTime_202510261600__participant_P394__trialN_2__trialT_6__fileType_cropped.png,0.00085673475,0.038697567,0.3328413,0.45960963,0.24237546,0.31028616,0.5533751,0.5533751,0.14292978,0.14292978
P394,202510261600,2510261657,3,4,15 Hz,15.0,EXPERIMENTAL,LIGHT,True,,saveTime_2510261657__sessionTime_202510261600__participant_P394__trialN_3__trialT_4__fileType_cropped.png,1,,saveTime_2510261657__sessionTime_202510261600__participant_P394__trialN_3__trialT_4__fileType_cropped.png,0.0018379585,0.08301813,0.27026775,0.37320384,0.3318037,0.4247711,0.74778587,0.74778587,0.06649504,0.06649504
P394,202510261600,2510261700,4,1,2.5 Hz,2.5,EXPERIMENTAL,LIGHT,True,,saveTime_2510261700__sessionTime_202510261600__participant_P394__trialN_4__trialT_1__fileType_cropped.png,1,,saveTime_2510261700__sessionTime_202510261600__participant_P394__trialN_4__trialT_1__fileType_cropped.png,0.00072389765,0.03269749,0.3159748,0.4363192,0.30678257,0.39273936,0.33788982,0.33788982,0.16747867,0.16747867
P394,202510261600,2510261704,5,4,15 Hz,15.0,EXPERIMENTAL,LIGHT,True,,saveTime_2510261704__sessionTime_202510261600__participant_P394__trialN_5__trialT_4__fileType_cropped.png,1,,saveTime_2510261704__sessionTime_202510261600__participant_P394__trialN_5__trialT_4__fileType_cropped.png,0.0012987239,0.058661625,0.2680241,0.37010565,0.306641,0.39255813,0.69157726,0.69157726,0.10010346,0.10010346
P394,202510261600,2510261717,6,B07,,,VALIDATION,IMAGE,True,,saveTime_2510261717__sessionTime_202510261600__participant_P394__trialN_6__trialT_B07__fileType_cropped.png,1,,saveTime_2510261717__sessionTime_202510261600__participant_P394__trialN_6__trialT_B07__fileType_cropped.png,0.008233207,0.371883,0.27917236,0.38549992,0.3026917,0.38750228,0.6786039,0.6786039,0.259479,0.259479
P394,202510261600,2510261721,7,5,20 Hz,20.0,EXPERIMENTAL,LIGHT,True,,saveTime_2510261721__sessionTime_202510261600__participant_P394__trialN_7__trialT_5__fileType_cropped.png,1,,saveTime_2510261721__sessionTime_202510261600__participant_P394__trialN_7__trialT_5__fileType_cropped.png,0.0019951607,0.09011875,0.2498276,0.34497872,0.29462808,0.37717932,0.74123484,0.74123484,0.061152264,0.061152264
P394,202510261600,2510261724,8,3,10 Hz,10.0,EXPERIMENTAL,LIGHT,True,,saveTime_2510261724__sessionTime_202510261600__participant_P394__trialN_8__trialT_3__fileType_cropped.png,1,,saveTime_2510261724__sessionTime_202510261600__participant_P394__trialN_8__trialT_3__fileType_cropped.png,0.0011555221,0.052193392,0.0866664,0.11967478,0.4993331,0.63924026,0.63625294,0.63625294,0.052388843,0.052388843
P394,202510261600,2510261728,9,5,20 Hz,20.0,EXPERIMENTAL,LIGHT,True,,saveTime_2510261728__sessionTime_202510261600__participant_P394__trialN_9__trialT_5__fileType_cropped.png,1,,saveTime_2510261728__sessionTime_202510261600__participant_P394__trialN_9__trialT_5__fileType_cropped.png,0.0016695384,0.07541083,0.17032866,0.23520125,0.4063286,0.52017695,0.772718,0.772718,0.038510177,0.038510177
P394,202510261600,2510261733,10,6,40 Hz,40.0,EXPERIMENTAL,LIGHT,True,,saveTime_2510261733__sessionTime_202510261600__participant_P394__trialN_10__trialT_6__fileType_cropped.png,1,,saveTime_2510261733__sessionTime_202510261600__participant_P394__trialN_10__trialT_6__fileType_cropped.png,0.0011204532,0.05060938,0.2785623,0.38465753,0.28653708,0.36682132,0.7079005,0.7079005,0.08218342,0.08218342
P394,202510261600,2510261736,11,3,10 Hz,10.0,EXPERIMENTAL,LIGHT,True,,saveTime_2510261736__sessionTime_202510261600__participant_P394__trialN_11__trialT_3__fileType_cropped.png,1,,saveTime_2510261736__sessionTime_202510261600__participant_P394__trialN_11__trialT_3__fileType_cropped.png,0.0004999949,0.022584103,0.69071937,0.9537917,0.043669518,0.055905193,0.5008668,0.5008668,0.24064891,0.24064891
P394,202510261600,2510261751,12,C12,,,VALIDATION,IMAGE,True,,saveTime_2510261751__sessionTime_202510261600__participant_P394__trialN_12__trialT_C12__fileType_cropped.png,1,,saveTime_2510261751__sessionTime_202510261600__participant_P394__trialN_12__trialT_C12__fileType_cropped.png,0.012254644,0.5535259,0.30112204,0.4158095,0.28444093,0.36413786,0.5218721,0.5218721,0.39122146,0.39122146
P394,202510261600,2510261754,13,7,80 Hz,80.0,CONTROL,LIGHT,True,,saveTime_2510261754__sessionTime_202510261600__participant_P394__trialN_13__trialT_7__fileType_cropped.png,1,,saveTime_2510261754__sessionTime_202510261600__participant_P394__trialN_13__trialT_7__fileType_cropped.png,0.0004894677,0.022108603,0.14362703,0.19832985,0.45352238,0.5805939,0.74099827,0.74099827,0.07130904,0.07130904
P394,202510261600,2510261758,14,2,5 Hz,5.0,EXPERIMENTAL,LIGHT,True,,saveTime_2510261758__sessionTime_202510261600__participant_P394__trialN_14__trialT_2__fileType_cropped.png,1,,saveTime_2510261758__sessionTime_202510261600__participant_P394__trialN_14__trialT_2__fileType_cropped.png,0.0006693728,0.030234676,0.15991427,0.22082035,0.41965437,0.53723645,0.6854267,0.6854267,0.06990826,0.06990826
P394,202510261600,2510261802,15,A14,,,VALIDATION,IMAGE,True,,saveTime_2510261802__sessionTime_202510261600__participant_P394__trialN_15__trialT_A14__fileType_cropped.png,1,,saveTime_2510261802__sessionTime_202510261600__participant_P394__trialN_15__trialT_A14__fileType_cropped.png,0.00029850498,0.013483072,0.14711647,0.20314829,0.18386266,0.23537876,0.5109025,0.5109025,0.015090599,0.015090599
P394,202510261600,2510261805,16,2,5 Hz,5.0,EXPERIMENTAL,LIGHT,True,,saveTime_2510261805__sessionTime_202510261600__participant_P394__trialN_16__trialT_2__fileType_cropped.png,1,,saveTime_2510261805__sessionTime_202510261600__participant_P394__trialN_16__trialT_2__fileType_cropped.png,0.0012235161,0.05526459,0.037977837,0.052442346,0.6441009,0.82457024,0.69401246,0.69401246,0.0445655,0.0445655
P394,202510261600,2510261809,17,1,2.5 Hz,2.5,EXPERIMENTAL,LIGHT,True,,saveTime_2510261809__sessionTime_202510261600__participant_P394__trialN_17__trialT_1__fileType_cropped.png,1,,saveTime_2510261809__sessionTime_202510261600__participant_P394__trialN_17__trialT_1__fileType_cropped.png,0.0009333274,0.042157155,0.08272831,0.1142368,0.53373176,0.68327695,0.7385277,0.7385277,0.056955453,0.056955453
P395,202510261600,2510261653,2,6,40 Hz,40.0,EXPERIMENTAL,LIGHT,True,,saveTime_2510261653__sessionTime_202510261600__participant_P395__trialN_2__trialT_6__fileType_cropped.png,1,,saveTime_2510261653__sessionTime_202510261600__participant_P395__trialN_2__trialT_6__fileType_cropped.png,0.0038841486,0.17544182,0.20415947,0.2819171,0.40349343,0.51654744,0.9263624,0.9263624,0.13725834,0.13725834
P395,202510261600,2510261657,3,4,15 Hz,15.0,EXPERIMENTAL,LIGHT,True,,saveTime_2510261657__sessionTime_202510261600__participant_P395__trialN_3__trialT_4__fileType_cropped.png,1,,saveTime_2510261657__sessionTime_202510261600__participant_P395__trialN_3__trialT_4__fileType_cropped.png,0.022565793,1.0192668,0.41358382,0.5711043,0.18162954,0.23251995,0.75542676,0.75542676,0.32959354,0.32959354
P395,202510261600,2510261701,4,1,2.5 Hz,2.5,EXPERIMENTAL,LIGHT,True,,saveTime_2510261701__sessionTime_202510261600__participant_P395__trialN_4__trialT_1__fileType_cropped.png,1,,saveTime_2510261701__sessionTime_202510261600__participant_P395__trialN_4__trialT_1__fileType_cropped.png,0.00068470207,0.030927079,0.8631491,1.1918942,0.018170038,0.023261065,0.45032874,0.45032874,0.3616763,0.3616763
P395,202510261600,2510261704,5,4,15 Hz,15.0,EXPERIMENTAL,LIGHT,True,,saveTime_2510261704__sessionTime_202510261600__participant_P395__trialN_5__trialT_4__fileType_cropped.png,1,,saveTime_2510261704__sessionTime_202510261600__participant_P395__trialN_5__trialT_4__fileType_cropped.png,0.002137649,0.09655476,0.5322185,0.73492306,0.14143196,0.1810595,0.9022937,0.9022937,0.099045634,0.099045634
P395,202510261600,2510261716,6,B08,,,VALIDATION,IMAGE,True,,saveTime_2510261716__sessionTime_202510261600__participant_P395__trialN_6__trialT_B08__fileType_cropped.png,1,,saveTime_2510261716__sessionTime_202510261600__participant_P395__trialN_6__trialT_B08__fileType_cropped.png,0.019443356,0.87823045,0.5425954,0.74925214,0.04089369,0.05235161,0.05514866,0.05514866,0.09691837,0.09691837
P395,202510261600,2510261721,7,5,20 Hz,20.0,EXPERIMENTAL,LIGHT,True,,saveTime_2510261721__sessionTime_202510261600__participant_P395__trialN_7__trialT_5__fileType_cropped.png,1,,saveTime_2510261721__sessionTime_202510261600__participant_P395__trialN_7__trialT_5__fileType_cropped.png,0.002390338,0.10796838,0.31439006,0.4341309,0.2325461,0.29770273,0.8559599,0.8559599,0.17840837,0.17840837
P395,202510261600,2510261724,8,3,10 Hz,10.0,EXPERIMENTAL,LIGHT,True,,saveTime_2510261724__sessionTime_202510261600__participant_P395__trialN_8__trialT_3__fileType_cropped.png,1,,saveTime_2510261724__sessionTime_202510261600__participant_P395__trialN_8__trialT_3__fileType_cropped.png,0.0016483965,0.07445587,0.6374194,0.8801915,0.08238849,0.10547275,0.3885677,0.3885677,0.2152298,0.2152298
P395,202510261600,2510261729,9,5,20 Hz,20.0,EXPERIMENTAL,LIGHT,True,,saveTime_2510261729__sessionTime_202510261600__participant_P395__trialN_9__trialT_5__fileType_cropped.png,1,,saveTime_2510261729__sessionTime_202510261600__participant_P395__trialN_9__trialT_5__fileType_cropped.png,0.00084014743,0.03794834,0.54643613,0.7545557,0.13731581,0.17579004,0.7174336,0.7174336,0.2193558,0.2193558
P395,202510261600,2510261733,10,6,40 Hz,40.0,EXPERIMENTAL,LIGHT,True,,saveTime_2510261733__sessionTime_202510261600__participant_P395__trialN_10__trialT_6__fileType_cropped.png,1,,saveTime_2510261733__sessionTime_202510261600__participant_P395__trialN_10__trialT_6__fileType_cropped.png,0.0050027957,0.22596961,0.31144384,0.43006256,0.266721,0.34145302,0.84570396,0.84570396,0.15511847,0.15511847
P395,202510261600,2510261737,11,3,10 Hz,10.0,EXPERIMENTAL,LIGHT,True,,saveTime_2510261737__sessionTime_202510261600__participant_P395__trialN_11__trialT_3__fileType_cropped.png,1,,saveTime_2510261737__sessionTime_202510261600__participant_P395__trialN_11__trialT_3__fileType_cropped.png,0.0018931599,0.08551151,0.56577,0.78125316,0.09580925,0.12265385,0.920087,0.920087,0.07705492,0.07705492
P395,202510261600,2510261750,12,C09,,,VALIDATION,IMAGE,True,,saveTime_2510261750__sessionTime_202510261600__participant_P395__trialN_12__trialT_C09__fileType_cropped.png,1,,saveTime_2510261750__sessionTime_202510261600__participant_P395__trialN_12__trialT_C09__fileType_cropped.png,0.030173067,1.3628772,0.031034604,0.042854663,0.6326898,0.80996186,0.5583619,0.5583619,0.19040188,0.19040188
P395,202510261600,2510261753,13,7,80 Hz,80.0,CONTROL,LIGHT,True,,saveTime_2510261753__sessionTime_202510261600__participant_P395__trialN_13__trialT_7__fileType_cropped.png,1,,saveTime_2510261753__sessionTime_202510261600__participant_P395__trialN_13__trialT_7__fileType_cropped.png,0.00053334585,0.024090521,0.005520978,0.007623737,0.92350215,1.1822563,0.94703674,0.94703674,0.05947143,0.05947143
P395,202510261600,2510261759,14,2,5 Hz,5.0,EXPERIMENTAL,LIGHT,True,,saveTime_2510261759__sessionTime_202510261600__participant_P395__trialN_14__trialT_2__fileType_cropped.png,1,,saveTime_2510261759__sessionTime_202510261600__participant_P395__trialN_14__trialT_2__fileType_cropped.png,0.0026214921,0.118409306,0.486258,0.6714577,0.11166281,0.14294939,0.8835126,0.8835126,0.08603461,0.08603461
P395,202510261600,2510261803,15,A11,,,VALIDATION,IMAGE,True,,saveTime_2510261803__sessionTime_202510261600__participant_P395__trialN_15__trialT_A11__fileType_cropped.png,1,,saveTime_2510261803__sessionTime_202510261600__participant_P395__trialN_15__trialT_A11__fileType_cropped.png,0.030919066,1.396573,0.6795451,0.93836147,0.116765164,0.14948136,0.3653011,0.3653011,0.47107473,0.47107473
P395,202510261600,2510261807,16,2,5 Hz,5.0,EXPERIMENTAL,LIGHT,True,,saveTime_2510261807__sessionTime_202510261600__participant_P395__trialN_16__trialT_2__fileType_cropped.png,1,,saveTime_2510261807__sessionTime_202510261600__participant_P395__trialN_16__trialT_2__fileType_cropped.png,0.005588659,0.2524323,0.5843675,0.8069339,0.096227564,0.12318937,0.9447419,0.9447419,0.10193686,0.10193686
P395,202510261600,2510261811,17,1,2.5 Hz,2.5,EXPERIMENTAL,LIGHT,True,,saveTime_2510261811__sessionTime_202510261600__participant_P395__trialN_17__trialT_1__fileType_cropped.png,1,,saveTime_2510261811__sessionTime_202510261600__participant_P395__trialN_17__trialT_1__fileType_cropped.png,0.006164855,0.27845827,0.5892625,0.81369317,0.121486016,0.15552494,0.9126448,0.9126448,0.20733121,0.20733121
P396,202510261600,2510261653,2,6,40 Hz,40.0,EXPERIMENTAL,LIGHT,True,,saveTime_2510261653__sessionTime_202510261600__participant_P396__trialN_2__trialT_6__fileType_cropped.png,1,,saveTime_2510261653__sessionTime_202510261600__participant_P396__trialN_2__trialT_6__fileType_cropped.png,0.0007723945,0.03488803,0.32058778,0.44268912,0.28381306,0.36333406,0.8690123,0.8690123,0.06303109,0.06303109
P396,202510261600,2510261656,3,4,15 Hz,15.0,EXPERIMENTAL,LIGHT,True,,saveTime_2510261656__sessionTime_202510261600__participant_P396__trialN_3__trialT_4__fileType_cropped.png,1,,saveTime_2510261656__sessionTime_202510261600__participant_P396__trialN_3__trialT_4__fileType_cropped.png,0.00081846485,0.036968965,0.21096481,0.29131436,0.36938637,0.472884,0.9104769,0.9104769,0.037358224,0.037358224
P396,202510261600,2510261701,4,1,2.5 Hz,2.5,EXPERIMENTAL,LIGHT,True,,saveTime_2510261701__sessionTime_202510261600__participant_P396__trialN_4__trialT_1__fileType_cropped.png,1,,saveTime_2510261701__sessionTime_202510261600__participant_P396__trialN_4__trialT_1__fileType_cropped.png,0.00087189296,0.03938224,0.263932,0.364455,0.26102898,0.33416614,0.95610595,0.95610595,0.042839933,0.042839933
P396,202510261600,2510261705,5,4,15 Hz,15.0,EXPERIMENTAL,LIGHT,True,,saveTime_2510261705__sessionTime_202510261600__participant_P396__trialN_5__trialT_4__fileType_cropped.png,1,,saveTime_2510261705__sessionTime_202510261600__participant_P396__trialN_5__trialT_4__fileType_cropped.png,0.0010562532,0.04770955,0.3044102,0.42035002,0.2761559,0.35353145,0.9098381,0.9098381,0.049751934,0.049751934
P396,202510261600,2510261717,6,B05,,,VALIDATION,IMAGE,True,,saveTime_2510261717__sessionTime_202510261600__participant_P396__trialN_6__trialT_B05__fileType_cropped.png,1,,saveTime_2510261717__sessionTime_202510261600__participant_P396__trialN_6__trialT_B05__fileType_cropped.png,0.020735562,0.9365977,0.043875817,0.060586672,0.6063317,0.77621853,0.08340128,0.08340128,0.11885163,0.11885163
P396,202510261600,2510261721,7,5,20 Hz,20.0,EXPERIMENTAL,LIGHT,True,,saveTime_2510261721__sessionTime_202510261600__participant_P396__trialN_7__trialT_5__fileType_cropped.png,1,,saveTime_2510261721__sessionTime_202510261600__participant_P396__trialN_7__trialT_5__fileType_cropped.png,0.0014937432,0.06747039,0.03269847,0.045152243,0.75371885,0.9649018,0.8444864,0.8444864,0.087209515,0.087209515
P396,202510261600,2510261725,8,3,10 Hz,10.0,EXPERIMENTAL,LIGHT,True,,saveTime_2510261725__sessionTime_202510261600__participant_P396__trialN_8__trialT_3__fileType_cropped.png,1,,saveTime_2510261725__sessionTime_202510261600__participant_P396__trialN_8__trialT_3__fileType_cropped.png,0.00089032634,0.040214855,0.45326084,0.625893,0.13160862,0.16848378,0.8838932,0.8838932,0.080810525,0.080810525
P396,202510261600,2510261729,9,5,20 Hz,20.0,EXPERIMENTAL,LIGHT,True,,saveTime_2510261729__sessionTime_202510261600__participant_P396__trialN_9__trialT_5__fileType_cropped.png,1,,saveTime_2510261729__sessionTime_202510261600__participant_P396__trialN_9__trialT_5__fileType_cropped.png,0.0022732364,0.10267906,0.29105687,0.40191087,0.262785,0.3364142,0.84368426,0.84368426,0.029755916,0.029755916
P396,202510261600,2510261733,10,6,40 Hz,40.0,EXPERIMENTAL,LIGHT,True,,saveTime_2510261733__sessionTime_202510261600__participant_P396__trialN_10__trialT_6__fileType_cropped.png,1,,saveTime_2510261733__sessionTime_202510261600__participant_P396__trialN_10__trialT_6__fileType_cropped.png,0.0005065318,0.022879366,0.073066294,0.100894846,0.6527353,0.83562386,0.70285875,0.70285875,0.19952212,0.19952212
P396,202510261600,2510261737,11,3,10 Hz,10.0,EXPERIMENTAL,LIGHT,True,,saveTime_2510261737__sessionTime_202510261600__participant_P396__trialN_11__trialT_3__fileType_cropped.png,1,,saveTime_2510261737__sessionTime_202510261600__participant_P396__trialN_11__trialT_3__fileType_cropped.png,0.001074258,0.0485228,0.4812575,0.6645526,0.13207775,0.16908436,0.8750821,0.8750821,0.08548818,0.08548818
P396,202510261600,2510261751,12,C07,,,VALIDATION,IMAGE,True,,saveTime_2510261751__sessionTime_202510261600__participant_P396__trialN_12__trialT_C07__fileType_cropped.png,1,,saveTime_2510261751__sessionTime_202510261600__participant_P396__trialN_12__trialT_C07__fileType_cropped.png,0.002623138,0.11848365,0.30161655,0.41649237,0.25046825,0.32064644,0.7716268,0.7716268,0.18911074,0.18911074
P396,202510261600,2510261755,13,7,80 Hz,80.0,CONTROL,LIGHT,True,,saveTime_2510261755__sessionTime_202510261600__participant_P396__trialN_13__trialT_7__fileType_cropped.png,1,,saveTime_2510261755__sessionTime_202510261600__participant_P396__trialN_13__trialT_7__fileType_cropped.png,0.0008003988,0.036152948,0.031575017,0.043600902,0.737398,0.94400805,0.9188561,0.9188561,0.025518015,0.025518015
P396,202510261600,2510261759,14,2,5 Hz,5.0,EXPERIMENTAL,LIGHT,True,,saveTime_2510261759__sessionTime_202510261600__participant_P396__trialN_14__trialT_2__fileType_cropped.png,1,,saveTime_2510261759__sessionTime_202510261600__participant_P396__trialN_14__trialT_2__fileType_cropped.png,0.0012333442,0.055708513,0.25580683,0.35323524,0.2788403,0.356968,0.896413,0.896413,0.035700835,0.035700835
P396,202510261600,2510261802,15,A04,,,VALIDATION,IMAGE,True,,saveTime_2510261802__sessionTime_202510261600__participant_P396__trialN_15__trialT_A04__fileType_cropped.png,1,,saveTime_2510261802__sessionTime_202510261600__participant_P396__trialN_15__trialT_A04__fileType_cropped.png,0.012174189,0.5498919,0.7258413,1.0022904,0.13338709,0.17076054,0.009602522,0.009602522,0.04171064,0.04171064
P396,202510261600,2510261807,16,2,5 Hz,5.0,EXPERIMENTAL,LIGHT,True,,saveTime_2510261807__sessionTime_202510261600__participant_P396__trialN_16__trialT_2__fileType_cropped.png,1,,saveTime_2510261807__sessionTime_202510261600__participant_P396__trialN_16__trialT_2__fileType_cropped.png,0.0008256324,0.037292715,0.53975916,0.7453357,0.09861652,0.12624767,0.8447306,0.8447306,0.053841468,0.053841468
P396,202510261600,2510261810,17,1,2.5 Hz,2.5,EXPERIMENTAL,LIGHT,True,,saveTime_2510261810__sessionTime_202510261600__participant_P396__trialN_17__trialT_1__fileType_cropped.png,1,,saveTime_2510261810__sessionTime_202510261600__participant_P396__trialN_17__trialT_1__fileType_cropped.png,0.0045989384,0.20772791,0.2960822,0.40885016,0.27494913,0.35198656,0.95056474,0.95056474,0.014717869,0.014717869
P397,202510261600,2510261653,2,6,40 Hz,40.0,EXPERIMENTAL,LIGHT,True,,saveTime_2510261653__sessionTime_202510261600__participant_P397__trialN_2__trialT_6__fileType_cropped.png,1,,saveTime_2510261653__sessionTime_202510261600__participant_P397__trialN_2__trialT_6__fileType_cropped.png,0.0013996914,0.0632222,0.36608657,0.5055169,0.2160866,0.27663147,0.79107577,0.79107577,0.039474174,0.039474174
P397,202510261600,2510261657,3,4,15 Hz,15.0,EXPERIMENTAL,LIGHT,True,,saveTime_2510261657__sessionTime_202510261600__participant_P397__trialN_3__trialT_4__fileType_cropped.png,1,,saveTime_2510261657__sessionTime_202510261600__participant_P397__trialN_3__trialT_4__fileType_cropped.png,0.0016907273,0.0763679,0.28293642,0.3906976,0.288356,0.3691499,0.5593157,0.5593157,0.02905242,0.02905242
P397,202510261600,2510261701,4,1,2.5 Hz,2.5,EXPERIMENTAL,LIGHT,True,,saveTime_2510261701__sessionTime_202510261600__participant_P397__trialN_4__trialT_1__fileType_cropped.png,1,,saveTime_2510261701__sessionTime_202510261600__participant_P397__trialN_4__trialT_1__fileType_cropped.png,0.00055617845,0.02512184,0.23014912,0.31780535,0.32294145,0.41342577,0.79343337,0.79343337,0.063126974,0.063126974
P397,202510261600,2510261705,5,4,15 Hz,15.0,EXPERIMENTAL,LIGHT,True,,saveTime_2510261705__sessionTime_202510261600__participant_P397__trialN_5__trialT_4__fileType_cropped.png,1,,saveTime_2510261705__sessionTime_202510261600__participant_P397__trialN_5__trialT_4__fileType_cropped.png,0.0012885041,0.058200013,0.2949736,0.40731937,0.28746024,0.36800313,0.6925156,0.6925156,0.03911708,0.03911708
P397,202510261600,2510261717,6,B07,,,VALIDATION,IMAGE,True,,saveTime_2510261717__sessionTime_202510261600__participant_P397__trialN_6__trialT_B07__fileType_cropped.png,1,,saveTime_2510261717__sessionTime_202510261600__participant_P397__trialN_6__trialT_B07__fileType_cropped.png,0.008146112,0.367949,0.30500412,0.42117018,0.26461443,0.3387562,0.7311517,0.7311517,0.4403994,0.4403994
P397,202510261600,2510261721,7,5,20 Hz,20.0,EXPERIMENTAL,LIGHT,True,,saveTime_2510261721__sessionTime_202510261600__participant_P397__trialN_7__trialT_5__fileType_cropped.png,1,,saveTime_2510261721__sessionTime_202510261600__participant_P397__trialN_7__trialT_5__fileType_cropped.png,0.0014385093,0.064975545,0.24648188,0.34035873,0.30998963,0.39684498,0.700879,0.700879,0.07628878,0.07628878
P397,202510261600,2510261724,8,3,10 Hz,10.0,EXPERIMENTAL,LIGHT,True,,saveTime_2510261724__sessionTime_202510261600__participant_P397__trialN_8__trialT_3__fileType_cropped.png,1,,saveTime_2510261724__sessionTime_202510261600__participant_P397__trialN_8__trialT_3__fileType_cropped.png,0.0030803145,0.13913369,0.21431454,0.2959399,0.36297756,0.4646795,0.74859416,0.74859416,0.03177324,0.03177324
P397,202510261600,2510261729,9,5,20 Hz,20.0,EXPERIMENTAL,LIGHT,True,,saveTime_2510261729__sessionTime_202510261600__participant_P397__trialN_9__trialT_5__fileType_cropped.png,1,,saveTime_2510261729__sessionTime_202510261600__participant_P397__trialN_9__trialT_5__fileType_cropped.png,0.0015014206,0.06781717,0.27061185,0.373679,0.31094667,0.3980702,0.66464925,0.66464925,0.10921895,0.10921895
P397,202510261600,2510261733,10,6,40 Hz,40.0,EXPERIMENTAL,LIGHT,True,,saveTime_2510261733__sessionTime_202510261600__participant_P397__trialN_10__trialT_6__fileType_cropped.png,1,,saveTime_2510261733__sessionTime_202510261600__participant_P397__trialN_10__trialT_6__fileType_cropped.png,0.0014788943,0.066799685,0.17528845,0.24205007,0.41514117,0.53145874,0.9220534,0.9220534,0.04139928,0.04139928
P397,202510261600,2510261737,11,3,10 Hz,10.0,EXPERIMENTAL,LIGHT,True,,saveTime_2510261737__sessionTime_202510261600__participant_P397__trialN_11__trialT_3__fileType_cropped.png,1,,saveTime_2510261737__sessionTime_202510261600__participant_P397__trialN_11__trialT_3__fileType_cropped.png,0.002337411,0.10557774,0.16244166,0.22431034,0.4507169,0.57700235,0.76032114,0.76032114,0.14538608,0.14538608
P397,202510261600,2510261751,12,C10,,,VALIDATION,IMAGE,True,,saveTime_2510261751__sessionTime_202510261600__participant_P397__trialN_12__trialT_C10__fileType_cropped.png,1,,saveTime_2510261751__sessionTime_202510261600__participant_P397__trialN_12__trialT_C10__fileType_cropped.png,0.015681457,0.7083105,0.14182048,0.19583523,0.46644354,0.5971354,0.24784926,0.24784926,0.1331711,0.1331711
P397,202510261600,2510261755,13,7,80 Hz,80.0,CONTROL,LIGHT,True,,saveTime_2510261755__sessionTime_202510261600__participant_P397__trialN_13__trialT_7__fileType_cropped.png,1,,saveTime_2510261755__sessionTime_202510261600__participant_P397__trialN_13__trialT_7__fileType_cropped.png,0.0010021307,0.045264907,0.14147872,0.19536331,0.44223806,0.56614786,0.976816,0.976816,0.018309427,0.018309427
P397,202510261600,2510261759,14,2,5 Hz,5.0,EXPERIMENTAL,LIGHT,True,,saveTime_2510261759__sessionTime_202510261600__participant_P397__trialN_14__trialT_2__fileType_cropped.png,1,,saveTime_2510261759__sessionTime_202510261600__participant_P397__trialN_14__trialT_2__fileType_cropped.png,0.001556712,0.0703146,0.15727234,0.2171722,0.45522857,0.58277816,0.8256155,0.8256155,0.05662231,0.05662231
P397,202510261600,2510261802,15,A11,,,VALIDATION,IMAGE,True,,saveTime_2510261802__sessionTime_202510261600__participant_P397__trialN_15__trialT_A11__fileType_cropped.png,1,,saveTime_2510261802__sessionTime_202510261600__participant_P397__trialN_15__trialT_A11__fileType_cropped.png,0.028199775,1.2737463,0.6245355,0.86240053,0.17151548,0.21957205,0.36045378,0.36045378,0.29918373,0.29918373
P397,202510261600,2510261806,16,2,5 Hz,5.0,EXPERIMENTAL,LIGHT,True,,saveTime_2510261806__sessionTime_202510261600__participant_P397__trialN_16__trialT_2__fileType_cropped.png,1,,saveTime_2510261806__sessionTime_202510261600__participant_P397__trialN_16__trialT_2__fileType_cropped.png,0.002442121,0.11030735,0.24004015,0.33146355,0.35105932,0.4494219,0.42684415,0.42684415,0.119997144,0.119997144
P397,202510261600,2510261811,17,1,2.5 Hz,2.5,EXPERIMENTAL,LIGHT,True,,saveTime_2510261811__sessionTime_202510261600__participant_P397__trialN_17__trialT_1__fileType_cropped.png,1,,saveTime_2510261811__sessionTime_202510261600__participant_P397__trialN_17__trialT_1__fileType_cropped.png,0.00077125157,0.034836404,0.14453678,0.19958608,0.46919143,0.60065323,0.60429066,0.60429066,0.20466918,0.20466918
P398,202510261600,2510261653,2,6,40 Hz,40.0,EXPERIMENTAL,LIGHT,True,,saveTime_2510261653__sessionTime_202510261600__participant_P398__trialN_2__trialT_6__fileType_cropped.png,1,,saveTime_2510261653__sessionTime_202510261600__participant_P398__trialN_2__trialT_6__fileType_cropped.png,0.0100897765,0.45574176,0.20687596,0.28566822,0.39152455,0.501225,0.96416575,0.96416575,0.06271958,0.06271958
P398,202510261600,2510261657,3,4,15 Hz,15.0,EXPERIMENTAL,LIGHT,True,,saveTime_2510261657__sessionTime_202510261600__participant_P398__trialN_3__trialT_4__fileType_cropped.png,1,,saveTime_2510261657__sessionTime_202510261600__participant_P398__trialN_3__trialT_4__fileType_cropped.png,0.010967533,0.49538884,0.28968924,0.40002236,0.38303593,0.490358,0.868722,0.868722,0.21726926,0.21726926
P398,202510261600,2510261701,4,1,2.5 Hz,2.5,EXPERIMENTAL,LIGHT,True,,saveTime_2510261701__sessionTime_202510261600__participant_P398__trialN_4__trialT_1__fileType_cropped.png,1,,saveTime_2510261701__sessionTime_202510261600__participant_P398__trialN_4__trialT_1__fileType_cropped.png,0.00051896006,0.023440734,0.27039307,0.3733769,0.35215414,0.4508235,0.6208339,0.6208339,0.41152582,0.41152582
P398,202510261600,2510261705,5,4,15 Hz,15.0,EXPERIMENTAL,LIGHT,True,,saveTime_2510261705__sessionTime_202510261600__participant_P398__trialN_5__trialT_4__fileType_cropped.png,1,,saveTime_2510261705__sessionTime_202510261600__participant_P398__trialN_5__trialT_4__fileType_cropped.png,0.0049139834,0.22195809,0.16118656,0.22257723,0.44384038,0.5681991,0.95500964,0.95500964,0.06495525,0.06495525
P398,202510261600,2510261716,6,B12,,,VALIDATION,IMAGE,True,,saveTime_2510261716__sessionTime_202510261600__participant_P398__trialN_6__trialT_B12__fileType_cropped.png,1,,saveTime_2510261716__sessionTime_202510261600__participant_P398__trialN_6__trialT_B12__fileType_cropped.png,0.0056899628,0.25700805,0.24207345,0.33427125,0.2905407,0.3719467,0.26871017,0.26871017,0.24023028,0.24023028
P398,202510261600,2510261721,7,5,20 Hz,20.0,EXPERIMENTAL,LIGHT,True,,saveTime_2510261721__sessionTime_202510261600__participant_P398__trialN_7__trialT_5__fileType_cropped.png,1,,saveTime_2510261721__sessionTime_202510261600__participant_P398__trialN_7__trialT_5__fileType_cropped.png,0.006834906,0.3087236,0.43560928,0.6015185,0.08810846,0.11279539,0.9697619,0.9697619,0.06804274,0.06804274
P398,202510261600,2510261725,8,3,10 Hz,10.0,EXPERIMENTAL,LIGHT,True,,saveTime_2510261725__sessionTime_202510261600__participant_P398__trialN_8__trialT_3__fileType_cropped.png,1,,saveTime_2510261725__sessionTime_202510261600__participant_P398__trialN_8__trialT_3__fileType_cropped.png,0.0058918125,0.26612532,0.23685892,0.32707068,0.5689214,0.7283263,0.9784826,0.9784826,0.06856365,0.06856365
P398,202510261600,2510261729,9,5,20 Hz,20.0,EXPERIMENTAL,LIGHT,True,,saveTime_2510261729__sessionTime_202510261600__participant_P398__trialN_9__trialT_5__fileType_cropped.png,1,,saveTime_2510261729__sessionTime_202510261600__participant_P398__trialN_9__trialT_5__fileType_cropped.png,0.011399402,0.5148958,0.34725955,0.4795193,0.26879865,0.34411278,0.9633446,0.9633446,0.06378828,0.06378828
P398,202510261600,2510261733,10,6,40 Hz,40.0,EXPERIMENTAL,LIGHT,True,,saveTime_2510261733__sessionTime_202510261600__participant_P398__trialN_10__trialT_6__fileType_cropped.png,1,,saveTime_2510261733__sessionTime_202510261600__participant_P398__trialN_10__trialT_6__fileType_cropped.png,0.0009912548,0.044773657,0.07404439,0.102245465,0.60808927,0.77846855,0.47532716,0.47532716,0.04647033,0.04647033
P398,202510261600,2510261737,11,3,10 Hz,10.0,EXPERIMENTAL,LIGHT,True,,saveTime_2510261737__sessionTime_202510261600__participant_P398__trialN_11__trialT_3__fileType_cropped.png,1,,saveTime_2510261737__sessionTime_202510261600__participant_P398__trialN_11__trialT_3__fileType_cropped.png,0.0012791179,0.05777605,0.121720836,0.1680803,0.47887263,0.61304694,0.9483691,0.9483691,0.052248787,0.052248787
P398,202510261600,2510261751,12,C09,,,VALIDATION,IMAGE,True,,saveTime_2510261751__sessionTime_202510261600__participant_P398__trialN_12__trialT_C09__fileType_cropped.png,1,,saveTime_2510261751__sessionTime_202510261600__participant_P398__trialN_12__trialT_C09__fileType_cropped.png,0.01863057,0.841518,0.024366656,0.033647116,0.66864175,0.85598713,0.48978513,0.48978513,0.08231556,0.08231556
P398,202510261600,2510261755,13,7,80 Hz,80.0,CONTROL,LIGHT,True,,saveTime_2510261755__sessionTime_202510261600__participant_P398__trialN_13__trialT_7__fileType_cropped.png,1,,saveTime_2510261755__sessionTime_202510261600__participant_P398__trialN_13__trialT_7__fileType_cropped.png,0.00024357179,0.011001813,0.0010748492,0.0014842239,0.9316291,1.1926603,0.83731836,0.83731836,0.19020827,0.19020827
P398,202510261600,2510261759,14,2,5 Hz,5.0,EXPERIMENTAL,LIGHT,True,,saveTime_2510261759__sessionTime_202510261600__participant_P398__trialN_14__trialT_2__fileType_cropped.png,1,,saveTime_2510261759__sessionTime_202510261600__participant_P398__trialN_14__trialT_2__fileType_cropped.png,0.006490295,0.29315796,0.49307898,0.68087655,0.06251898,0.080036044,0.8934002,0.8934002,0.17481606,0.17481606
P398,202510261600,2510261802,15,A02,,,VALIDATION,IMAGE,True,,saveTime_2510261802__sessionTime_202510261600__participant_P398__trialN_15__trialT_A02__fileType_cropped.png,1,,saveTime_2510261802__sessionTime_202510261600__participant_P398__trialN_15__trialT_A02__fileType_cropped.png,0.0025210385,0.11387195,0.06097671,0.08420073,0.62344795,0.7981306,0.045504138,0.045504138,0.16372372,0.16372372
P398,202510261600,2510261806,16,2,5 Hz,5.0,EXPERIMENTAL,LIGHT,True,,saveTime_2510261806__sessionTime_202510261600__participant_P398__trialN_16__trialT_2__fileType_cropped.png,1,,saveTime_2510261806__sessionTime_202510261600__participant_P398__trialN_16__trialT_2__fileType_cropped.png,0.0023339302,0.105420515,0.103962705,0.14355868,0.54375625,0.6961102,0.8723908,0.8723908,0.15738727,0.15738727
P398,202510261600,2510261811,17,1,2.5 Hz,2.5,EXPERIMENTAL,LIGHT,True,,saveTime_2510261811__sessionTime_202510261600__participant_P398__trialN_17__trialT_1__fileType_cropped.png,1,,saveTime_2510261811__sessionTime_202510261600__participant_P398__trialN_17__trialT_1__fileType_cropped.png,0.0006101714,0.027560629,0.20248389,0.27960336,0.53473425,0.68456036,0.8340065,0.8340065,0.072052695,0.072052695
