png_filename,participant_code,trialn,condition_code,category,geometric_present,semantic_present,confidence_score
saveTime_2510171012__sessionTime_202510170920__participant_P301__trialN_2__trialT_7__fileType_cropped.png,P301,2,7,Null,False,False,0.95
saveTime_2510171017__sessionTime_202510170920__participant_P301__trialN_3__trialT_2__fileType_cropped.png,P301,3,2,Geometric Only,True,False,0.95
saveTime_2510171023__sessionTime_202510170920__participant_P301__trialN_5__trialT_2__fileType_cropped.png,P301,5,2,Geometric Only,True,False,0.95
saveTime_2510171041__sessionTime_202510170920__participant_P301__trialN_7__trialT_4__fileType_cropped.png,P301,7,4,Geometric Only,True,False,0.95
saveTime_2510171045__sessionTime_202510170920__participant_P301__trialN_8__trialT_5__fileType_cropped.png,P301,8,5,Geometric Only,True,False,0.95
saveTime_2510171048__sessionTime_202510170920__participant_P301__trialN_9__trialT_3__fileType_cropped.png,P301,9,3,Geometric Only,True,False,0.95
saveTime_2510171052__sessionTime_202510170920__participant_P301__trialN_10__trialT_4__fileType_cropped.png,P301,10,4,Geometric Only,True,False,0.95
saveTime_2510171105__sessionTime_202510170920__participant_P301__trialN_12__trialT_5__fileType_cropped.png,P301,12,5,Geometric Only,True,False,0.95
saveTime_2510171108__sessionTime_202510170920__participant_P301__trialN_13__trialT_6__fileType_cropped.png,P301,13,6,Geometric Only,True,False,0.95
saveTime_2510171112__sessionTime_202510170920__participant_P301__trialN_14__trialT_6__fileType_cropped.png,P301,14,6,Geometric Only,True,False,0.95
saveTime_2510171116__sessionTime_202510170920__participant_P301__trialN_15__trialT_3__fileType_cropped.png,P301,15,3,Geometric Only,True,False,0.95
saveTime_2510171119__sessionTime_202510170920__participant_P301__trialN_16__trialT_1__fileType_cropped.png,P301,16,1,Geometric Only,True,False,0.95
saveTime_2510171122__sessionTime_202510170920__participant_P301__trialN_17__trialT_1__fileType_cropped.png,P301,17,1,Geometric Only,True,False,0.95
saveTime_2510171013__sessionTime_202510170920__participant_P302__trialN_2__trialT_7__fileType_cropped.png,P302,2,7,Geometric Only,True,False,0.95
saveTime_2510171017__sessionTime_202510170920__participant_P302__trialN_3__trialT_2__fileType_cropped.png,P302,3,2,Geometric Only,True,False,0.95
saveTime_2510171024__sessionTime_202510170920__participant_P302__trialN_5__trialT_2__fileType_cropped.png,P302,5,2,Geometric Only,True,False,0.95
saveTime_2510171041__sessionTime_202510170920__participant_P302__trialN_7__trialT_4__fileType_cropped.png,P302,7,4,Geometric Only,True,False,0.95
saveTime_2510171045__sessionTime_202510170920__participant_P302__trialN_8__trialT_5__fileType_cropped.png,P302,8,5,Geometric Only,True,False,0.95
saveTime_2510171049__sessionTime_202510170920__participant_P302__trialN_9__trialT_3__fileType_cropped.png,P302,9,3,Geometric Only,True,False,0.95
saveTime_2510171052__sessionTime_202510170920__participant_P302__trialN_10__trialT_4__fileType_cropped.png,P302,10,4,Geometric Only,True,False,0.95
saveTime_2510171106__sessionTime_202510170920__participant_P302__trialN_12__trialT_5__fileType_cropped.png,P302,12,5,Geometric Only,True,False,0.95
saveTime_2510171109__sessionTime_202510170920__participant_P302__trialN_13__trialT_6__fileType_cropped.png,P302,13,6,Geometric Only,True,False,0.95
saveTime_2510171112__sessionTime_202510170920__participant_P302__trialN_14__trialT_6__fileType_cropped.png,P302,14,6,Geometric Only,True,False,0.95
saveTime_2510171116__sessionTime_202510170920__participant_P302__trialN_15__trialT_3__fileType_cropped.png,P302,15,3,Geometric Only,True,False,0.95
saveTime_2510171120__sessionTime_202510170920__participant_P302__trialN_16__trialT_1__fileType_cropped.png,P302,16,1,Geometric Only,True,False,0.95
saveTime_2510171124__sessionTime_202510170920__participant_P302__trialN_17__trialT_1__fileType_cropped.png,P302,17,1,Geometric Only,True,False,0.85
saveTime_2510171013__sessionTime_202510170920__participant_P303__trialN_2__trialT_7__fileType_cropped.png,P303,2,7,Null,False,False,0.95
saveTime_2510171017__sessionTime_202510170920__participant_P303__trialN_3__trialT_2__fileType_cropped.png,P303,3,2,Geometric Only,True,False,0.95
saveTime_2510171025__sessionTime_202510170920__participant_P303__trialN_5__trialT_2__fileType_cropped.png,P303,5,2,Geometric Only,True,False,0.95
saveTime_2510171042__sessionTime_202510170920__participant_P303__trialN_7__trialT_4__fileType_cropped.png,P303,7,4,Geometric Only,True,False,0.95
saveTime_2510171046__sessionTime_202510170920__participant_P303__trialN_8__trialT_5__fileType_cropped.png,P303,8,5,Geometric Only,True,False,0.85
saveTime_2510171049__sessionTime_202510170920__participant_P303__trialN_9__trialT_3__fileType_cropped.png,P303,9,3,Null,False,False,0.95
saveTime_2510171052__sessionTime_202510170920__participant_P303__trialN_10__trialT_4__fileType_cropped.png,P303,10,4,Geometric Only,True,False,0.85
saveTime_2510171106__sessionTime_202510170920__participant_P303__trialN_12__trialT_5__fileType_cropped.png,P303,12,5,Geometric Only,True,False,0.95
saveTime_2510171109__sessionTime_202510170920__participant_P303__trialN_13__trialT_6__fileType_cropped.png,P303,13,6,Geometric Only,True,False,0.95
saveTime_2510171112__sessionTime_202510170920__participant_P303__trialN_14__trialT_6__fileType_cropped.png,P303,14,6,Null,False,False,0.95
saveTime_2510171116__sessionTime_202510170920__participant_P303__trialN_15__trialT_3__fileType_cropped.png,P303,15,3,Geometric Only,True,False,0.85
saveTime_2510171120__sessionTime_202510170920__participant_P303__trialN_16__trialT_1__fileType_cropped.png,P303,16,1,Null,False,False,0.95
saveTime_2510171124__sessionTime_202510170920__participant_P303__trialN_17__trialT_1__fileType_cropped.png,P303,17,1,Null,False,False,0.95
saveTime_2510171013__sessionTime_202510170920__participant_P304__trialN_2__trialT_7__fileType_cropped.png,P304,2,7,Null,False,False,0.95
saveTime_2510171017__sessionTime_202510170920__participant_P304__trialN_3__trialT_2__fileType_cropped.png,P304,3,2,Geometric Only,True,False,0.85
saveTime_2510171024__sessionTime_202510170920__participant_P304__trialN_5__trialT_2__fileType_cropped.png,P304,5,2,Geometric Only,True,False,0.95
saveTime_2510171041__sessionTime_202510170920__participant_P304__trialN_7__trialT_4__fileType_cropped.png,P304,7,4,Geometric Only,True,False,0.95
saveTime_2510171045__sessionTime_202510170920__participant_P304__trialN_8__trialT_5__fileType_cropped.png,P304,8,5,Null,False,False,0.95
saveTime_2510171049__sessionTime_202510170920__participant_P304__trialN_9__trialT_3__fileType_cropped.png,P304,9,3,Geometric Only,True,False,0.95
saveTime_2510171052__sessionTime_202510170920__participant_P304__trialN_10__trialT_4__fileType_cropped.png,P304,10,4,Geometric Only,True,False,0.85
saveTime_2510171106__sessionTime_202510170920__participant_P304__trialN_12__trialT_5__fileType_cropped.png,P304,12,5,Geometric Only,True,False,0.95
saveTime_2510171109__sessionTime_202510170920__participant_P304__trialN_13__trialT_6__fileType_cropped.png,P304,13,6,Geometric Only,True,False,0.95
saveTime_2510171112__sessionTime_202510170920__participant_P304__trialN_14__trialT_6__fileType_cropped.png,P304,14,6,Geometric Only,True,False,0.85
saveTime_2510171116__sessionTime_202510170920__participant_P304__trialN_15__trialT_3__fileType_cropped.png,P304,15,3,Geometric Only,True,False,0.95
saveTime_2510171120__sessionTime_202510170920__participant_P304__trialN_16__trialT_1__fileType_cropped.png,P304,16,1,Null,False,False,0.95
saveTime_2510171124__sessionTime_202510170920__participant_P304__trialN_17__trialT_1__fileType_cropped.png,P304,17,1,Null,False,False,0.95
saveTime_2510171013__sessionTime_202510170920__participant_P305__trialN_2__trialT_7__fileType_cropped.png,P305,2,7,Null,False,False,0.95
saveTime_2510171017__sessionTime_202510170920__participant_P305__trialN_3__trialT_2__fileType_cropped.png,P305,3,2,Geometric Only,True,False,0.95
saveTime_2510171024__sessionTime_202510170920__participant_P305__trialN_5__trialT_2__fileType_cropped.png,P305,5,2,Geometric Only,True,False,0.95
saveTime_2510171041__sessionTime_202510170920__participant_P305__trialN_7__trialT_4__fileType_cropped.png,P305,7,4,Geometric Only,True,False,0.95
saveTime_2510171045__sessionTime_202510170920__participant_P305__trialN_8__trialT_5__fileType_cropped.png,P305,8,5,Geometric Only,True,False,0.95
saveTime_2510171049__sessionTime_202510170920__participant_P305__trialN_9__trialT_3__fileType_cropped.png,P305,9,3,Geometric Only,True,False,0.95
saveTime_2510171053__sessionTime_202510170920__participant_P305__trialN_10__trialT_4__fileType_cropped.png,P305,10,4,Geometric Only,True,False,0.95
saveTime_2510171106__sessionTime_202510170920__participant_P305__trialN_12__trialT_5__fileType_cropped.png,P305,12,5,Geometric Only,True,False,0.95
saveTime_2510171109__sessionTime_202510170920__participant_P305__trialN_13__trialT_6__fileType_cropped.png,P305,13,6,Geometric Only,True,False,0.95
saveTime_2510171113__sessionTime_202510170920__participant_P305__trialN_14__trialT_6__fileType_cropped.png,P305,14,6,Geometric Only,True,False,0.95
saveTime_2510171116__sessionTime_202510170920__participant_P305__trialN_15__trialT_3__fileType_cropped.png,P305,15,3,Geometric Only,True,False,0.95
saveTime_2510171120__sessionTime_202510170920__participant_P305__trialN_16__trialT_1__fileType_cropped.png,P305,16,1,Geometric Only,True,False,0.85
saveTime_2510171124__sessionTime_202510170920__participant_P305__trialN_17__trialT_1__fileType_cropped.png,P305,17,1,Geometric Only,True,False,0.95
saveTime_2510171332__sessionTime_202510171240__participant_P306__trialN_2__trialT_2__fileType_cropped.png,P306,2,2,Geometric Only,True,False,0.95
saveTime_2510171336__sessionTime_202510171240__participant_P306__trialN_3__trialT_5__fileType_cropped.png,P306,3,5,Geometric Only,True,False,0.95
saveTime_2510171355__sessionTime_202510171240__participant_P306__trialN_5__trialT_5__fileType_cropped.png,P306,5,5,Geometric Only,True,False,0.95
saveTime_2510171403__sessionTime_202510171240__participant_P306__trialN_7__trialT_4__fileType_cropped.png,P306,7,4,Geometric Only,True,False,0.95
saveTime_2510171408__sessionTime_202510171240__participant_P306__trialN_8__trialT_6__fileType_cropped.png,P306,8,6,Geometric Only,True,False,0.95
saveTime_2510171412__sessionTime_202510171240__participant_P306__trialN_9__trialT_1__fileType_cropped.png,P306,9,1,Null,False,False,0.95
saveTime_2510171416__sessionTime_202510171240__participant_P306__trialN_10__trialT_6__fileType_cropped.png,P306,10,6,Geometric Only,True,False,0.95
saveTime_2510171436__sessionTime_202510171240__participant_P306__trialN_12__trialT_7__fileType_cropped.png,P306,12,7,Null,False,False,0.95
saveTime_2510171445__sessionTime_202510171240__participant_P306__trialN_14__trialT_1__fileType_cropped.png,P306,14,1,Geometric Only,True,False,0.95
saveTime_2510171449__sessionTime_202510171240__participant_P306__trialN_15__trialT_3__fileType_cropped.png,P306,15,3,Geometric Only,True,False,0.95
saveTime_2510171454__sessionTime_202510171240__participant_P306__trialN_16__trialT_4__fileType_cropped.png,P306,16,4,Geometric Only,True,False,0.95
saveTime_2512051119__sessionTime_202510171240__participant_P306__trialN_101__trialT_2__fileType_cropped.png,P306,101,2,Geometric Only,True,False,0.95
saveTime_2512051123__sessionTime_202510171240__participant_P306__trialN_102__trialT_3__fileType_cropped.png,P306,102,3,Geometric Only,True,False,0.95
saveTime_2510171332__sessionTime_202510171240__participant_P307__trialN_2__trialT_2__fileType_cropped.png,P307,2,2,Geometric Only,True,False,0.95
saveTime_2510171336__sessionTime_202510171240__participant_P307__trialN_3__trialT_5__fileType_cropped.png,P307,3,5,Geometric Only,True,False,0.95
saveTime_2510171340__sessionTime_202510171240__participant_P307__trialN_4__trialT_3__fileType_cropped.png,P307,4,3,Geometric Only,True,False,0.95
saveTime_2510171356__sessionTime_202510171240__participant_P307__trialN_5__trialT_5__fileType_cropped.png,P307,5,5,Geometric Only,True,False,0.95
saveTime_2510171359__sessionTime_202510171240__participant_P307__trialN_6__trialT_2__fileType_cropped.png,P307,6,2,Null,False,False,0.95
saveTime_2510171404__sessionTime_202510171240__participant_P307__trialN_7__trialT_4__fileType_cropped.png,P307,7,4,Geometric Only,True,False,0.95
saveTime_2510171408__sessionTime_202510171240__participant_P307__trialN_8__trialT_6__fileType_cropped.png,P307,8,6,Geometric Only,True,False,0.95
saveTime_2510171412__sessionTime_202510171240__participant_P307__trialN_9__trialT_1__fileType_cropped.png,P307,9,1,Geometric Only,True,False,0.95
saveTime_2510171415__sessionTime_202510171240__participant_P307__trialN_10__trialT_6__fileType_cropped.png,P307,10,6,Geometric Only,True,False,0.95
saveTime_2510171436__sessionTime_202510171240__participant_P307__trialN_12__trialT_7__fileType_cropped.png,P307,12,7,Null,False,False,0.95
saveTime_2510171446__sessionTime_202510171240__participant_P307__trialN_14__trialT_1__fileType_cropped.png,P307,14,1,Geometric Only,True,False,0.95
saveTime_2510171450__sessionTime_202510171240__participant_P307__trialN_15__trialT_3__fileType_cropped.png,P307,15,3,Geometric Only,True,False,0.95
saveTime_2510171453__sessionTime_202510171240__participant_P307__trialN_16__trialT_4__fileType_cropped.png,P307,16,4,Geometric Only,True,False,0.95
saveTime_2510171332__sessionTime_202510171240__participant_P308__trialN_2__trialT_2__fileType_cropped.png,P308,2,2,Geometric Only,True,False,0.95
saveTime_2510171336__sessionTime_202510171240__participant_P308__trialN_3__trialT_5__fileType_cropped.png,P308,3,5,Geometric Only,True,False,0.95
saveTime_2510171340__sessionTime_202510171240__participant_P308__trialN_4__trialT_3__fileType_cropped.png,P308,4,3,Geometric Only,True,False,0.95
saveTime_2510171356__sessionTime_202510171240__participant_P308__trialN_5__trialT_5__fileType_cropped.png,P308,5,5,Geometric Only,True,False,0.95
saveTime_2510171400__sessionTime_202510171240__participant_P308__trialN_6__trialT_2__fileType_cropped.png,P308,6,2,Geometric Only,True,False,0.95
saveTime_2510171404__sessionTime_202510171240__participant_P308__trialN_7__trialT_4__fileType_cropped.png,P308,7,4,Geometric Only,True,False,0.95
saveTime_2510171409__sessionTime_202510171240__participant_P308__trialN_8__trialT_6__fileType_cropped.png,P308,8,6,Geometric Only,True,False,0.95
saveTime_2510171413__sessionTime_202510171240__participant_P308__trialN_9__trialT_1__fileType_cropped.png,P308,9,1,Geometric Only,True,False,0.95
saveTime_2510171416__sessionTime_202510171240__participant_P308__trialN_10__trialT_6__fileType_cropped.png,P308,10,6,Geometric Only,True,False,0.95
saveTime_2510171437__sessionTime_202510171240__participant_P308__trialN_12__trialT_7__fileType_cropped.png,P308,12,7,Null,False,False,0.99
saveTime_2510171446__sessionTime_202510171240__participant_P308__trialN_14__trialT_1__fileType_cropped.png,P308,14,1,Geometric Only,True,False,0.95
saveTime_2510171450__sessionTime_202510171240__participant_P308__trialN_15__trialT_3__fileType_cropped.png,P308,15,3,Geometric Only,True,False,0.95
saveTime_2510171454__sessionTime_202510171240__participant_P308__trialN_16__trialT_4__fileType_cropped.png,P308,16,4,Geometric Only,True,False,0.95
saveTime_2510171332__sessionTime_202510171240__participant_P309__trialN_2__trialT_2__fileType_cropped.png,P309,2,2,Geometric Only,True,False,0.95
saveTime_2510171336__sessionTime_202510171240__participant_P309__trialN_3__trialT_5__fileType_cropped.png,P309,3,5,Geometric Only,True,False,0.95
saveTime_2510171340__sessionTime_202510171240__participant_P309__trialN_4__trialT_3__fileType_cropped.png,P309,4,3,Geometric Only,True,False,0.95
saveTime_2510171356__sessionTime_202510171240__participant_P309__trialN_5__trialT_5__fileType_cropped.png,P309,5,5,Geometric Only,True,False,0.95
saveTime_2510171359__sessionTime_202510171240__participant_P309__trialN_6__trialT_2__fileType_cropped.png,P309,6,2,Geometric Only,True,False,0.85
saveTime_2510171404__sessionTime_202510171240__participant_P309__trialN_7__trialT_4__fileType_cropped.png,P309,7,4,Geometric Only,True,False,0.95
saveTime_2510171409__sessionTime_202510171240__participant_P309__trialN_8__trialT_6__fileType_cropped.png,P309,8,6,Geometric Only,True,False,0.95
saveTime_2510171412__sessionTime_202510171240__participant_P309__trialN_9__trialT_1__fileType_cropped.png,P309,9,1,Null,False,False,0.95
saveTime_2510171416__sessionTime_202510171240__participant_P309__trialN_10__trialT_6__fileType_cropped.png,P309,10,6,Geometric Only,True,False,0.85
saveTime_2510171449__sessionTime_202510171240__participant_P309__trialN_14__trialT_1__fileType_cropped.png,P309,14,1,Geometric Only,True,False,0.95
saveTime_2510171453__sessionTime_202510171240__participant_P309__trialN_15__trialT_3__fileType_cropped.png,P309,15,3,Geometric Only,True,False,0.95
saveTime_2510171332__sessionTime_202510171240__participant_P310__trialN_2__trialT_2__fileType_cropped.png,P310,2,2,Geometric Only,True,False,0.95
saveTime_2510171336__sessionTime_202510171240__participant_P310__trialN_3__trialT_5__fileType_cropped.png,P310,3,5,Geometric Only,True,False,0.95
saveTime_2510171339__sessionTime_202510171240__participant_P310__trialN_4__trialT_3__fileType_cropped.png,P310,4,3,Geometric Only,True,False,0.95
saveTime_2510171355__sessionTime_202510171240__participant_P310__trialN_5__trialT_5__fileType_cropped.png,P310,5,5,Geometric Only,True,False,0.95
saveTime_2510171359__sessionTime_202510171240__participant_P310__trialN_6__trialT_2__fileType_cropped.png,P310,6,2,Geometric Only,True,False,0.95
saveTime_2510171403__sessionTime_202510171240__participant_P310__trialN_7__trialT_4__fileType_cropped.png,P310,7,4,Geometric Only,True,False,0.95
saveTime_2510171408__sessionTime_202510171240__participant_P310__trialN_8__trialT_6__fileType_cropped.png,P310,8,6,Geometric Only,True,False,0.95
saveTime_2510171412__sessionTime_202510171240__participant_P310__trialN_9__trialT_1__fileType_cropped.png,P310,9,1,Geometric Only,True,False,0.95
saveTime_2510171417__sessionTime_202510171240__participant_P310__trialN_10__trialT_6__fileType_cropped.png,P310,10,6,Geometric Only,True,False,0.95
saveTime_2510171436__sessionTime_202510171240__participant_P310__trialN_12__trialT_7__fileType_cropped.png,P310,12,7,Null,False,False,0.95
saveTime_2510171445__sessionTime_202510171240__participant_P310__trialN_14__trialT_1__fileType_cropped.png,P310,14,1,Geometric Only,True,False,0.95
saveTime_2510171450__sessionTime_202510171240__participant_P310__trialN_15__trialT_3__fileType_cropped.png,P310,15,3,Geometric Only,True,False,0.95
saveTime_2510171453__sessionTime_202510171240__participant_P310__trialN_16__trialT_4__fileType_cropped.png,P310,16,4,Geometric Only,True,False,0.95
saveTime_2510171518__sessionTime_202510171420__participant_P311__trialN_2__trialT_5__fileType_cropped.png,P311,2,5,Geometric Only,True,False,0.95
saveTime_2510171522__sessionTime_202510171420__participant_P311__trialN_3__trialT_1__fileType_cropped.png,P311,3,1,Geometric Only,True,False,0.95
saveTime_2510171525__sessionTime_202510171420__participant_P311__trialN_4__trialT_4__fileType_cropped.png,P311,4,4,Geometric Only,True,False,0.95
saveTime_2510171539__sessionTime_202510171420__participant_P311__trialN_6__trialT_4__fileType_cropped.png,P311,6,4,Geometric Only,True,False,0.95
saveTime_2510171543__sessionTime_202510171420__participant_P311__trialN_7__trialT_2__fileType_cropped.png,P311,7,2,Geometric Only,True,False,0.95
saveTime_2510171547__sessionTime_202510171420__participant_P311__trialN_8__trialT_6__fileType_cropped.png,P311,8,6,Geometric Only,True,False,0.95
saveTime_2510171551__sessionTime_202510171420__participant_P311__trialN_9__trialT_2__fileType_cropped.png,P311,9,2,Geometric Only,True,False,0.95
saveTime_2510171555__sessionTime_202510171420__participant_P311__trialN_10__trialT_3__fileType_cropped.png,P311,10,3,Geometric Only,True,False,0.95
saveTime_2510171559__sessionTime_202510171420__participant_P311__trialN_11__trialT_5__fileType_cropped.png,P311,11,5,Geometric Only,True,False,0.95
saveTime_2510171609__sessionTime_202510171420__participant_P311__trialN_12__trialT_7__fileType_cropped.png,P311,12,7,Null,False,False,0.99
saveTime_2510171617__sessionTime_202510171420__participant_P311__trialN_14__trialT_3__fileType_cropped.png,P311,14,3,Geometric Only,True,False,0.95
saveTime_2510171624__sessionTime_202510171420__participant_P311__trialN_16__trialT_1__fileType_cropped.png,P311,16,1,Geometric Only,True,False,0.95
saveTime_2510171628__sessionTime_202510171420__participant_P311__trialN_17__trialT_6__fileType_cropped.png,P311,17,6,Geometric Only,True,False,0.95
saveTime_2510171518__sessionTime_202510171420__participant_P312__trialN_2__trialT_5__fileType_cropped.png,P312,2,5,Geometric Only,True,False,0.95
saveTime_2510171522__sessionTime_202510171420__participant_P312__trialN_3__trialT_1__fileType_cropped.png,P312,3,1,Geometric Only,True,False,0.95
saveTime_2510171526__sessionTime_202510171420__participant_P312__trialN_4__trialT_4__fileType_cropped.png,P312,4,4,Geometric Only,True,False,0.95
saveTime_2510171539__sessionTime_202510171420__participant_P312__trialN_6__trialT_4__fileType_cropped.png,P312,6,4,Geometric Only,True,False,0.95
saveTime_2510171543__sessionTime_202510171420__participant_P312__trialN_7__trialT_2__fileType_cropped.png,P312,7,2,Geometric Only,True,False,0.95
saveTime_2510171547__sessionTime_202510171420__participant_P312__trialN_8__trialT_6__fileType_cropped.png,P312,8,6,Geometric Only,True,False,0.85
saveTime_2510171551__sessionTime_202510171420__participant_P312__trialN_9__trialT_2__fileType_cropped.png,P312,9,2,Geometric Only,True,False,0.95
saveTime_2510171555__sessionTime_202510171420__participant_P312__trialN_10__trialT_3__fileType_cropped.png,P312,10,3,Geometric Only,True,False,0.95
saveTime_2510171559__sessionTime_202510171420__participant_P312__trialN_11__trialT_5__fileType_cropped.png,P312,11,5,Geometric Only,True,False,0.95
saveTime_2510171610__sessionTime_202510171420__participant_P312__trialN_12__trialT_7__fileType_cropped.png,P312,12,7,Null,False,False,0.95
saveTime_2510171618__sessionTime_202510171420__participant_P312__trialN_14__trialT_3__fileType_cropped.png,P312,14,3,Geometric Only,True,False,0.95
saveTime_2510171625__sessionTime_202510171420__participant_P312__trialN_16__trialT_1__fileType_cropped.png,P312,16,1,Geometric Only,True,False,0.95
saveTime_2510171629__sessionTime_202510171420__participant_P312__trialN_17__trialT_6__fileType_cropped.png,P312,17,6,Geometric Only,True,False,0.95
saveTime_2510171518__sessionTime_202510171420__participant_P313__trialN_2__trialT_5__fileType_cropped.png,P313,2,5,Geometric Only,True,False,0.95
saveTime_2510171522__sessionTime_202510171420__participant_P313__trialN_3__trialT_1__fileType_cropped.png,P313,3,1,Geometric Only,True,False,0.95
saveTime_2510171526__sessionTime_202510171420__participant_P313__trialN_4__trialT_4__fileType_cropped.png,P313,4,4,Geometric Only,True,False,0.95
saveTime_2510171539__sessionTime_202510171420__participant_P313__trialN_6__trialT_4__fileType_cropped.png,P313,6,4,Geometric Only,True,False,0.85
saveTime_2510171543__sessionTime_202510171420__participant_P313__trialN_7__trialT_2__fileType_cropped.png,P313,7,2,Null,False,False,0.95
saveTime_2510171547__sessionTime_202510171420__participant_P313__trialN_8__trialT_6__fileType_cropped.png,P313,8,6,Geometric Only,True,False,0.95
saveTime_2510171550__sessionTime_202510171420__participant_P313__trialN_9__trialT_2__fileType_cropped.png,P313,9,2,Geometric Only,True,False,0.95
saveTime_2510171554__sessionTime_202510171420__participant_P313__trialN_10__trialT_3__fileType_cropped.png,P313,10,3,Geometric Only,True,False,0.85
saveTime_2510171559__sessionTime_202510171420__participant_P313__trialN_11__trialT_5__fileType_cropped.png,P313,11,5,Geometric Only,True,False,0.95
saveTime_2510171608__sessionTime_202510171420__participant_P313__trialN_12__trialT_7__fileType_cropped.png,P313,12,7,Null,False,False,0.99
saveTime_2510171617__sessionTime_202510171420__participant_P313__trialN_14__trialT_3__fileType_cropped.png,P313,14,3,Geometric Only,True,False,0.95
saveTime_2510171624__sessionTime_202510171420__participant_P313__trialN_16__trialT_1__fileType_cropped.png,P313,16,1,Null,False,False,0.95
saveTime_2510171628__sessionTime_202510171420__participant_P313__trialN_17__trialT_6__fileType_cropped.png,P313,17,6,Geometric Only,True,False,0.95
saveTime_2510171519__sessionTime_202510171420__participant_P314__trialN_2__trialT_5__fileType_cropped.png,P314,2,5,Geometric Only,True,False,0.95
saveTime_2510171522__sessionTime_202510171420__participant_P314__trialN_3__trialT_1__fileType_cropped.png,P314,3,1,Geometric Only,True,False,0.95
saveTime_2510171526__sessionTime_202510171420__participant_P314__trialN_4__trialT_4__fileType_cropped.png,P314,4,4,Geometric Only,True,False,0.95
saveTime_2510171540__sessionTime_202510171420__participant_P314__trialN_6__trialT_4__fileType_cropped.png,P314,6,4,Geometric Only,True,False,0.95
saveTime_2510171543__sessionTime_202510171420__participant_P314__trialN_7__trialT_2__fileType_cropped.png,P314,7,2,Geometric Only,True,False,0.95
saveTime_2510171547__sessionTime_202510171420__participant_P314__trialN_8__trialT_6__fileType_cropped.png,P314,8,6,Null,False,False,0.95
saveTime_2510171551__sessionTime_202510171420__participant_P314__trialN_9__trialT_2__fileType_cropped.png,P314,9,2,Geometric Only,True,False,0.95
saveTime_2510171555__sessionTime_202510171420__participant_P314__trialN_10__trialT_3__fileType_cropped.png,P314,10,3,Geometric Only,True,False,0.95
saveTime_2510171600__sessionTime_202510171420__participant_P314__trialN_11__trialT_5__fileType_cropped.png,P314,11,5,Geometric Only,True,False,0.95
saveTime_2510171610__sessionTime_202510171420__participant_P314__trialN_12__trialT_7__fileType_cropped.png,P314,12,7,Null,False,False,0.95
saveTime_2510171617__sessionTime_202510171420__participant_P314__trialN_14__trialT_3__fileType_cropped.png,P314,14,3,Geometric Only,True,False,0.95
saveTime_2510171626__sessionTime_202510171420__participant_P314__trialN_16__trialT_1__fileType_cropped.png,P314,16,1,Geometric Only,True,False,0.95
saveTime_2510171630__sessionTime_202510171420__participant_P314__trialN_17__trialT_6__fileType_cropped.png,P314,17,6,Geometric Only,True,False,0.85
saveTime_2510171519__sessionTime_202510171420__participant_P315__trialN_2__trialT_5__fileType_cropped.png,P315,2,5,Geometric Only,True,False,0.95
saveTime_2510171522__sessionTime_202510171420__participant_P315__trialN_3__trialT_1__fileType_cropped.png,P315,3,1,Null,False,False,0.95
saveTime_2510171526__sessionTime_202510171420__participant_P315__trialN_4__trialT_4__fileType_cropped.png,P315,4,4,Geometric Only,True,False,0.95
saveTime_2510171539__sessionTime_202510171420__participant_P315__trialN_6__trialT_4__fileType_cropped.png,P315,6,4,Geometric Only,True,False,0.95
saveTime_2510171543__sessionTime_202510171420__participant_P315__trialN_7__trialT_2__fileType_cropped.png,P315,7,2,Null,False,False,0.95
saveTime_2510171547__sessionTime_202510171420__participant_P315__trialN_8__trialT_6__fileType_cropped.png,P315,8,6,Geometric Only,True,False,0.95
saveTime_2510171550__sessionTime_202510171420__participant_P315__trialN_9__trialT_2__fileType_cropped.png,P315,9,2,Geometric Only,True,False,0.95
saveTime_2510171555__sessionTime_202510171420__participant_P315__trialN_10__trialT_3__fileType_cropped.png,P315,10,3,Geometric Only,True,False,0.95
saveTime_2510171559__sessionTime_202510171420__participant_P315__trialN_11__trialT_5__fileType_cropped.png,P315,11,5,Geometric Only,True,False,0.95
saveTime_2510171610__sessionTime_202510171420__participant_P315__trialN_12__trialT_7__fileType_cropped.png,P315,12,7,Null,False,False,0.95
saveTime_2510171617__sessionTime_202510171420__participant_P315__trialN_14__trialT_3__fileType_cropped.png,P315,14,3,Geometric Only,True,False,0.95
saveTime_2510171625__sessionTime_202510171420__participant_P315__trialN_16__trialT_1__fileType_cropped.png,P315,16,1,Null,False,False,0.95
saveTime_2510171629__sessionTime_202510171420__participant_P315__trialN_17__trialT_6__fileType_cropped.png,P315,17,6,Null,False,False,0.95
saveTime_2510171655__sessionTime_202510171600__participant_P316__trialN_2__trialT_3__fileType_cropped.png,P316,2,3,Geometric Only,True,False,0.95
saveTime_2510171701__sessionTime_202510171600__participant_P316__trialN_3__trialT_2__fileType_cropped.png,P316,3,2,Geometric Only,True,False,0.95
saveTime_2510171707__sessionTime_202510171600__participant_P316__trialN_4__trialT_1__fileType_cropped.png,P316,4,1,Geometric Only,True,False,0.95
saveTime_2510171722__sessionTime_202510171600__participant_P316__trialN_6__trialT_1__fileType_cropped.png,P316,6,1,Geometric Only,True,False,0.95
saveTime_2510171730__sessionTime_202510171600__participant_P316__trialN_8__trialT_6__fileType_cropped.png,P316,8,6,Geometric Only,True,False,0.95
saveTime_2510171734__sessionTime_202510171600__participant_P316__trialN_9__trialT_2__fileType_cropped.png,P316,9,2,Geometric Only,True,False,0.95
saveTime_2510171738__sessionTime_202510171600__participant_P316__trialN_10__trialT_5__fileType_cropped.png,P316,10,5,Geometric Only,True,False,0.95
saveTime_2510171743__sessionTime_202510171600__participant_P316__trialN_11__trialT_5__fileType_cropped.png,P316,11,5,Geometric Only,True,False,0.95
saveTime_2510171753__sessionTime_202510171600__participant_P316__trialN_12__trialT_4__fileType_cropped.png,P316,12,4,Geometric Only,True,False,0.95
saveTime_2510171758__sessionTime_202510171600__participant_P316__trialN_13__trialT_4__fileType_cropped.png,P316,13,4,Geometric Only,True,False,0.95
saveTime_2510171802__sessionTime_202510171600__participant_P316__trialN_14__trialT_6__fileType_cropped.png,P316,14,6,Geometric Only,True,False,0.95
saveTime_2510171805__sessionTime_202510171600__participant_P316__trialN_15__trialT_7__fileType_cropped.png,P316,15,7,Null,False,False,0.95
saveTime_2510171809__sessionTime_202510171600__participant_P316__trialN_16__trialT_3__fileType_cropped.png,P316,16,3,Geometric Only,True,False,0.95
saveTime_2510171655__sessionTime_202510171600__participant_P317__trialN_2__trialT_3__fileType_cropped.png,P317,2,3,Geometric Only,True,False,0.95
saveTime_2510171700__sessionTime_202510171600__participant_P317__trialN_3__trialT_2__fileType_cropped.png,P317,3,2,Geometric Only,True,False,0.95
saveTime_2510171708__sessionTime_202510171600__participant_P317__trialN_4__trialT_1__fileType_cropped.png,P317,4,1,Geometric Only,True,False,0.85
saveTime_2510171722__sessionTime_202510171600__participant_P317__trialN_6__trialT_1__fileType_cropped.png,P317,6,1,Geometric Only,True,False,0.95
saveTime_2510171730__sessionTime_202510171600__participant_P317__trialN_8__trialT_6__fileType_cropped.png,P317,8,6,Geometric Only,True,False,0.95
saveTime_2510171734__sessionTime_202510171600__participant_P317__trialN_9__trialT_2__fileType_cropped.png,P317,9,2,Geometric Only,True,False,0.95
saveTime_2510171738__sessionTime_202510171600__participant_P317__trialN_10__trialT_5__fileType_cropped.png,P317,10,5,Geometric Only,True,False,0.95
saveTime_2510171743__sessionTime_202510171600__participant_P317__trialN_11__trialT_5__fileType_cropped.png,P317,11,5,Geometric Only,True,False,0.95
saveTime_2510171753__sessionTime_202510171600__participant_P317__trialN_12__trialT_4__fileType_cropped.png,P317,12,4,Geometric Only,True,False,0.95
saveTime_2510171757__sessionTime_202510171600__participant_P317__trialN_13__trialT_4__fileType_cropped.png,P317,13,4,Geometric Only,True,False,0.85
saveTime_2510171801__sessionTime_202510171600__participant_P317__trialN_14__trialT_6__fileType_cropped.png,P317,14,6,Geometric Only,True,False,0.95
saveTime_2510171805__sessionTime_202510171600__participant_P317__trialN_15__trialT_7__fileType_cropped.png,P317,15,7,Null,False,False,0.95
saveTime_2510171808__sessionTime_202510171600__participant_P317__trialN_16__trialT_3__fileType_cropped.png,P317,16,3,Geometric Only,True,False,0.95
saveTime_2510171655__sessionTime_202510171600__participant_P318__trialN_2__trialT_3__fileType_cropped.png,P318,2,3,Geometric Only,True,False,0.95
saveTime_2510171700__sessionTime_202510171600__participant_P318__trialN_3__trialT_2__fileType_cropped.png,P318,3,2,Geometric Only,True,False,0.95
saveTime_2510171707__sessionTime_202510171600__participant_P318__trialN_4__trialT_1__fileType_cropped.png,P318,4,1,Geometric Only,True,False,0.95
saveTime_2510171722__sessionTime_202510171600__participant_P318__trialN_6__trialT_1__fileType_cropped.png,P318,6,1,Geometric Only,True,False,0.95
saveTime_2510171730__sessionTime_202510171600__participant_P318__trialN_8__trialT_6__fileType_cropped.png,P318,8,6,Geometric Only,True,False,0.85
saveTime_2510171734__sessionTime_202510171600__participant_P318__trialN_9__trialT_2__fileType_cropped.png,P318,9,2,Geometric Only,True,False,0.95
saveTime_2510171738__sessionTime_202510171600__participant_P318__trialN_10__trialT_5__fileType_cropped.png,P318,10,5,Geometric Only,True,False,0.85
saveTime_2510171742__sessionTime_202510171600__participant_P318__trialN_11__trialT_5__fileType_cropped.png,P318,11,5,Mixed,True,True,0.85
saveTime_2510171753__sessionTime_202510171600__participant_P318__trialN_12__trialT_4__fileType_cropped.png,P318,12,4,Geometric Only,True,False,0.95
saveTime_2510171757__sessionTime_202510171600__participant_P318__trialN_13__trialT_4__fileType_cropped.png,P318,13,4,Geometric Only,True,False,0.95
saveTime_2510171801__sessionTime_202510171600__participant_P318__trialN_14__trialT_6__fileType_cropped.png,P318,14,6,Geometric Only,True,False,0.85
saveTime_2510171805__sessionTime_202510171600__participant_P318__trialN_15__trialT_7__fileType_cropped.png,P318,15,7,Null,False,False,0.95
saveTime_2510171809__sessionTime_202510171600__participant_P318__trialN_16__trialT_3__fileType_cropped.png,P318,16,3,Geometric Only,True,False,0.95
saveTime_2510171655__sessionTime_202510171600__participant_P319__trialN_2__trialT_3__fileType_cropped.png,P319,2,3,Geometric Only,True,False,0.95
saveTime_2510171700__sessionTime_202510171600__participant_P319__trialN_3__trialT_2__fileType_cropped.png,P319,3,2,Geometric Only,True,False,0.95
saveTime_2510171707__sessionTime_202510171600__participant_P319__trialN_4__trialT_1__fileType_cropped.png,P319,4,1,Null,False,False,0.95
saveTime_2510171722__sessionTime_202510171600__participant_P319__trialN_6__trialT_1__fileType_cropped.png,P319,6,1,Geometric Only,True,False,0.85
saveTime_2510171729__sessionTime_202510171600__participant_P319__trialN_8__trialT_6__fileType_cropped.png,P319,8,6,Geometric Only,True,False,0.95
saveTime_2510171734__sessionTime_202510171600__participant_P319__trialN_9__trialT_2__fileType_cropped.png,P319,9,2,Geometric Only,True,False,0.95
saveTime_2510171737__sessionTime_202510171600__participant_P319__trialN_10__trialT_5__fileType_cropped.png,P319,10,5,Geometric Only,True,False,0.95
saveTime_2510171742__sessionTime_202510171600__participant_P319__trialN_11__trialT_5__fileType_cropped.png,P319,11,5,Geometric Only,True,False,0.95
saveTime_2510171753__sessionTime_202510171600__participant_P319__trialN_12__trialT_4__fileType_cropped.png,P319,12,4,Geometric Only,True,False,0.95
saveTime_2510171757__sessionTime_202510171600__participant_P319__trialN_13__trialT_4__fileType_cropped.png,P319,13,4,Geometric Only,True,False,0.95
saveTime_2510171801__sessionTime_202510171600__participant_P319__trialN_14__trialT_6__fileType_cropped.png,P319,14,6,Geometric Only,True,False,0.95
saveTime_2510171805__sessionTime_202510171600__participant_P319__trialN_15__trialT_7__fileType_cropped.png,P319,15,7,Null,False,False,0.99
saveTime_2510171809__sessionTime_202510171600__participant_P319__trialN_16__trialT_3__fileType_cropped.png,P319,16,3,Geometric Only,True,False,0.95
saveTime_2510171655__sessionTime_202510171600__participant_P320__trialN_2__trialT_3__fileType_cropped.png,P320,2,3,Geometric Only,True,False,0.85
saveTime_2510171701__sessionTime_202510171600__participant_P320__trialN_3__trialT_2__fileType_cropped.png,P320,3,2,Geometric Only,True,False,0.85
saveTime_2510171708__sessionTime_202510171600__participant_P320__trialN_4__trialT_1__fileType_cropped.png,P320,4,1,Geometric Only,True,False,0.95
saveTime_2510171722__sessionTime_202510171600__participant_P320__trialN_6__trialT_1__fileType_cropped.png,P320,6,1,Null,False,False,0.95
saveTime_2510171730__sessionTime_202510171600__participant_P320__trialN_8__trialT_6__fileType_cropped.png,P320,8,6,Geometric Only,True,False,0.95
saveTime_2510171734__sessionTime_202510171600__participant_P320__trialN_9__trialT_2__fileType_cropped.png,P320,9,2,Geometric Only,True,False,0.95
saveTime_2510171737__sessionTime_202510171600__participant_P320__trialN_10__trialT_5__fileType_cropped.png,P320,10,5,Geometric Only,True,False,0.95
saveTime_2510171743__sessionTime_202510171600__participant_P320__trialN_11__trialT_5__fileType_cropped.png,P320,11,5,Geometric Only,True,False,0.95
saveTime_2510171753__sessionTime_202510171600__participant_P320__trialN_12__trialT_4__fileType_cropped.png,P320,12,4,Geometric Only,True,False,0.95
saveTime_2510171757__sessionTime_202510171600__participant_P320__trialN_13__trialT_4__fileType_cropped.png,P320,13,4,Geometric Only,True,False,0.95
saveTime_2510171802__sessionTime_202510171600__participant_P320__trialN_14__trialT_6__fileType_cropped.png,P320,14,6,Geometric Only,True,False,0.95
saveTime_2510171805__sessionTime_202510171600__participant_P320__trialN_15__trialT_7__fileType_cropped.png,P320,15,7,Null,False,False,0.95
saveTime_2510171808__sessionTime_202510171600__participant_P320__trialN_16__trialT_3__fileType_cropped.png,P320,16,3,Geometric Only,True,False,0.85
saveTime_2510171655__sessionTime_202510171600__participant_P321__trialN_2__trialT_3__fileType_cropped.png,P321,2,3,Geometric Only,True,False,0.95
saveTime_2510171700__sessionTime_202510171600__participant_P321__trialN_3__trialT_2__fileType_cropped.png,P321,3,2,Geometric Only,True,False,0.95
saveTime_2510171707__sessionTime_202510171600__participant_P321__trialN_4__trialT_1__fileType_cropped.png,P321,4,1,Geometric Only,True,False,0.95
saveTime_2510171722__sessionTime_202510171600__participant_P321__trialN_6__trialT_1__fileType_cropped.png,P321,6,1,Geometric Only,True,False,0.95
saveTime_2510171729__sessionTime_202510171600__participant_P321__trialN_8__trialT_6__fileType_cropped.png,P321,8,6,Geometric Only,True,False,0.95
saveTime_2510171734__sessionTime_202510171600__participant_P321__trialN_9__trialT_2__fileType_cropped.png,P321,9,2,Geometric Only,True,False,0.95
saveTime_2510171738__sessionTime_202510171600__participant_P321__trialN_10__trialT_5__fileType_cropped.png,P321,10,5,Geometric Only,True,False,0.85
saveTime_2510171742__sessionTime_202510171600__participant_P321__trialN_11__trialT_5__fileType_cropped.png,P321,11,5,Geometric Only,True,False,0.95
saveTime_2510171753__sessionTime_202510171600__participant_P321__trialN_12__trialT_4__fileType_cropped.png,P321,12,4,Geometric Only,True,False,0.85
saveTime_2510171758__sessionTime_202510171600__participant_P321__trialN_13__trialT_4__fileType_cropped.png,P321,13,4,Geometric Only,True,False,0.85
saveTime_2510171802__sessionTime_202510171600__participant_P321__trialN_14__trialT_6__fileType_cropped.png,P321,14,6,Geometric Only,True,False,0.95
saveTime_2510171805__sessionTime_202510171600__participant_P321__trialN_15__trialT_7__fileType_cropped.png,P321,15,7,Geometric Only,True,False,0.85
saveTime_2510171807__sessionTime_202510171600__participant_P321__trialN_16__trialT_3__fileType_cropped.png,P321,16,3,Geometric Only,True,False,0.95
saveTime_2510171655__sessionTime_202510171600__participant_P322__trialN_2__trialT_3__fileType_cropped.png,P322,2,3,Geometric Only,True,False,0.85
saveTime_2510171701__sessionTime_202510171600__participant_P322__trialN_3__trialT_2__fileType_cropped.png,P322,3,2,Geometric Only,True,False,0.95
saveTime_2510171707__sessionTime_202510171600__participant_P322__trialN_4__trialT_1__fileType_cropped.png,P322,4,1,Geometric Only,True,False,0.85
saveTime_2510171722__sessionTime_202510171600__participant_P322__trialN_6__trialT_1__fileType_cropped.png,P322,6,1,Null,False,False,0.95
saveTime_2510171730__sessionTime_202510171600__participant_P322__trialN_8__trialT_6__fileType_cropped.png,P322,8,6,Geometric Only,True,False,0.95
saveTime_2510171734__sessionTime_202510171600__participant_P322__trialN_9__trialT_2__fileType_cropped.png,P322,9,2,Geometric Only,True,False,0.95
saveTime_2510171738__sessionTime_202510171600__participant_P322__trialN_10__trialT_5__fileType_cropped.png,P322,10,5,Geometric Only,True,False,0.95
saveTime_2510171742__sessionTime_202510171600__participant_P322__trialN_11__trialT_5__fileType_cropped.png,P322,11,5,Geometric Only,True,False,0.95
saveTime_2510171754__sessionTime_202510171600__participant_P322__trialN_12__trialT_4__fileType_cropped.png,P322,12,4,Geometric Only,True,False,0.95
saveTime_2510171758__sessionTime_202510171600__participant_P322__trialN_13__trialT_4__fileType_cropped.png,P322,13,4,Geometric Only,True,False,0.95
saveTime_2510171802__sessionTime_202510171600__participant_P322__trialN_14__trialT_6__fileType_cropped.png,P322,14,6,Geometric Only,True,False,0.95
saveTime_2510171805__sessionTime_202510171600__participant_P322__trialN_15__trialT_7__fileType_cropped.png,P322,15,7,Null,False,False,0.95
saveTime_2510171809__sessionTime_202510171600__participant_P322__trialN_16__trialT_3__fileType_cropped.png,P322,16,3,Geometric Only,True,False,0.85
saveTime_2510171655__sessionTime_202510171600__participant_P323__trialN_2__trialT_3__fileType_cropped.png,P323,2,3,Geometric Only,True,False,0.85
saveTime_2510171706__sessionTime_202510171600__participant_P323__trialN_3__trialT_2__fileType_cropped.png,P323,3,2,Geometric Only,True,False,0.95
saveTime_2510171708__sessionTime_202510171600__participant_P323__trialN_4__trialT_1__fileType_cropped.png,P323,4,1,Geometric Only,True,False,0.95
saveTime_2510171722__sessionTime_202510171600__participant_P323__trialN_6__trialT_1__fileType_cropped.png,P323,6,1,Geometric Only,True,False,0.95
saveTime_2510171730__sessionTime_202510171600__participant_P323__trialN_8__trialT_6__fileType_cropped.png,P323,8,6,Geometric Only,True,False,0.95
saveTime_2510171734__sessionTime_202510171600__participant_P323__trialN_9__trialT_2__fileType_cropped.png,P323,9,2,Geometric Only,True,False,0.95
saveTime_2510171737__sessionTime_202510171600__participant_P323__trialN_10__trialT_5__fileType_cropped.png,P323,10,5,Geometric Only,True,False,0.95
saveTime_2510171743__sessionTime_202510171600__participant_P323__trialN_11__trialT_5__fileType_cropped.png,P323,11,5,Geometric Only,True,False,0.95
saveTime_2510171754__sessionTime_202510171600__participant_P323__trialN_12__trialT_4__fileType_cropped.png,P323,12,4,Geometric Only,True,False,0.95
saveTime_2510171757__sessionTime_202510171600__participant_P323__trialN_13__trialT_4__fileType_cropped.png,P323,13,4,Geometric Only,True,False,0.95
saveTime_2510171802__sessionTime_202510171600__participant_P323__trialN_14__trialT_6__fileType_cropped.png,P323,14,6,Geometric Only,True,False,0.95
saveTime_2510171805__sessionTime_202510171600__participant_P323__trialN_15__trialT_7__fileType_cropped.png,P323,15,7,Null,False,False,0.95
saveTime_2510171808__sessionTime_202510171600__participant_P323__trialN_16__trialT_3__fileType_cropped.png,P323,16,3,Geometric Only,True,False,0.95
saveTime_2510171655__sessionTime_202510171600__participant_P324__trialN_2__trialT_3__fileType_cropped.png,P324,2,3,Geometric Only,True,False,0.95
saveTime_2510171706__sessionTime_202510171600__participant_P324__trialN_4__trialT_1__fileType_cropped.png,P324,4,1,Geometric Only,True,False,0.95
saveTime_2510171722__sessionTime_202510171600__participant_P324__trialN_6__trialT_1__fileType_cropped.png,P324,6,1,Geometric Only,True,False,0.95
saveTime_2510171729__sessionTime_202510171600__participant_P324__trialN_8__trialT_6__fileType_cropped.png,P324,8,6,Geometric Only,True,False,0.95
saveTime_2510171734__sessionTime_202510171600__participant_P324__trialN_9__trialT_2__fileType_cropped.png,P324,9,2,Geometric Only,True,False,0.95
saveTime_2510171737__sessionTime_202510171600__participant_P324__trialN_10__trialT_5__fileType_cropped.png,P324,10,5,Geometric Only,True,False,0.95
saveTime_2510171742__sessionTime_202510171600__participant_P324__trialN_11__trialT_5__fileType_cropped.png,P324,11,5,Geometric Only,True,False,0.95
saveTime_2510171753__sessionTime_202510171600__participant_P324__trialN_12__trialT_4__fileType_cropped.png,P324,12,4,Geometric Only,True,False,0.95
saveTime_2510171757__sessionTime_202510171600__participant_P324__trialN_13__trialT_4__fileType_cropped.png,P324,13,4,Geometric Only,True,False,0.95
saveTime_2510171801__sessionTime_202510171600__participant_P324__trialN_14__trialT_6__fileType_cropped.png,P324,14,6,Geometric Only,True,False,0.95
saveTime_2510171805__sessionTime_202510171600__participant_P324__trialN_15__trialT_7__fileType_cropped.png,P324,15,7,Geometric Only,True,False,0.95
saveTime_2510171808__sessionTime_202510171600__participant_P324__trialN_16__trialT_3__fileType_cropped.png,P324,16,3,Geometric Only,True,False,0.95
saveTime_2512021511__sessionTime_202510171600__participant_P324__trialN_101__trialT_2__fileType_cropped.png,P324,101,2,Geometric Only,True,False,0.95
saveTime_2510181021__sessionTime_202510180920__participant_P325__trialN_3__trialT_1__fileType_cropped.png,P325,3,1,Null,False,False,0.95
saveTime_2510181025__sessionTime_202510180920__participant_P325__trialN_4__trialT_1__fileType_cropped.png,P325,4,1,Null,False,False,0.95
saveTime_2510181029__sessionTime_202510180920__participant_P325__trialN_5__trialT_2__fileType_cropped.png,P325,5,2,Geometric Only,True,False,0.95
saveTime_2510181043__sessionTime_202510180920__participant_P325__trialN_6__trialT_3__fileType_cropped.png,P325,6,3,Geometric Only,True,False,0.95
saveTime_2510181047__sessionTime_202510180920__participant_P325__trialN_7__trialT_4__fileType_cropped.png,P325,7,4,Geometric Only,True,False,0.9
saveTime_2510181050__sessionTime_202510180920__participant_P325__trialN_8__trialT_3__fileType_cropped.png,P325,8,3,Geometric Only,True,False,0.95
saveTime_2510181055__sessionTime_202510180920__participant_P325__trialN_9__trialT_6__fileType_cropped.png,P325,9,6,Geometric Only,True,False,0.95
saveTime_2510181112__sessionTime_202510180920__participant_P325__trialN_12__trialT_7__fileType_cropped.png,P325,12,7,Null,False,False,0.95
saveTime_2510181116__sessionTime_202510180920__participant_P325__trialN_13__trialT_6__fileType_cropped.png,P325,13,6,Geometric Only,True,False,0.95
saveTime_2510181120__sessionTime_202510180920__participant_P325__trialN_14__trialT_4__fileType_cropped.png,P325,14,4,Geometric Only,True,False,0.95
saveTime_2510181125__sessionTime_202510180920__participant_P325__trialN_15__trialT_2__fileType_cropped.png,P325,15,2,Geometric Only,True,False,0.95
saveTime_2510181128__sessionTime_202510180920__participant_P325__trialN_16__trialT_5__fileType_cropped.png,P325,16,5,Geometric Only,True,False,0.95
saveTime_2510181132__sessionTime_202510180920__participant_P325__trialN_17__trialT_5__fileType_cropped.png,P325,17,5,Geometric Only,True,False,0.95
saveTime_2510181022__sessionTime_202510180920__participant_P326__trialN_3__trialT_1__fileType_cropped.png,P326,3,1,Geometric Only,True,False,0.95
saveTime_2510181025__sessionTime_202510180920__participant_P326__trialN_4__trialT_1__fileType_cropped.png,P326,4,1,Geometric Only,True,False,0.95
saveTime_2510181032__sessionTime_202510180920__participant_P326__trialN_5__trialT_2__fileType_cropped.png,P326,5,2,Geometric Only,True,False,0.95
saveTime_2510181043__sessionTime_202510180920__participant_P326__trialN_6__trialT_3__fileType_cropped.png,P326,6,3,Geometric Only,True,False,0.95
saveTime_2510181047__sessionTime_202510180920__participant_P326__trialN_7__trialT_4__fileType_cropped.png,P326,7,4,Geometric Only,True,False,0.95
saveTime_2510181051__sessionTime_202510180920__participant_P326__trialN_8__trialT_3__fileType_cropped.png,P326,8,3,Geometric Only,True,False,0.95
saveTime_2510181055__sessionTime_202510180920__participant_P326__trialN_9__trialT_6__fileType_cropped.png,P326,9,6,Geometric Only,True,False,0.85
saveTime_2510181112__sessionTime_202510180920__participant_P326__trialN_12__trialT_7__fileType_cropped.png,P326,12,7,Geometric Only,True,False,0.95
saveTime_2510181117__sessionTime_202510180920__participant_P326__trialN_13__trialT_6__fileType_cropped.png,P326,13,6,Geometric Only,True,False,0.95
saveTime_2510181121__sessionTime_202510180920__participant_P326__trialN_14__trialT_4__fileType_cropped.png,P326,14,4,Geometric Only,True,False,0.95
saveTime_2510181125__sessionTime_202510180920__participant_P326__trialN_15__trialT_2__fileType_cropped.png,P326,15,2,Geometric Only,True,False,0.95
saveTime_2510181129__sessionTime_202510180920__participant_P326__trialN_16__trialT_5__fileType_cropped.png,P326,16,5,Geometric Only,True,False,0.95
saveTime_2510181133__sessionTime_202510180920__participant_P326__trialN_17__trialT_5__fileType_cropped.png,P326,17,5,Geometric Only,True,False,0.95
saveTime_2510181021__sessionTime_202510180920__participant_P327__trialN_3__trialT_1__fileType_cropped.png,P327,3,1,Geometric Only,True,False,0.85
saveTime_2510181026__sessionTime_202510180920__participant_P327__trialN_4__trialT_1__fileType_cropped.png,P327,4,1,Geometric Only,True,False,0.85
saveTime_2510181030__sessionTime_202510180920__participant_P327__trialN_5__trialT_2__fileType_cropped.png,P327,5,2,Geometric Only,True,False,0.95
saveTime_2510181043__sessionTime_202510180920__participant_P327__trialN_6__trialT_3__fileType_cropped.png,P327,6,3,Geometric Only,True,False,0.95
saveTime_2510181047__sessionTime_202510180920__participant_P327__trialN_7__trialT_4__fileType_cropped.png,P327,7,4,Geometric Only,True,False,0.95
saveTime_2510181050__sessionTime_202510180920__participant_P327__trialN_8__trialT_3__fileType_cropped.png,P327,8,3,Geometric Only,True,False,0.95
saveTime_2510181055__sessionTime_202510180920__participant_P327__trialN_9__trialT_6__fileType_cropped.png,P327,9,6,Geometric Only,True,False,0.95
saveTime_2510181110__sessionTime_202510180920__participant_P327__trialN_12__trialT_7__fileType_cropped.png,P327,12,7,Null,False,False,0.99
saveTime_2510181117__sessionTime_202510180920__participant_P327__trialN_13__trialT_6__fileType_cropped.png,P327,13,6,Geometric Only,True,False,0.95
saveTime_2510181121__sessionTime_202510180920__participant_P327__trialN_14__trialT_4__fileType_cropped.png,P327,14,4,Geometric Only,True,False,0.95
saveTime_2510181124__sessionTime_202510180920__participant_P327__trialN_15__trialT_2__fileType_cropped.png,P327,15,2,Geometric Only,True,False,0.95
saveTime_2510181128__sessionTime_202510180920__participant_P327__trialN_16__trialT_5__fileType_cropped.png,P327,16,5,Geometric Only,True,False,0.95
saveTime_2510181131__sessionTime_202510180920__participant_P327__trialN_17__trialT_5__fileType_cropped.png,P327,17,5,Geometric Only,True,False,0.95
saveTime_2510181022__sessionTime_202510180920__participant_P328__trialN_3__trialT_1__fileType_cropped.png,P328,3,1,Null,False,False,0.95
saveTime_2510181026__sessionTime_202510180920__participant_P328__trialN_4__trialT_1__fileType_cropped.png,P328,4,1,Geometric Only,True,False,0.85
saveTime_2510181032__sessionTime_202510180920__participant_P328__trialN_5__trialT_2__fileType_cropped.png,P328,5,2,Geometric Only,True,False,0.95
saveTime_2510181044__sessionTime_202510180920__participant_P328__trialN_6__trialT_3__fileType_cropped.png,P328,6,3,Geometric Only,True,False,0.95
saveTime_2510181048__sessionTime_202510180920__participant_P328__trialN_7__trialT_4__fileType_cropped.png,P328,7,4,Geometric Only,True,False,0.85
saveTime_2510181051__sessionTime_202510180920__participant_P328__trialN_8__trialT_3__fileType_cropped.png,P328,8,3,Geometric Only,True,False,0.85
saveTime_2510181055__sessionTime_202510180920__participant_P328__trialN_9__trialT_6__fileType_cropped.png,P328,9,6,Geometric Only,True,False,0.95
saveTime_2510181113__sessionTime_202510180920__participant_P328__trialN_12__trialT_7__fileType_cropped.png,P328,12,7,Null,False,False,0.95
saveTime_2510181117__sessionTime_202510180920__participant_P328__trialN_13__trialT_6__fileType_cropped.png,P328,13,6,Geometric Only,True,False,0.95
saveTime_2510181121__sessionTime_202510180920__participant_P328__trialN_14__trialT_4__fileType_cropped.png,P328,14,4,Geometric Only,True,False,0.85
saveTime_2510181125__sessionTime_202510180920__participant_P328__trialN_15__trialT_2__fileType_cropped.png,P328,15,2,Geometric Only,True,False,0.85
saveTime_2510181129__sessionTime_202510180920__participant_P328__trialN_16__trialT_5__fileType_cropped.png,P328,16,5,Geometric Only,True,False,0.85
saveTime_2510181133__sessionTime_202510180920__participant_P328__trialN_17__trialT_5__fileType_cropped.png,P328,17,5,Geometric Only,True,False,0.95
saveTime_2510181326__sessionTime_202510181240__participant_P329__trialN_2__trialT_7__fileType_cropped.png,P329,2,7,Null,False,False,0.95
saveTime_2510181331__sessionTime_202510181240__participant_P329__trialN_3__trialT_1__fileType_cropped.png,P329,3,1,Geometric Only,True,False,0.95
saveTime_2510181335__sessionTime_202510181240__participant_P329__trialN_4__trialT_6__fileType_cropped.png,P329,4,6,Geometric Only,True,False,0.95
saveTime_2510181338__sessionTime_202510181240__participant_P329__trialN_5__trialT_5__fileType_cropped.png,P329,5,5,Geometric Only,True,False,0.95
saveTime_2510181359__sessionTime_202510181240__participant_P329__trialN_8__trialT_1__fileType_cropped.png,P329,8,1,Geometric Only,True,False,0.95
saveTime_2510181403__sessionTime_202510181240__participant_P329__trialN_9__trialT_4__fileType_cropped.png,P329,9,4,Geometric Only,True,False,0.95
saveTime_2510181406__sessionTime_202510181240__participant_P329__trialN_10__trialT_2__fileType_cropped.png,P329,10,2,Geometric Only,True,False,0.95
saveTime_2510181409__sessionTime_202510181240__participant_P329__trialN_11__trialT_6__fileType_cropped.png,P329,11,6,Geometric Only,True,False,0.95
saveTime_2510181421__sessionTime_202510181240__participant_P329__trialN_12__trialT_3__fileType_cropped.png,P329,12,3,Geometric Only,True,False,0.95
saveTime_2510181424__sessionTime_202510181240__participant_P329__trialN_13__trialT_3__fileType_cropped.png,P329,13,3,Geometric Only,True,False,0.95
saveTime_2510181431__sessionTime_202510181240__participant_P329__trialN_15__trialT_5__fileType_cropped.png,P329,15,5,Geometric Only,True,False,0.95
saveTime_2510181434__sessionTime_202510181240__participant_P329__trialN_16__trialT_4__fileType_cropped.png,P329,16,4,Geometric Only,True,False,0.95
saveTime_2510181437__sessionTime_202510181240__participant_P329__trialN_17__trialT_2__fileType_cropped.png,P329,17,2,Geometric Only,True,False,0.95
saveTime_2510181327__sessionTime_202510181240__participant_P330__trialN_2__trialT_7__fileType_cropped.png,P330,2,7,Geometric Only,True,False,0.95
saveTime_2510181331__sessionTime_202510181240__participant_P330__trialN_3__trialT_1__fileType_cropped.png,P330,3,1,Geometric Only,True,False,0.95
saveTime_2510181335__sessionTime_202510181240__participant_P330__trialN_4__trialT_6__fileType_cropped.png,P330,4,6,Geometric Only,True,False,0.95
saveTime_2510181338__sessionTime_202510181240__participant_P330__trialN_5__trialT_5__fileType_cropped.png,P330,5,5,Geometric Only,True,False,0.95
saveTime_2510181359__sessionTime_202510181240__participant_P330__trialN_8__trialT_1__fileType_cropped.png,P330,8,1,Semantic Only,False,True,0.9
saveTime_2510181403__sessionTime_202510181240__participant_P330__trialN_9__trialT_4__fileType_cropped.png,P330,9,4,Geometric Only,True,False,0.95
saveTime_2510181406__sessionTime_202510181240__participant_P330__trialN_10__trialT_2__fileType_cropped.png,P330,10,2,Geometric Only,True,False,0.95
saveTime_2510181409__sessionTime_202510181240__participant_P330__trialN_11__trialT_6__fileType_cropped.png,P330,11,6,Geometric Only,True,False,0.95
saveTime_2510181421__sessionTime_202510181240__participant_P330__trialN_12__trialT_3__fileType_cropped.png,P330,12,3,Geometric Only,True,False,0.95
saveTime_2510181424__sessionTime_202510181240__participant_P330__trialN_13__trialT_3__fileType_cropped.png,P330,13,3,Geometric Only,True,False,0.95
saveTime_2510181431__sessionTime_202510181240__participant_P330__trialN_15__trialT_5__fileType_cropped.png,P330,15,5,Geometric Only,True,False,0.95
saveTime_2510181434__sessionTime_202510181240__participant_P330__trialN_16__trialT_4__fileType_cropped.png,P330,16,4,Geometric Only,True,False,0.95
saveTime_2510181438__sessionTime_202510181240__participant_P330__trialN_17__trialT_2__fileType_cropped.png,P330,17,2,Geometric Only,True,False,0.95
saveTime_2510181328__sessionTime_202510181240__participant_P331__trialN_2__trialT_7__fileType_cropped.png,P331,2,7,Null,False,False,0.95
saveTime_2510181332__sessionTime_202510181240__participant_P331__trialN_3__trialT_1__fileType_cropped.png,P331,3,1,Null,False,False,0.95
saveTime_2510181335__sessionTime_202510181240__participant_P331__trialN_4__trialT_6__fileType_cropped.png,P331,4,6,Geometric Only,True,False,0.95
saveTime_2510181338__sessionTime_202510181240__participant_P331__trialN_5__trialT_5__fileType_cropped.png,P331,5,5,Geometric Only,True,False,0.85
saveTime_2510181359__sessionTime_202510181240__participant_P331__trialN_8__trialT_1__fileType_cropped.png,P331,8,1,Geometric Only,True,False,0.85
saveTime_2510181402__sessionTime_202510181240__participant_P331__trialN_9__trialT_4__fileType_cropped.png,P331,9,4,Geometric Only,True,False,0.85
saveTime_2510181406__sessionTime_202510181240__participant_P331__trialN_10__trialT_2__fileType_cropped.png,P331,10,2,Geometric Only,True,False,0.95
saveTime_2510181408__sessionTime_202510181240__participant_P331__trialN_11__trialT_6__fileType_cropped.png,P331,11,6,Geometric Only,True,False,0.95
saveTime_2510181420__sessionTime_202510181240__participant_P331__trialN_12__trialT_3__fileType_cropped.png,P331,12,3,Geometric Only,True,False,0.95
saveTime_2510181424__sessionTime_202510181240__participant_P331__trialN_13__trialT_3__fileType_cropped.png,P331,13,3,Geometric Only,True,False,0.95
saveTime_2510181431__sessionTime_202510181240__participant_P331__trialN_15__trialT_5__fileType_cropped.png,P331,15,5,Geometric Only,True,False,0.95
saveTime_2510181434__sessionTime_202510181240__participant_P331__trialN_16__trialT_4__fileType_cropped.png,P331,16,4,Geometric Only,True,False,0.95
saveTime_2510181438__sessionTime_202510181240__participant_P331__trialN_17__trialT_2__fileType_cropped.png,P331,17,2,Null,False,False,0.95
saveTime_2510181511__sessionTime_202510181420__participant_P332__trialN_2__trialT_1__fileType_cropped.png,P332,2,1,Null,False,False,0.95
saveTime_2510181516__sessionTime_202510181420__participant_P332__trialN_3__trialT_3__fileType_cropped.png,P332,3,3,Geometric Only,True,False,0.85
saveTime_2510181524__sessionTime_202510181420__participant_P332__trialN_5__trialT_5__fileType_cropped.png,P332,5,5,Geometric Only,True,False,0.95
saveTime_2510181534__sessionTime_202510181420__participant_P332__trialN_6__trialT_1__fileType_cropped.png,P332,6,1,Null,False,False,0.95
saveTime_2510181538__sessionTime_202510181420__participant_P332__trialN_7__trialT_3__fileType_cropped.png,P332,7,3,Geometric Only,True,False,0.85
saveTime_2510181542__sessionTime_202510181420__participant_P332__trialN_8__trialT_6__fileType_cropped.png,P332,8,6,Geometric Only,True,False,0.85
saveTime_2510181545__sessionTime_202510181420__participant_P332__trialN_9__trialT_2__fileType_cropped.png,P332,9,2,Geometric Only,True,False,0.85
saveTime_2510181553__sessionTime_202510181420__participant_P332__trialN_11__trialT_2__fileType_cropped.png,P332,11,2,Geometric Only,True,False,0.85
saveTime_2510181609__sessionTime_202510181420__participant_P332__trialN_13__trialT_7__fileType_cropped.png,P332,13,7,Null,False,False,0.95
saveTime_2510181612__sessionTime_202510181420__participant_P332__trialN_14__trialT_6__fileType_cropped.png,P332,14,6,Geometric Only,True,False,0.85
saveTime_2510181617__sessionTime_202510181420__participant_P332__trialN_15__trialT_4__fileType_cropped.png,P332,15,4,Geometric Only,True,False,0.95
saveTime_2510181620__sessionTime_202510181420__participant_P332__trialN_16__trialT_5__fileType_cropped.png,P332,16,5,Geometric Only,True,False,0.95
saveTime_2510181624__sessionTime_202510181420__participant_P332__trialN_17__trialT_4__fileType_cropped.png,P332,17,4,Geometric Only,True,False,0.95
saveTime_2510181512__sessionTime_202510181420__participant_P333__trialN_2__trialT_1__fileType_cropped.png,P333,2,1,Null,False,False,0.95
saveTime_2510181516__sessionTime_202510181420__participant_P333__trialN_3__trialT_3__fileType_cropped.png,P333,3,3,Geometric Only,True,False,0.95
saveTime_2510181524__sessionTime_202510181420__participant_P333__trialN_5__trialT_5__fileType_cropped.png,P333,5,5,Geometric Only,True,False,0.95
saveTime_2510181534__sessionTime_202510181420__participant_P333__trialN_6__trialT_1__fileType_cropped.png,P333,6,1,Null,False,False,0.95
saveTime_2510181538__sessionTime_202510181420__participant_P333__trialN_7__trialT_3__fileType_cropped.png,P333,7,3,Geometric Only,True,False,0.95
saveTime_2510181542__sessionTime_202510181420__participant_P333__trialN_8__trialT_6__fileType_cropped.png,P333,8,6,Geometric Only,True,False,0.95
saveTime_2510181545__sessionTime_202510181420__participant_P333__trialN_9__trialT_2__fileType_cropped.png,P333,9,2,Geometric Only,True,False,0.95
saveTime_2510181553__sessionTime_202510181420__participant_P333__trialN_11__trialT_2__fileType_cropped.png,P333,11,2,Geometric Only,True,False,0.95
saveTime_2510181608__sessionTime_202510181420__participant_P333__trialN_13__trialT_7__fileType_cropped.png,P333,13,7,Null,False,False,0.95
saveTime_2510181614__sessionTime_202510181420__participant_P333__trialN_14__trialT_6__fileType_cropped.png,P333,14,6,Geometric Only,True,False,0.95
saveTime_2510181618__sessionTime_202510181420__participant_P333__trialN_15__trialT_4__fileType_cropped.png,P333,15,4,Geometric Only,True,False,0.95
saveTime_2510181621__sessionTime_202510181420__participant_P333__trialN_16__trialT_5__fileType_cropped.png,P333,16,5,Geometric Only,True,False,0.95
saveTime_2510181625__sessionTime_202510181420__participant_P333__trialN_17__trialT_4__fileType_cropped.png,P333,17,4,Geometric Only,True,False,0.95
saveTime_2510181513__sessionTime_202510181420__participant_P334__trialN_2__trialT_1__fileType_cropped.png,P334,2,1,Null,False,False,0.95
saveTime_2510181517__sessionTime_202510181420__participant_P334__trialN_3__trialT_3__fileType_cropped.png,P334,3,3,Geometric Only,True,False,0.95
saveTime_2510181524__sessionTime_202510181420__participant_P334__trialN_5__trialT_5__fileType_cropped.png,P334,5,5,Geometric Only,True,False,0.95
saveTime_2510181534__sessionTime_202510181420__participant_P334__trialN_6__trialT_1__fileType_cropped.png,P334,6,1,Null,False,False,0.95
saveTime_2510181538__sessionTime_202510181420__participant_P334__trialN_7__trialT_3__fileType_cropped.png,P334,7,3,Geometric Only,True,False,0.95
saveTime_2510181542__sessionTime_202510181420__participant_P334__trialN_8__trialT_6__fileType_cropped.png,P334,8,6,Geometric Only,True,False,0.85
saveTime_2510181546__sessionTime_202510181420__participant_P334__trialN_9__trialT_2__fileType_cropped.png,P334,9,2,Geometric Only,True,False,0.95
saveTime_2510181554__sessionTime_202510181420__participant_P334__trialN_11__trialT_2__fileType_cropped.png,P334,11,2,Geometric Only,True,False,0.95
saveTime_2510181610__sessionTime_202510181420__participant_P334__trialN_13__trialT_7__fileType_cropped.png,P334,13,7,Null,False,False,0.95
saveTime_2510181614__sessionTime_202510181420__participant_P334__trialN_14__trialT_6__fileType_cropped.png,P334,14,6,Geometric Only,True,False,0.95
saveTime_2510181617__sessionTime_202510181420__participant_P334__trialN_15__trialT_4__fileType_cropped.png,P334,15,4,Geometric Only,True,False,0.95
saveTime_2510181621__sessionTime_202510181420__participant_P334__trialN_16__trialT_5__fileType_cropped.png,P334,16,5,Geometric Only,True,False,0.95
saveTime_2510181625__sessionTime_202510181420__participant_P334__trialN_17__trialT_4__fileType_cropped.png,P334,17,4,Geometric Only,True,False,0.95
saveTime_2510181652__sessionTime_202510181600__participant_P335__trialN_2__trialT_5__fileType_cropped.png,P335,2,5,Geometric Only,True,False,0.95
saveTime_2510181656__sessionTime_202510181600__participant_P335__trialN_3__trialT_1__fileType_cropped.png,P335,3,1,Null,False,False,0.95
saveTime_2510181700__sessionTime_202510181600__participant_P335__trialN_4__trialT_3__fileType_cropped.png,P335,4,3,Geometric Only,True,False,0.95
saveTime_2510181703__sessionTime_202510181600__participant_P335__trialN_5__trialT_7__fileType_cropped.png,P335,5,7,Null,False,False,0.95
saveTime_2510181715__sessionTime_202510181600__participant_P335__trialN_6__trialT_1__fileType_cropped.png,P335,6,1,Geometric Only,True,False,0.95
saveTime_2510181723__sessionTime_202510181600__participant_P335__trialN_8__trialT_3__fileType_cropped.png,P335,8,3,Geometric Only,True,False,0.95
saveTime_2510181726__sessionTime_202510181600__participant_P335__trialN_9__trialT_4__fileType_cropped.png,P335,9,4,Geometric Only,True,False,0.95
saveTime_2510181730__sessionTime_202510181600__participant_P335__trialN_10__trialT_4__fileType_cropped.png,P335,10,4,Geometric Only,True,False,0.95
saveTime_2510181744__sessionTime_202510181600__participant_P335__trialN_12__trialT_6__fileType_cropped.png,P335,12,6,Geometric Only,True,False,0.95
saveTime_2510181748__sessionTime_202510181600__participant_P335__trialN_13__trialT_2__fileType_cropped.png,P335,13,2,Geometric Only,True,False,0.95
saveTime_2510181752__sessionTime_202510181600__participant_P335__trialN_14__trialT_2__fileType_cropped.png,P335,14,2,Geometric Only,True,False,0.95
saveTime_2510181800__sessionTime_202510181600__participant_P335__trialN_16__trialT_6__fileType_cropped.png,P335,16,6,Geometric Only,True,False,0.95
saveTime_2510181803__sessionTime_202510181600__participant_P335__trialN_17__trialT_5__fileType_cropped.png,P335,17,5,Geometric Only,True,False,0.95
saveTime_2510181652__sessionTime_202510181600__participant_P336__trialN_2__trialT_5__fileType_cropped.png,P336,2,5,Geometric Only,True,False,0.95
saveTime_2510181657__sessionTime_202510181600__participant_P336__trialN_3__trialT_1__fileType_cropped.png,P336,3,1,Null,False,False,0.95
saveTime_2510181659__sessionTime_202510181600__participant_P336__trialN_4__trialT_3__fileType_cropped.png,P336,4,3,Null,False,False,0.95
saveTime_2510181704__sessionTime_202510181600__participant_P336__trialN_5__trialT_7__fileType_cropped.png,P336,5,7,Null,False,False,0.95
saveTime_2510181715__sessionTime_202510181600__participant_P336__trialN_6__trialT_1__fileType_cropped.png,P336,6,1,Null,False,False,0.95
saveTime_2510181723__sessionTime_202510181600__participant_P336__trialN_8__trialT_3__fileType_cropped.png,P336,8,3,Geometric Only,True,False,0.85
saveTime_2510181727__sessionTime_202510181600__participant_P336__trialN_9__trialT_4__fileType_cropped.png,P336,9,4,Geometric Only,True,False,0.85
saveTime_2510181730__sessionTime_202510181600__participant_P336__trialN_10__trialT_4__fileType_cropped.png,P336,10,4,Geometric Only,True,False,0.95
saveTime_2510181745__sessionTime_202510181600__participant_P336__trialN_12__trialT_6__fileType_cropped.png,P336,12,6,Geometric Only,True,False,0.95
saveTime_2510181748__sessionTime_202510181600__participant_P336__trialN_13__trialT_2__fileType_cropped.png,P336,13,2,Geometric Only,True,False,0.95
saveTime_2510181752__sessionTime_202510181600__participant_P336__trialN_14__trialT_2__fileType_cropped.png,P336,14,2,Geometric Only,True,False,0.95
saveTime_2510181800__sessionTime_202510181600__participant_P336__trialN_15__trialT_6__fileType_cropped.png,P336,15,6,Geometric Only,True,False,0.85
saveTime_2510181803__sessionTime_202510181600__participant_P336__trialN_16__trialT_5__fileType_cropped.png,P336,16,5,Geometric Only,True,False,0.95
saveTime_2510181652__sessionTime_202510181600__participant_P337__trialN_2__trialT_5__fileType_cropped.png,P337,2,5,Geometric Only,True,False,0.95
saveTime_2510181656__sessionTime_202510181600__participant_P337__trialN_3__trialT_1__fileType_cropped.png,P337,3,1,Null,False,False,0.95
saveTime_2510181700__sessionTime_202510181600__participant_P337__trialN_4__trialT_3__fileType_cropped.png,P337,4,3,Geometric Only,True,False,0.95
saveTime_2510181703__sessionTime_202510181600__participant_P337__trialN_5__trialT_7__fileType_cropped.png,P337,5,7,Semantic Only,False,True,0.9
saveTime_2510181715__sessionTime_202510181600__participant_P337__trialN_6__trialT_1__fileType_cropped.png,P337,6,1,Geometric Only,True,False,0.85
saveTime_2510181723__sessionTime_202510181600__participant_P337__trialN_8__trialT_3__fileType_cropped.png,P337,8,3,Geometric Only,True,False,0.95
saveTime_2510181727__sessionTime_202510181600__participant_P337__trialN_9__trialT_4__fileType_cropped.png,P337,9,4,Geometric Only,True,False,0.95
saveTime_2510181730__sessionTime_202510181600__participant_P337__trialN_10__trialT_4__fileType_cropped.png,P337,10,4,Geometric Only,True,False,0.95
saveTime_2510181745__sessionTime_202510181600__participant_P337__trialN_12__trialT_6__fileType_cropped.png,P337,12,6,Geometric Only,True,False,0.85
saveTime_2510181749__sessionTime_202510181600__participant_P337__trialN_13__trialT_2__fileType_cropped.png,P337,13,2,Geometric Only,True,False,0.95
saveTime_2510181753__sessionTime_202510181600__participant_P337__trialN_14__trialT_2__fileType_cropped.png,P337,14,2,Geometric Only,True,False,0.85
saveTime_2510181800__sessionTime_202510181600__participant_P337__trialN_16__trialT_6__fileType_cropped.png,P337,16,6,Geometric Only,True,False,0.95
saveTime_2510181803__sessionTime_202510181600__participant_P337__trialN_17__trialT_5__fileType_cropped.png,P337,17,5,Geometric Only,True,False,0.95
saveTime_2510181652__sessionTime_202510181600__participant_P338__trialN_2__trialT_5__fileType_cropped.png,P338,2,5,Geometric Only,True,False,0.95
saveTime_2510181656__sessionTime_202510181600__participant_P338__trialN_3__trialT_1__fileType_cropped.png,P338,3,1,Null,False,False,0.95
saveTime_2510181659__sessionTime_202510181600__participant_P338__trialN_4__trialT_3__fileType_cropped.png,P338,4,3,Geometric Only,True,False,0.95
saveTime_2510181702__sessionTime_202510181600__participant_P338__trialN_5__trialT_7__fileType_cropped.png,P338,5,7,Null,False,False,0.99
saveTime_2510181715__sessionTime_202510181600__participant_P338__trialN_6__trialT_1__fileType_cropped.png,P338,6,1,Null,False,False,0.95
saveTime_2510181723__sessionTime_202510181600__participant_P338__trialN_8__trialT_3__fileType_cropped.png,P338,8,3,Geometric Only,True,False,0.95
saveTime_2510181726__sessionTime_202510181600__participant_P338__trialN_9__trialT_4__fileType_cropped.png,P338,9,4,Geometric Only,True,False,0.95
saveTime_2510181730__sessionTime_202510181600__participant_P338__trialN_10__trialT_4__fileType_cropped.png,P338,10,4,Geometric Only,True,False,0.95
saveTime_2510181743__sessionTime_202510181600__participant_P338__trialN_12__trialT_6__fileType_cropped.png,P338,12,6,Geometric Only,True,False,0.95
saveTime_2510181748__sessionTime_202510181600__participant_P338__trialN_13__trialT_2__fileType_cropped.png,P338,13,2,Geometric Only,True,False,0.95
saveTime_2510181753__sessionTime_202510181600__participant_P338__trialN_14__trialT_2__fileType_cropped.png,P338,14,2,Geometric Only,True,False,0.95
saveTime_2510181800__sessionTime_202510181600__participant_P338__trialN_16__trialT_6__fileType_cropped.png,P338,16,6,Mixed,True,True,0.85
saveTime_2510181802__sessionTime_202510181600__participant_P338__trialN_17__trialT_5__fileType_cropped.png,P338,17,5,Geometric Only,True,False,0.95
saveTime_2510241023__sessionTime_202510240920__participant_P339__trialN_2__trialT_4__fileType_cropped.png,P339,2,4,Geometric Only,True,False,0.95
saveTime_2510241027__sessionTime_202510240920__participant_P339__trialN_3__trialT_4__fileType_cropped.png,P339,3,4,Geometric Only,True,False,0.95
saveTime_2510241045__sessionTime_202510240920__participant_P339__trialN_6__trialT_5__fileType_cropped.png,P339,6,5,Geometric Only,True,False,0.95
saveTime_2510241049__sessionTime_202510240920__participant_P339__trialN_7__trialT_2__fileType_cropped.png,P339,7,2,Geometric Only,True,False,0.95
saveTime_2510241053__sessionTime_202510240920__participant_P339__trialN_8__trialT_6__fileType_cropped.png,P339,8,6,Geometric Only,True,False,0.95
saveTime_2510241056__sessionTime_202510240920__participant_P339__trialN_9__trialT_6__fileType_cropped.png,P339,9,6,Geometric Only,True,False,0.95
saveTime_2510241101__sessionTime_202510240920__participant_P339__trialN_10__trialT_3__fileType_cropped.png,P339,10,3,Geometric Only,True,False,0.95
saveTime_2510241105__sessionTime_202510240920__participant_P339__trialN_11__trialT_5__fileType_cropped.png,P339,11,5,Geometric Only,True,False,0.95
saveTime_2510241118__sessionTime_202510240920__participant_P339__trialN_13__trialT_3__fileType_cropped.png,P339,13,3,Geometric Only,True,False,0.95
saveTime_2510241122__sessionTime_202510240920__participant_P339__trialN_14__trialT_1__fileType_cropped.png,P339,14,1,Null,False,False,0.95
saveTime_2510241125__sessionTime_202510240920__participant_P339__trialN_15__trialT_7__fileType_cropped.png,P339,15,7,Null,False,False,0.95
saveTime_2510241129__sessionTime_202510240920__participant_P339__trialN_16__trialT_2__fileType_cropped.png,P339,16,2,Geometric Only,True,False,0.95
saveTime_2510241132__sessionTime_202510240920__participant_P339__trialN_17__trialT_1__fileType_cropped.png,P339,17,1,Null,False,False,0.95
saveTime_2510241023__sessionTime_202510240920__participant_P340__trialN_2__trialT_4__fileType_cropped.png,P340,2,4,Geometric Only,True,False,0.95
saveTime_2510241027__sessionTime_202510240920__participant_P340__trialN_3__trialT_4__fileType_cropped.png,P340,3,4,Geometric Only,True,False,0.95
saveTime_2510241044__sessionTime_202510240920__participant_P340__trialN_6__trialT_5__fileType_cropped.png,P340,6,5,Geometric Only,True,False,0.95
saveTime_2510241048__sessionTime_202510240920__participant_P340__trialN_7__trialT_2__fileType_cropped.png,P340,7,2,Geometric Only,True,False,0.95
saveTime_2510241052__sessionTime_202510240920__participant_P340__trialN_8__trialT_6__fileType_cropped.png,P340,8,6,Geometric Only,True,False,0.95
saveTime_2510241056__sessionTime_202510240920__participant_P340__trialN_9__trialT_6__fileType_cropped.png,P340,9,6,Geometric Only,True,False,0.95
saveTime_2510241100__sessionTime_202510240920__participant_P340__trialN_10__trialT_3__fileType_cropped.png,P340,10,3,Geometric Only,True,False,0.95
saveTime_2510241104__sessionTime_202510240920__participant_P340__trialN_11__trialT_5__fileType_cropped.png,P340,11,5,Geometric Only,True,False,0.95
saveTime_2510241117__sessionTime_202510240920__participant_P340__trialN_13__trialT_3__fileType_cropped.png,P340,13,3,Geometric Only,True,False,0.95
saveTime_2510241122__sessionTime_202510240920__participant_P340__trialN_14__trialT_1__fileType_cropped.png,P340,14,1,Geometric Only,True,False,0.95
saveTime_2510241125__sessionTime_202510240920__participant_P340__trialN_15__trialT_7__fileType_cropped.png,P340,15,7,Null,False,False,0.95
saveTime_2510241129__sessionTime_202510240920__participant_P340__trialN_16__trialT_2__fileType_cropped.png,P340,16,2,Geometric Only,True,False,0.95
saveTime_2510241132__sessionTime_202510240920__participant_P340__trialN_17__trialT_1__fileType_cropped.png,P340,17,1,Geometric Only,True,False,0.95
saveTime_2510241023__sessionTime_202510240920__participant_P341__trialN_2__trialT_4__fileType_cropped.png,P341,2,4,Geometric Only,True,False,0.95
saveTime_2510241026__sessionTime_202510240920__participant_P341__trialN_3__trialT_4__fileType_cropped.png,P341,3,4,Geometric Only,True,False,0.95
saveTime_2510241043__sessionTime_202510240920__participant_P341__trialN_6__trialT_5__fileType_cropped.png,P341,6,5,Geometric Only,True,False,0.95
saveTime_2510241048__sessionTime_202510240920__participant_P341__trialN_7__trialT_2__fileType_cropped.png,P341,7,2,Geometric Only,True,False,0.95
saveTime_2510241052__sessionTime_202510240920__participant_P341__trialN_8__trialT_6__fileType_cropped.png,P341,8,6,Geometric Only,True,False,0.95
saveTime_2510241056__sessionTime_202510240920__participant_P341__trialN_9__trialT_6__fileType_cropped.png,P341,9,6,Geometric Only,True,False,0.95
saveTime_2510241059__sessionTime_202510240920__participant_P341__trialN_10__trialT_3__fileType_cropped.png,P341,10,3,Geometric Only,True,False,0.95
saveTime_2510241104__sessionTime_202510240920__participant_P341__trialN_11__trialT_5__fileType_cropped.png,P341,11,5,Geometric Only,True,False,0.95
saveTime_2510241117__sessionTime_202510240920__participant_P341__trialN_13__trialT_3__fileType_cropped.png,P341,13,3,Geometric Only,True,False,0.95
saveTime_2510241121__sessionTime_202510240920__participant_P341__trialN_14__trialT_1__fileType_cropped.png,P341,14,1,Geometric Only,True,False,0.95
saveTime_2510241124__sessionTime_202510240920__participant_P341__trialN_15__trialT_7__fileType_cropped.png,P341,15,7,Geometric Only,True,False,0.95
saveTime_2510241128__sessionTime_202510240920__participant_P341__trialN_16__trialT_2__fileType_cropped.png,P341,16,2,Geometric Only,True,False,0.95
saveTime_2510241132__sessionTime_202510240920__participant_P341__trialN_17__trialT_1__fileType_cropped.png,P341,17,1,Null,False,False,0.95
saveTime_2510241023__sessionTime_202510240920__participant_P342__trialN_2__trialT_4__fileType_cropped.png,P342,2,4,Geometric Only,True,False,0.95
saveTime_2510241027__sessionTime_202510240920__participant_P342__trialN_3__trialT_4__fileType_cropped.png,P342,3,4,Geometric Only,True,False,0.95
saveTime_2510241044__sessionTime_202510240920__participant_P342__trialN_6__trialT_5__fileType_cropped.png,P342,6,5,Geometric Only,True,False,0.95
saveTime_2510241049__sessionTime_202510240920__participant_P342__trialN_7__trialT_2__fileType_cropped.png,P342,7,2,Mixed,True,True,0.85
saveTime_2510241052__sessionTime_202510240920__participant_P342__trialN_8__trialT_6__fileType_cropped.png,P342,8,6,Geometric Only,True,False,0.95
saveTime_2510241056__sessionTime_202510240920__participant_P342__trialN_9__trialT_6__fileType_cropped.png,P342,9,6,Geometric Only,True,False,0.95
saveTime_2510241059__sessionTime_202510240920__participant_P342__trialN_10__trialT_3__fileType_cropped.png,P342,10,3,Geometric Only,True,False,0.95
saveTime_2510241104__sessionTime_202510240920__participant_P342__trialN_11__trialT_5__fileType_cropped.png,P342,11,5,Geometric Only,True,False,0.95
saveTime_2510241118__sessionTime_202510240920__participant_P342__trialN_13__trialT_3__fileType_cropped.png,P342,13,3,Geometric Only,True,False,0.95
saveTime_2510241122__sessionTime_202510240920__participant_P342__trialN_14__trialT_1__fileType_cropped.png,P342,14,1,Null,False,False,0.95
saveTime_2510241124__sessionTime_202510240920__participant_P342__trialN_15__trialT_7__fileType_cropped.png,P342,15,7,Null,False,False,0.99
saveTime_2510241128__sessionTime_202510240920__participant_P342__trialN_16__trialT_2__fileType_cropped.png,P342,16,2,Geometric Only,True,False,0.95
saveTime_2510241132__sessionTime_202510240920__participant_P342__trialN_17__trialT_1__fileType_cropped.png,P342,17,1,Null,False,False,0.95
saveTime_2510241023__sessionTime_202510240920__participant_P343__trialN_2__trialT_4__fileType_cropped.png,P343,2,4,Geometric Only,True,False,0.95
saveTime_2510241026__sessionTime_202510240920__participant_P343__trialN_3__trialT_4__fileType_cropped.png,P343,3,4,Geometric Only,True,False,0.95
saveTime_2510241044__sessionTime_202510240920__participant_P343__trialN_6__trialT_5__fileType_cropped.png,P343,6,5,Geometric Only,True,False,0.95
saveTime_2510241048__sessionTime_202510240920__participant_P343__trialN_7__trialT_2__fileType_cropped.png,P343,7,2,Geometric Only,True,False,0.95
saveTime_2510241052__sessionTime_202510240920__participant_P343__trialN_8__trialT_6__fileType_cropped.png,P343,8,6,Geometric Only,True,False,0.95
saveTime_2510241056__sessionTime_202510240920__participant_P343__trialN_9__trialT_6__fileType_cropped.png,P343,9,6,Geometric Only,True,False,0.95
saveTime_2510241100__sessionTime_202510240920__participant_P343__trialN_10__trialT_3__fileType_cropped.png,P343,10,3,Geometric Only,True,False,0.95
saveTime_2510241104__sessionTime_202510240920__participant_P343__trialN_11__trialT_5__fileType_cropped.png,P343,11,5,Geometric Only,True,False,0.95
saveTime_2510241117__sessionTime_202510240920__participant_P343__trialN_13__trialT_3__fileType_cropped.png,P343,13,3,Geometric Only,True,False,0.95
saveTime_2510241121__sessionTime_202510240920__participant_P343__trialN_14__trialT_1__fileType_cropped.png,P343,14,1,Geometric Only,True,False,0.95
saveTime_2510241125__sessionTime_202510240920__participant_P343__trialN_15__trialT_7__fileType_cropped.png,P343,15,7,Null,False,False,0.99
saveTime_2510241129__sessionTime_202510240920__participant_P343__trialN_16__trialT_2__fileType_cropped.png,P343,16,2,Geometric Only,True,False,0.95
saveTime_2510241132__sessionTime_202510240920__participant_P343__trialN_17__trialT_1__fileType_cropped.png,P343,17,1,Geometric Only,True,False,0.95
saveTime_2510241023__sessionTime_202510240920__participant_P344__trialN_2__trialT_4__fileType_cropped.png,P344,2,4,Geometric Only,True,False,0.95
saveTime_2510241027__sessionTime_202510240920__participant_P344__trialN_3__trialT_4__fileType_cropped.png,P344,3,4,Geometric Only,True,False,0.95
saveTime_2510241044__sessionTime_202510240920__participant_P344__trialN_6__trialT_5__fileType_cropped.png,P344,6,5,Geometric Only,True,False,0.95
saveTime_2510241048__sessionTime_202510240920__participant_P344__trialN_7__trialT_2__fileType_cropped.png,P344,7,2,Geometric Only,True,False,0.95
saveTime_2510241052__sessionTime_202510240920__participant_P344__trialN_8__trialT_6__fileType_cropped.png,P344,8,6,Geometric Only,True,False,0.95
saveTime_2510241056__sessionTime_202510240920__participant_P344__trialN_9__trialT_6__fileType_cropped.png,P344,9,6,Null,False,False,0.95
saveTime_2510241059__sessionTime_202510240920__participant_P344__trialN_10__trialT_3__fileType_cropped.png,P344,10,3,Geometric Only,True,False,0.95
saveTime_2510241104__sessionTime_202510240920__participant_P344__trialN_11__trialT_5__fileType_cropped.png,P344,11,5,Geometric Only,True,False,0.95
saveTime_2510241118__sessionTime_202510240920__participant_P344__trialN_13__trialT_3__fileType_cropped.png,P344,13,3,Geometric Only,True,False,0.95
saveTime_2510241122__sessionTime_202510240920__participant_P344__trialN_14__trialT_1__fileType_cropped.png,P344,14,1,Geometric Only,True,False,0.85
saveTime_2510241125__sessionTime_202510240920__participant_P344__trialN_15__trialT_7__fileType_cropped.png,P344,15,7,Null,False,False,0.95
saveTime_2510241128__sessionTime_202510240920__participant_P344__trialN_16__trialT_2__fileType_cropped.png,P344,16,2,Geometric Only,True,False,0.95
saveTime_2510241132__sessionTime_202510240920__participant_P344__trialN_17__trialT_1__fileType_cropped.png,P344,17,1,Geometric Only,True,False,0.95
saveTime_2510261653__sessionTime_202510261600__participant_P344453__trialN_2__trialT_6__fileType_cropped.png,P344453,2,6,Null,False,False,0.95
saveTime_2510261655__sessionTime_202510261600__participant_P344453__trialN_3__trialT_4__fileType_cropped.png,P344453,3,4,Geometric Only,True,False,0.95
saveTime_2510261659__sessionTime_202510261600__participant_P344453__trialN_4__trialT_1__fileType_cropped.png,P344453,4,1,Null,False,False,0.95
saveTime_2510261703__sessionTime_202510261600__participant_P344453__trialN_5__trialT_4__fileType_cropped.png,P344453,5,4,Geometric Only,True,False,0.85
saveTime_2510261720__sessionTime_202510261600__participant_P344453__trialN_7__trialT_5__fileType_cropped.png,P344453,7,5,Geometric Only,True,False,0.85
saveTime_2510261723__sessionTime_202510261600__participant_P344453__trialN_8__trialT_3__fileType_cropped.png,P344453,8,3,Geometric Only,True,False,0.95
saveTime_2510261728__sessionTime_202510261600__participant_P344453__trialN_9__trialT_5__fileType_cropped.png,P344453,9,5,Geometric Only,True,False,0.85
saveTime_2510261732__sessionTime_202510261600__participant_P344453__trialN_10__trialT_6__fileType_cropped.png,P344453,10,6,Null,False,False,0.95
saveTime_2510261736__sessionTime_202510261600__participant_P344453__trialN_11__trialT_3__fileType_cropped.png,P344453,11,3,Semantic Only,False,True,0.85
saveTime_2510261753__sessionTime_202510261600__participant_P344453__trialN_13__trialT_7__fileType_cropped.png,P344453,13,7,Null,False,False,0.95
saveTime_2510261758__sessionTime_202510261600__participant_P344453__trialN_14__trialT_2__fileType_cropped.png,P344453,14,2,Geometric Only,True,False,0.85
saveTime_2510261805__sessionTime_202510261600__participant_P344453__trialN_16__trialT_2__fileType_cropped.png,P344453,16,2,Geometric Only,True,False,0.85
saveTime_2510261809__sessionTime_202510261600__participant_P344453__trialN_17__trialT_1__fileType_cropped.png,P344453,17,1,Null,False,False,0.9
saveTime_2510241023__sessionTime_202510240920__participant_P345__trialN_2__trialT_4__fileType_cropped.png,P345,2,4,Geometric Only,True,False,0.95
saveTime_2510241027__sessionTime_202510240920__participant_P345__trialN_3__trialT_4__fileType_cropped.png,P345,3,4,Geometric Only,True,False,0.95
saveTime_2510241044__sessionTime_202510240920__participant_P345__trialN_6__trialT_5__fileType_cropped.png,P345,6,5,Geometric Only,True,False,0.95
saveTime_2510241049__sessionTime_202510240920__participant_P345__trialN_7__trialT_2__fileType_cropped.png,P345,7,2,Geometric Only,True,False,0.95
saveTime_2510241053__sessionTime_202510240920__participant_P345__trialN_8__trialT_6__fileType_cropped.png,P345,8,6,Geometric Only,True,False,0.95
saveTime_2510241056__sessionTime_202510240920__participant_P345__trialN_9__trialT_6__fileType_cropped.png,P345,9,6,Geometric Only,True,False,0.95
saveTime_2510241101__sessionTime_202510240920__participant_P345__trialN_10__trialT_3__fileType_cropped.png,P345,10,3,Geometric Only,True,False,0.95
saveTime_2510241105__sessionTime_202510240920__participant_P345__trialN_11__trialT_5__fileType_cropped.png,P345,11,5,Geometric Only,True,False,0.95
saveTime_2510241118__sessionTime_202510240920__participant_P345__trialN_13__trialT_3__fileType_cropped.png,P345,13,3,Geometric Only,True,False,0.95
saveTime_2510241121__sessionTime_202510240920__participant_P345__trialN_14__trialT_1__fileType_cropped.png,P345,14,1,Geometric Only,True,False,0.95
saveTime_2510241125__sessionTime_202510240920__participant_P345__trialN_15__trialT_7__fileType_cropped.png,P345,15,7,Geometric Only,True,False,0.95
saveTime_2510241129__sessionTime_202510240920__participant_P345__trialN_16__trialT_2__fileType_cropped.png,P345,16,2,Geometric Only,True,False,0.95
saveTime_2510241133__sessionTime_202510240920__participant_P345__trialN_17__trialT_1__fileType_cropped.png,P345,17,1,Geometric Only,True,False,0.95
saveTime_2510241158__sessionTime_202510241110__participant_P346__trialN_2__trialT_6__fileType_cropped.png,P346,2,6,Geometric Only,True,False,0.95
saveTime_2510241203__sessionTime_202510241110__participant_P346__trialN_3__trialT_2__fileType_cropped.png,P346,3,2,Geometric Only,True,False,0.95
saveTime_2510241207__sessionTime_202510241110__participant_P346__trialN_4__trialT_5__fileType_cropped.png,P346,4,5,Geometric Only,True,False,0.95
saveTime_2510241211__sessionTime_202510241110__participant_P346__trialN_5__trialT_3__fileType_cropped.png,P346,5,3,Geometric Only,True,False,0.95
saveTime_2510241222__sessionTime_202510241110__participant_P346__trialN_6__trialT_1__fileType_cropped.png,P346,6,1,Geometric Only,True,False,0.95
saveTime_2510241224__sessionTime_202510241110__participant_P346__trialN_7__trialT_1__fileType_cropped.png,P346,7,1,Geometric Only,True,False,0.95
saveTime_2510241229__sessionTime_202510241110__participant_P346__trialN_8__trialT_2__fileType_cropped.png,P346,8,2,Geometric Only,True,False,0.95
saveTime_2510241234__sessionTime_202510241110__participant_P346__trialN_9__trialT_5__fileType_cropped.png,P346,9,5,Geometric Only,True,False,0.95
saveTime_2510241237__sessionTime_202510241110__participant_P346__trialN_10__trialT_6__fileType_cropped.png,P346,10,6,Geometric Only,True,False,0.95
saveTime_2510241241__sessionTime_202510241110__participant_P346__trialN_11__trialT_7__fileType_cropped.png,P346,11,7,Null,False,False,0.95
saveTime_2510241300__sessionTime_202510241110__participant_P346__trialN_14__trialT_4__fileType_cropped.png,P346,14,4,Geometric Only,True,False,0.85
saveTime_2510241305__sessionTime_202510241110__participant_P346__trialN_15__trialT_4__fileType_cropped.png,P346,15,4,Geometric Only,True,False,0.95
saveTime_2510241311__sessionTime_202510241110__participant_P346__trialN_17__trialT_3__fileType_cropped.png,P346,17,3,Geometric Only,True,False,0.95
saveTime_2510241159__sessionTime_202510241110__participant_P347__trialN_2__trialT_6__fileType_cropped.png,P347,2,6,Geometric Only,True,False,0.95
saveTime_2510241203__sessionTime_202510241110__participant_P347__trialN_3__trialT_2__fileType_cropped.png,P347,3,2,Geometric Only,True,False,0.95
saveTime_2510241207__sessionTime_202510241110__participant_P347__trialN_4__trialT_5__fileType_cropped.png,P347,4,5,Geometric Only,True,False,0.95
saveTime_2510241211__sessionTime_202510241110__participant_P347__trialN_5__trialT_3__fileType_cropped.png,P347,5,3,Geometric Only,True,False,0.85
saveTime_2510241221__sessionTime_202510241110__participant_P347__trialN_6__trialT_1__fileType_cropped.png,P347,6,1,Geometric Only,True,False,0.85
saveTime_2510241225__sessionTime_202510241110__participant_P347__trialN_7__trialT_1__fileType_cropped.png,P347,7,1,Null,False,False,0.95
saveTime_2510241230__sessionTime_202510241110__participant_P347__trialN_8__trialT_2__fileType_cropped.png,P347,8,2,Geometric Only,True,False,0.95
saveTime_2510241234__sessionTime_202510241110__participant_P347__trialN_9__trialT_5__fileType_cropped.png,P347,9,5,Geometric Only,True,False,0.95
saveTime_2510241237__sessionTime_202510241110__participant_P347__trialN_10__trialT_6__fileType_cropped.png,P347,10,6,Geometric Only,True,False,0.95
saveTime_2510241241__sessionTime_202510241110__participant_P347__trialN_11__trialT_7__fileType_cropped.png,P347,11,7,Geometric Only,True,False,0.95
saveTime_2510241300__sessionTime_202510241110__participant_P347__trialN_14__trialT_4__fileType_cropped.png,P347,14,4,Geometric Only,True,False,0.95
saveTime_2510241304__sessionTime_202510241110__participant_P347__trialN_15__trialT_4__fileType_cropped.png,P347,15,4,Geometric Only,True,False,0.95
saveTime_2510241312__sessionTime_202510241110__participant_P347__trialN_17__trialT_3__fileType_cropped.png,P347,17,3,Geometric Only,True,False,0.95
saveTime_2510241159__sessionTime_202510241110__participant_P348__trialN_2__trialT_6__fileType_cropped.png,P348,2,6,Geometric Only,True,False,0.95
saveTime_2510241203__sessionTime_202510241110__participant_P348__trialN_3__trialT_2__fileType_cropped.png,P348,3,2,Geometric Only,True,False,0.95
saveTime_2510241207__sessionTime_202510241110__participant_P348__trialN_4__trialT_5__fileType_cropped.png,P348,4,5,Geometric Only,True,False,0.95
saveTime_2510241211__sessionTime_202510241110__participant_P348__trialN_5__trialT_3__fileType_cropped.png,P348,5,3,Geometric Only,True,False,0.95
saveTime_2510241222__sessionTime_202510241110__participant_P348__trialN_6__trialT_1__fileType_cropped.png,P348,6,1,Geometric Only,True,False,0.95
saveTime_2510241225__sessionTime_202510241110__participant_P348__trialN_7__trialT_1__fileType_cropped.png,P348,7,1,Geometric Only,True,False,0.95
saveTime_2510241230__sessionTime_202510241110__participant_P348__trialN_8__trialT_2__fileType_cropped.png,P348,8,2,Geometric Only,True,False,0.95
saveTime_2510241233__sessionTime_202510241110__participant_P348__trialN_9__trialT_5__fileType_cropped.png,P348,9,5,Geometric Only,True,False,0.95
saveTime_2510241237__sessionTime_202510241110__participant_P348__trialN_10__trialT_6__fileType_cropped.png,P348,10,6,Geometric Only,True,False,0.95
saveTime_2510241241__sessionTime_202510241110__participant_P348__trialN_11__trialT_7__fileType_cropped.png,P348,11,7,Null,False,False,0.95
saveTime_2510241300__sessionTime_202510241110__participant_P348__trialN_14__trialT_4__fileType_cropped.png,P348,14,4,Geometric Only,True,False,0.95
saveTime_2510241304__sessionTime_202510241110__participant_P348__trialN_15__trialT_4__fileType_cropped.png,P348,15,4,Geometric Only,True,False,0.95
saveTime_2510241312__sessionTime_202510241110__participant_P348__trialN_17__trialT_3__fileType_cropped.png,P348,17,3,Geometric Only,True,False,0.95
saveTime_2510241159__sessionTime_202510241110__participant_P349__trialN_2__trialT_6__fileType_cropped.png,P349,2,6,Geometric Only,True,False,0.95
saveTime_2510241203__sessionTime_202510241110__participant_P349__trialN_3__trialT_2__fileType_cropped.png,P349,3,2,Geometric Only,True,False,0.85
saveTime_2510241207__sessionTime_202510241110__participant_P349__trialN_4__trialT_5__fileType_cropped.png,P349,4,5,Geometric Only,True,False,0.95
saveTime_2510241211__sessionTime_202510241110__participant_P349__trialN_5__trialT_3__fileType_cropped.png,P349,5,3,Geometric Only,True,False,0.95
saveTime_2510241222__sessionTime_202510241110__participant_P349__trialN_6__trialT_1__fileType_cropped.png,P349,6,1,Null,False,False,0.95
saveTime_2510241224__sessionTime_202510241110__participant_P349__trialN_7__trialT_1__fileType_cropped.png,P349,7,1,Null,False,False,0.95
saveTime_2510241230__sessionTime_202510241110__participant_P349__trialN_8__trialT_2__fileType_cropped.png,P349,8,2,Geometric Only,True,False,0.95
saveTime_2510241233__sessionTime_202510241110__participant_P349__trialN_9__trialT_5__fileType_cropped.png,P349,9,5,Geometric Only,True,False,0.95
saveTime_2510241237__sessionTime_202510241110__participant_P349__trialN_10__trialT_6__fileType_cropped.png,P349,10,6,Geometric Only,True,False,0.95
saveTime_2510241241__sessionTime_202510241110__participant_P349__trialN_11__trialT_7__fileType_cropped.png,P349,11,7,Null,False,False,0.95
saveTime_2510241300__sessionTime_202510241110__participant_P349__trialN_14__trialT_4__fileType_cropped.png,P349,14,4,Geometric Only,True,False,0.95
saveTime_2510241304__sessionTime_202510241110__participant_P349__trialN_15__trialT_4__fileType_cropped.png,P349,15,4,Geometric Only,True,False,0.95
saveTime_2510241312__sessionTime_202510241110__participant_P349__trialN_17__trialT_3__fileType_cropped.png,P349,17,3,Geometric Only,True,False,0.95
saveTime_2510241159__sessionTime_202510241110__participant_P350__trialN_2__trialT_6__fileType_cropped.png,P350,2,6,Null,False,False,0.95
saveTime_2510241203__sessionTime_202510241110__participant_P350__trialN_3__trialT_2__fileType_cropped.png,P350,3,2,Geometric Only,True,False,0.95
saveTime_2510241206__sessionTime_202510241110__participant_P350__trialN_4__trialT_5__fileType_cropped.png,P350,4,5,Geometric Only,True,False,0.95
saveTime_2510241210__sessionTime_202510241110__participant_P350__trialN_5__trialT_3__fileType_cropped.png,P350,5,3,Geometric Only,True,False,0.95
saveTime_2510241221__sessionTime_202510241110__participant_P350__trialN_6__trialT_1__fileType_cropped.png,P350,6,1,Geometric Only,True,False,0.95
saveTime_2510241224__sessionTime_202510241110__participant_P350__trialN_7__trialT_1__fileType_cropped.png,P350,7,1,Geometric Only,True,False,0.95
saveTime_2510241229__sessionTime_202510241110__participant_P350__trialN_8__trialT_2__fileType_cropped.png,P350,8,2,Geometric Only,True,False,0.95
saveTime_2510241233__sessionTime_202510241110__participant_P350__trialN_9__trialT_5__fileType_cropped.png,P350,9,5,Geometric Only,True,False,0.95
saveTime_2510241236__sessionTime_202510241110__participant_P350__trialN_10__trialT_6__fileType_cropped.png,P350,10,6,Geometric Only,True,False,0.95
saveTime_2510241240__sessionTime_202510241110__participant_P350__trialN_11__trialT_7__fileType_cropped.png,P350,11,7,Null,False,False,0.95
saveTime_2510241259__sessionTime_202510241110__participant_P350__trialN_14__trialT_4__fileType_cropped.png,P350,14,4,Geometric Only,True,False,0.95
saveTime_2510241303__sessionTime_202510241110__participant_P350__trialN_15__trialT_4__fileType_cropped.png,P350,15,4,Geometric Only,True,False,0.95
saveTime_2510241312__sessionTime_202510241110__participant_P350__trialN_17__trialT_3__fileType_cropped.png,P350,17,3,Geometric Only,True,False,0.95
saveTime_2510241200__sessionTime_202510241110__participant_P351__trialN_2__trialT_6__fileType_cropped.png,P351,2,6,Geometric Only,True,False,0.95
saveTime_2510241202__sessionTime_202510241110__participant_P351__trialN_3__trialT_2__fileType_cropped.png,P351,3,2,Geometric Only,True,False,0.95
saveTime_2510241207__sessionTime_202510241110__participant_P351__trialN_4__trialT_5__fileType_cropped.png,P351,4,5,Geometric Only,True,False,0.95
saveTime_2510241212__sessionTime_202510241110__participant_P351__trialN_5__trialT_3__fileType_cropped.png,P351,5,3,Geometric Only,True,False,0.95
saveTime_2510241220__sessionTime_202510241110__participant_P351__trialN_6__trialT_1__fileType_cropped.png,P351,6,1,Null,False,False,0.95
saveTime_2510241224__sessionTime_202510241110__participant_P351__trialN_7__trialT_1__fileType_cropped.png,P351,7,1,Geometric Only,True,False,0.95
saveTime_2510241229__sessionTime_202510241110__participant_P351__trialN_8__trialT_2__fileType_cropped.png,P351,8,2,Geometric Only,True,False,0.95
saveTime_2510241234__sessionTime_202510241110__participant_P351__trialN_9__trialT_5__fileType_cropped.png,P351,9,5,Geometric Only,True,False,0.95
saveTime_2510241238__sessionTime_202510241110__participant_P351__trialN_10__trialT_6__fileType_cropped.png,P351,10,6,Geometric Only,True,False,0.95
saveTime_2510241239__sessionTime_202510241110__participant_P351__trialN_11__trialT_7__fileType_cropped.png,P351,11,7,Null,False,False,0.99
saveTime_2510241300__sessionTime_202510241110__participant_P351__trialN_14__trialT_4__fileType_cropped.png,P351,14,4,Geometric Only,True,False,0.95
saveTime_2510241303__sessionTime_202510241110__participant_P351__trialN_15__trialT_4__fileType_cropped.png,P351,15,4,Geometric Only,True,False,0.85
saveTime_2510241312__sessionTime_202510241110__participant_P351__trialN_17__trialT_3__fileType_cropped.png,P351,17,3,Geometric Only,True,False,0.85
saveTime_2510241350__sessionTime_202510241300__participant_P352__trialN_2__trialT_4__fileType_cropped.png,P352,2,4,Geometric Only,True,False,0.95
saveTime_2510241353__sessionTime_202510241300__participant_P352__trialN_3__trialT_5__fileType_cropped.png,P352,3,5,Geometric Only,True,False,0.95
saveTime_2510241357__sessionTime_202510241300__participant_P352__trialN_4__trialT_4__fileType_cropped.png,P352,4,4,Geometric Only,True,False,0.95
saveTime_2510241400__sessionTime_202510241300__participant_P352__trialN_5__trialT_3__fileType_cropped.png,P352,5,3,Geometric Only,True,False,0.95
saveTime_2510241411__sessionTime_202510241300__participant_P352__trialN_6__trialT_6__fileType_cropped.png,P352,6,6,Geometric Only,True,False,0.95
saveTime_2510241416__sessionTime_202510241300__participant_P352__trialN_7__trialT_1__fileType_cropped.png,P352,7,1,Null,False,False,0.95
saveTime_2510241419__sessionTime_202510241300__participant_P352__trialN_8__trialT_1__fileType_cropped.png,P352,8,1,Null,False,False,0.95
saveTime_2510241422__sessionTime_202510241300__participant_P352__trialN_9__trialT_6__fileType_cropped.png,P352,9,6,Geometric Only,True,False,0.95
saveTime_2510241440__sessionTime_202510241300__participant_P352__trialN_10__trialT_3__fileType_cropped.png,P352,10,3,Geometric Only,True,False,0.95
saveTime_2510241445__sessionTime_202510241300__participant_P352__trialN_11__trialT_5__fileType_cropped.png,P352,11,5,Geometric Only,True,False,0.95
saveTime_2510241448__sessionTime_202510241300__participant_P352__trialN_12__trialT_7__fileType_cropped.png,P352,12,7,Null,False,False,0.95
saveTime_2510241453__sessionTime_202510241300__participant_P352__trialN_13__trialT_2__fileType_cropped.png,P352,13,2,Geometric Only,True,False,0.95
saveTime_2510241510__sessionTime_202510241300__participant_P352__trialN_17__trialT_2__fileType_cropped.png,P352,17,2,Geometric Only,True,False,0.95
saveTime_2510241350__sessionTime_202510241300__participant_P353__trialN_2__trialT_4__fileType_cropped.png,P353,2,4,Geometric Only,True,False,0.95
saveTime_2510241354__sessionTime_202510241300__participant_P353__trialN_3__trialT_5__fileType_cropped.png,P353,3,5,Geometric Only,True,False,0.95
saveTime_2510241358__sessionTime_202510241300__participant_P353__trialN_4__trialT_4__fileType_cropped.png,P353,4,4,Geometric Only,True,False,0.95
saveTime_2510241402__sessionTime_202510241300__participant_P353__trialN_5__trialT_3__fileType_cropped.png,P353,5,3,Geometric Only,True,False,0.95
saveTime_2510241412__sessionTime_202510241300__participant_P353__trialN_6__trialT_6__fileType_cropped.png,P353,6,6,Geometric Only,True,False,0.95
saveTime_2510241416__sessionTime_202510241300__participant_P353__trialN_7__trialT_1__fileType_cropped.png,P353,7,1,Null,False,False,0.99
saveTime_2510241420__sessionTime_202510241300__participant_P353__trialN_8__trialT_1__fileType_cropped.png,P353,8,1,Null,False,False,0.95
saveTime_2510241430__sessionTime_202510241300__participant_P353__trialN_9__trialT_6__fileType_cropped.png,P353,9,6,Null,False,False,0.95
saveTime_2510241442__sessionTime_202510241300__participant_P353__trialN_10__trialT_3__fileType_cropped.png,P353,10,3,Geometric Only,True,False,0.95
saveTime_2510241446__sessionTime_202510241300__participant_P353__trialN_11__trialT_5__fileType_cropped.png,P353,11,5,Null,False,False,0.99
saveTime_2510241450__sessionTime_202510241300__participant_P353__trialN_12__trialT_7__fileType_cropped.png,P353,12,7,Null,False,False,0.99
saveTime_2510241455__sessionTime_202510241300__participant_P353__trialN_13__trialT_2__fileType_cropped.png,P353,13,2,Geometric Only,True,False,0.95
saveTime_2510241510__sessionTime_202510241300__participant_P353__trialN_17__trialT_2__fileType_cropped.png,P353,17,2,Geometric Only,True,False,0.95
saveTime_2510241350__sessionTime_202510241300__participant_P354__trialN_2__trialT_4__fileType_cropped.png,P354,2,4,Geometric Only,True,False,0.95
saveTime_2510241354__sessionTime_202510241300__participant_P354__trialN_3__trialT_5__fileType_cropped.png,P354,3,5,Geometric Only,True,False,0.95
saveTime_2510241358__sessionTime_202510241300__participant_P354__trialN_4__trialT_4__fileType_cropped.png,P354,4,4,Geometric Only,True,False,0.95
saveTime_2510241402__sessionTime_202510241300__participant_P354__trialN_5__trialT_3__fileType_cropped.png,P354,5,3,Geometric Only,True,False,0.85
saveTime_2510241412__sessionTime_202510241300__participant_P354__trialN_6__trialT_6__fileType_cropped.png,P354,6,6,Geometric Only,True,False,0.95
saveTime_2510241416__sessionTime_202510241300__participant_P354__trialN_7__trialT_1__fileType_cropped.png,P354,7,1,Null,False,False,0.95
saveTime_2510241420__sessionTime_202510241300__participant_P354__trialN_8__trialT_1__fileType_cropped.png,P354,8,1,Null,False,False,0.95
saveTime_2510241424__sessionTime_202510241300__participant_P354__trialN_9__trialT_6__fileType_cropped.png,P354,9,6,Geometric Only,True,False,0.95
saveTime_2510241442__sessionTime_202510241300__participant_P354__trialN_10__trialT_3__fileType_cropped.png,P354,10,3,Geometric Only,True,False,0.85
saveTime_2510241446__sessionTime_202510241300__participant_P354__trialN_11__trialT_5__fileType_cropped.png,P354,11,5,Geometric Only,True,False,0.95
saveTime_2510241450__sessionTime_202510241300__participant_P354__trialN_12__trialT_7__fileType_cropped.png,P354,12,7,Null,False,False,0.95
saveTime_2510241455__sessionTime_202510241300__participant_P354__trialN_13__trialT_2__fileType_cropped.png,P354,13,2,Null,False,False,0.95
saveTime_2510241510__sessionTime_202510241300__participant_P354__trialN_17__trialT_2__fileType_cropped.png,P354,17,2,Geometric Only,True,False,0.95
saveTime_2510241350__sessionTime_202510241300__participant_P355__trialN_2__trialT_4__fileType_cropped.png,P355,2,4,Geometric Only,True,False,0.95
saveTime_2510241354__sessionTime_202510241300__participant_P355__trialN_3__trialT_5__fileType_cropped.png,P355,3,5,Geometric Only,True,False,0.95
saveTime_2510241358__sessionTime_202510241300__participant_P355__trialN_4__trialT_4__fileType_cropped.png,P355,4,4,Geometric Only,True,False,0.95
saveTime_2510241402__sessionTime_202510241300__participant_P355__trialN_5__trialT_3__fileType_cropped.png,P355,5,3,Geometric Only,True,False,0.95
saveTime_2510241413__sessionTime_202510241300__participant_P355__trialN_6__trialT_6__fileType_cropped.png,P355,6,6,Geometric Only,True,False,0.95
saveTime_2510241417__sessionTime_202510241300__participant_P355__trialN_7__trialT_1__fileType_cropped.png,P355,7,1,Geometric Only,True,False,0.95
saveTime_2510241419__sessionTime_202510241300__participant_P355__trialN_8__trialT_1__fileType_cropped.png,P355,8,1,Null,False,False,0.95
saveTime_2510241423__sessionTime_202510241300__participant_P355__trialN_9__trialT_6__fileType_cropped.png,P355,9,6,Geometric Only,True,False,0.85
saveTime_2510241442__sessionTime_202510241300__participant_P355__trialN_10__trialT_3__fileType_cropped.png,P355,10,3,Geometric Only,True,False,0.95
saveTime_2510241444__sessionTime_202510241300__participant_P355__trialN_11__trialT_5__fileType_cropped.png,P355,11,5,Geometric Only,True,False,0.95
saveTime_2510241450__sessionTime_202510241300__participant_P355__trialN_12__trialT_7__fileType_cropped.png,P355,12,7,Geometric Only,True,False,0.95
saveTime_2510241454__sessionTime_202510241300__participant_P355__trialN_13__trialT_2__fileType_cropped.png,P355,13,2,Geometric Only,True,False,0.95
saveTime_2510241511__sessionTime_202510241300__participant_P355__trialN_17__trialT_2__fileType_cropped.png,P355,17,2,Geometric Only,True,False,0.95
saveTime_2510241351__sessionTime_202510241300__participant_P356__trialN_2__trialT_4__fileType_cropped.png,P356,2,4,Geometric Only,True,False,0.95
saveTime_2510241355__sessionTime_202510241300__participant_P356__trialN_3__trialT_5__fileType_cropped.png,P356,3,5,Geometric Only,True,False,0.95
saveTime_2510241358__sessionTime_202510241300__participant_P356__trialN_4__trialT_4__fileType_cropped.png,P356,4,4,Geometric Only,True,False,0.95
saveTime_2510241402__sessionTime_202510241300__participant_P356__trialN_5__trialT_3__fileType_cropped.png,P356,5,3,Geometric Only,True,False,0.95
saveTime_2510241413__sessionTime_202510241300__participant_P356__trialN_6__trialT_6__fileType_cropped.png,P356,6,6,Geometric Only,True,False,0.95
saveTime_2510241416__sessionTime_202510241300__participant_P356__trialN_7__trialT_1__fileType_cropped.png,P356,7,1,Null,False,False,0.95
saveTime_2510241420__sessionTime_202510241300__participant_P356__trialN_8__trialT_1__fileType_cropped.png,P356,8,1,Null,False,False,0.95
saveTime_2510241424__sessionTime_202510241300__participant_P356__trialN_9__trialT_6__fileType_cropped.png,P356,9,6,Geometric Only,True,False,0.95
saveTime_2510241442__sessionTime_202510241300__participant_P356__trialN_10__trialT_3__fileType_cropped.png,P356,10,3,Geometric Only,True,False,0.85
saveTime_2510241446__sessionTime_202510241300__participant_P356__trialN_11__trialT_5__fileType_cropped.png,P356,11,5,Geometric Only,True,False,0.95
saveTime_2510241450__sessionTime_202510241300__participant_P356__trialN_12__trialT_7__fileType_cropped.png,P356,12,7,Null,False,False,0.95
saveTime_2510241455__sessionTime_202510241300__participant_P356__trialN_13__trialT_2__fileType_cropped.png,P356,13,2,Geometric Only,True,False,0.85
saveTime_2510241510__sessionTime_202510241300__participant_P356__trialN_17__trialT_2__fileType_cropped.png,P356,17,2,Geometric Only,True,False,0.95
saveTime_2510241351__sessionTime_202510241300__participant_P357__trialN_2__trialT_4__fileType_cropped.png,P357,2,4,Geometric Only,True,False,0.95
saveTime_2510241355__sessionTime_202510241300__participant_P357__trialN_3__trialT_5__fileType_cropped.png,P357,3,5,Geometric Only,True,False,0.95
saveTime_2510241359__sessionTime_202510241300__participant_P357__trialN_4__trialT_4__fileType_cropped.png,P357,4,4,Geometric Only,True,False,0.95
saveTime_2510241402__sessionTime_202510241300__participant_P357__trialN_5__trialT_3__fileType_cropped.png,P357,5,3,Geometric Only,True,False,0.95
saveTime_2510241413__sessionTime_202510241300__participant_P357__trialN_6__trialT_6__fileType_cropped.png,P357,6,6,Geometric Only,True,False,0.95
saveTime_2510241416__sessionTime_202510241300__participant_P357__trialN_7__trialT_1__fileType_cropped.png,P357,7,1,Geometric Only,True,False,0.85
saveTime_2510241421__sessionTime_202510241300__participant_P357__trialN_8__trialT_1__fileType_cropped.png,P357,8,1,Geometric Only,True,False,0.95
saveTime_2510241424__sessionTime_202510241300__participant_P357__trialN_9__trialT_6__fileType_cropped.png,P357,9,6,Geometric Only,True,False,0.95
saveTime_2510241443__sessionTime_202510241300__participant_P357__trialN_10__trialT_3__fileType_cropped.png,P357,10,3,Geometric Only,True,False,0.95
saveTime_2510241446__sessionTime_202510241300__participant_P357__trialN_11__trialT_5__fileType_cropped.png,P357,11,5,Mixed,True,True,0.9
saveTime_2510241450__sessionTime_202510241300__participant_P357__trialN_12__trialT_7__fileType_cropped.png,P357,12,7,Null,False,False,0.95
saveTime_2510241455__sessionTime_202510241300__participant_P357__trialN_13__trialT_2__fileType_cropped.png,P357,13,2,Geometric Only,True,False,0.95
saveTime_2510241510__sessionTime_202510241300__participant_P357__trialN_17__trialT_2__fileType_cropped.png,P357,17,2,Mixed,True,True,0.85
saveTime_2510241351__sessionTime_202510241300__participant_P358__trialN_2__trialT_4__fileType_cropped.png,P358,2,4,Geometric Only,True,False,0.95
saveTime_2510241355__sessionTime_202510241300__participant_P358__trialN_3__trialT_5__fileType_cropped.png,P358,3,5,Mixed,True,True,0.85
saveTime_2510241359__sessionTime_202510241300__participant_P358__trialN_4__trialT_4__fileType_cropped.png,P358,4,4,Geometric Only,True,False,0.85
saveTime_2510241403__sessionTime_202510241300__participant_P358__trialN_5__trialT_3__fileType_cropped.png,P358,5,3,Geometric Only,True,False,0.95
saveTime_2510241413__sessionTime_202510241300__participant_P358__trialN_6__trialT_6__fileType_cropped.png,P358,6,6,Mixed,True,True,0.85
saveTime_2510241417__sessionTime_202510241300__participant_P358__trialN_7__trialT_1__fileType_cropped.png,P358,7,1,Geometric Only,True,False,0.95
saveTime_2510241430__sessionTime_202510241300__participant_P358__trialN_9__trialT_6__fileType_cropped.png,P358,9,6,Null,False,False,0.99
saveTime_2510241443__sessionTime_202510241300__participant_P358__trialN_10__trialT_3__fileType_cropped.png,P358,10,3,Geometric Only,True,False,0.95
saveTime_2510241446__sessionTime_202510241300__participant_P358__trialN_11__trialT_5__fileType_cropped.png,P358,11,5,Geometric Only,True,False,0.95
saveTime_2510241451__sessionTime_202510241300__participant_P358__trialN_12__trialT_7__fileType_cropped.png,P358,12,7,Geometric Only,True,False,0.95
saveTime_2510241455__sessionTime_202510241300__participant_P358__trialN_13__trialT_2__fileType_cropped.png,P358,13,2,Geometric Only,True,False,0.95
saveTime_2510241511__sessionTime_202510241300__participant_P358__trialN_17__trialT_2__fileType_cropped.png,P358,17,2,Geometric Only,True,False,0.95
saveTime_2510241554__sessionTime_202510241500__participant_P359__trialN_3__trialT_4__fileType_cropped.png,P359,3,4,Geometric Only,True,False,0.95
saveTime_2510241558__sessionTime_202510241500__participant_P359__trialN_4__trialT_7__fileType_cropped.png,P359,4,7,Null,False,False,0.95
saveTime_2510241616__sessionTime_202510241500__participant_P359__trialN_6__trialT_5__fileType_cropped.png,P359,6,5,Geometric Only,True,False,0.95
saveTime_2510241620__sessionTime_202510241500__participant_P359__trialN_7__trialT_3__fileType_cropped.png,P359,7,3,Geometric Only,True,False,0.95
saveTime_2510241624__sessionTime_202510241500__participant_P359__trialN_8__trialT_1__fileType_cropped.png,P359,8,1,Geometric Only,True,False,0.95
saveTime_2510241628__sessionTime_202510241500__participant_P359__trialN_9__trialT_1__fileType_cropped.png,P359,9,1,Geometric Only,True,False,0.95
saveTime_2510241632__sessionTime_202510241500__participant_P359__trialN_10__trialT_3__fileType_cropped.png,P359,10,3,Geometric Only,True,False,0.95
saveTime_2510241636__sessionTime_202510241500__participant_P359__trialN_11__trialT_2__fileType_cropped.png,P359,11,2,Geometric Only,True,False,0.95
saveTime_2510241649__sessionTime_202510241500__participant_P359__trialN_12__trialT_2__fileType_cropped.png,P359,12,2,Geometric Only,True,False,0.95
saveTime_2510241653__sessionTime_202510241500__participant_P359__trialN_13__trialT_6__fileType_cropped.png,P359,13,6,Geometric Only,True,False,0.95
saveTime_2510241657__sessionTime_202510241500__participant_P359__trialN_14__trialT_4__fileType_cropped.png,P359,14,4,Geometric Only,True,False,0.95
saveTime_2510241704__sessionTime_202510241500__participant_P359__trialN_16__trialT_6__fileType_cropped.png,P359,16,6,Geometric Only,True,False,0.95
saveTime_2510241709__sessionTime_202510241500__participant_P359__trialN_17__trialT_5__fileType_cropped.png,P359,17,5,Geometric Only,True,False,0.95
saveTime_2510241554__sessionTime_202510241500__participant_P360__trialN_3__trialT_4__fileType_cropped.png,P360,3,4,Geometric Only,True,False,0.95
saveTime_2510241557__sessionTime_202510241500__participant_P360__trialN_4__trialT_7__fileType_cropped.png,P360,4,7,Null,False,False,0.99
saveTime_2510241615__sessionTime_202510241500__participant_P360__trialN_6__trialT_5__fileType_cropped.png,P360,6,5,Geometric Only,True,False,0.95
saveTime_2510241619__sessionTime_202510241500__participant_P360__trialN_7__trialT_3__fileType_cropped.png,P360,7,3,Geometric Only,True,False,0.95
saveTime_2510241624__sessionTime_202510241500__participant_P360__trialN_8__trialT_1__fileType_cropped.png,P360,8,1,Null,False,False,0.95
saveTime_2510241628__sessionTime_202510241500__participant_P360__trialN_9__trialT_1__fileType_cropped.png,P360,9,1,Null,False,False,0.99
saveTime_2510241632__sessionTime_202510241500__participant_P360__trialN_10__trialT_3__fileType_cropped.png,P360,10,3,Geometric Only,True,False,0.95
saveTime_2510241636__sessionTime_202510241500__participant_P360__trialN_11__trialT_2__fileType_cropped.png,P360,11,2,Null,False,False,0.99
saveTime_2510241649__sessionTime_202510241500__participant_P360__trialN_12__trialT_2__fileType_cropped.png,P360,12,2,Geometric Only,True,False,0.95
saveTime_2510241653__sessionTime_202510241500__participant_P360__trialN_13__trialT_6__fileType_cropped.png,P360,13,6,Geometric Only,True,False,0.95
saveTime_2510241656__sessionTime_202510241500__participant_P360__trialN_14__trialT_4__fileType_cropped.png,P360,14,4,Geometric Only,True,False,0.95
saveTime_2510241704__sessionTime_202510241500__participant_P360__trialN_16__trialT_6__fileType_cropped.png,P360,16,6,Geometric Only,True,False,0.85
saveTime_2510241708__sessionTime_202510241500__participant_P360__trialN_17__trialT_5__fileType_cropped.png,P360,17,5,Geometric Only,True,False,0.95
saveTime_2510241554__sessionTime_202510241500__participant_P361__trialN_3__trialT_4__fileType_cropped.png,P361,3,4,Geometric Only,True,False,0.95
saveTime_2510241557__sessionTime_202510241500__participant_P361__trialN_4__trialT_7__fileType_cropped.png,P361,4,7,Null,False,False,0.95
saveTime_2510241616__sessionTime_202510241500__participant_P361__trialN_6__trialT_5__fileType_cropped.png,P361,6,5,Geometric Only,True,False,0.95
saveTime_2510241620__sessionTime_202510241500__participant_P361__trialN_7__trialT_3__fileType_cropped.png,P361,7,3,Geometric Only,True,False,0.95
saveTime_2510241624__sessionTime_202510241500__participant_P361__trialN_8__trialT_1__fileType_cropped.png,P361,8,1,Null,False,False,0.95
saveTime_2510241628__sessionTime_202510241500__participant_P361__trialN_9__trialT_1__fileType_cropped.png,P361,9,1,Null,False,False,0.95
saveTime_2510241633__sessionTime_202510241500__participant_P361__trialN_10__trialT_3__fileType_cropped.png,P361,10,3,Geometric Only,True,False,0.95
saveTime_2510241636__sessionTime_202510241500__participant_P361__trialN_11__trialT_2__fileType_cropped.png,P361,11,2,Geometric Only,True,False,0.95
saveTime_2510241649__sessionTime_202510241500__participant_P361__trialN_12__trialT_2__fileType_cropped.png,P361,12,2,Geometric Only,True,False,0.95
saveTime_2510241653__sessionTime_202510241500__participant_P361__trialN_13__trialT_6__fileType_cropped.png,P361,13,6,Geometric Only,True,False,0.95
saveTime_2510241657__sessionTime_202510241500__participant_P361__trialN_14__trialT_4__fileType_cropped.png,P361,14,4,Geometric Only,True,False,0.95
saveTime_2510241705__sessionTime_202510241500__participant_P361__trialN_16__trialT_6__fileType_cropped.png,P361,16,6,Geometric Only,True,False,0.95
saveTime_2510241709__sessionTime_202510241500__participant_P361__trialN_17__trialT_5__fileType_cropped.png,P361,17,5,Geometric Only,True,False,0.95
saveTime_2510241554__sessionTime_202510241500__participant_P362__trialN_3__trialT_4__fileType_cropped.png,P362,3,4,Geometric Only,True,False,0.95
saveTime_2510241557__sessionTime_202510241500__participant_P362__trialN_4__trialT_7__fileType_cropped.png,P362,4,7,Null,False,False,0.95
saveTime_2510241616__sessionTime_202510241500__participant_P362__trialN_6__trialT_5__fileType_cropped.png,P362,6,5,Geometric Only,True,False,0.95
saveTime_2510241620__sessionTime_202510241500__participant_P362__trialN_7__trialT_3__fileType_cropped.png,P362,7,3,Geometric Only,True,False,0.95
saveTime_2510241624__sessionTime_202510241500__participant_P362__trialN_8__trialT_1__fileType_cropped.png,P362,8,1,Geometric Only,True,False,0.95
saveTime_2510241629__sessionTime_202510241500__participant_P362__trialN_9__trialT_1__fileType_cropped.png,P362,9,1,Geometric Only,True,False,0.85
saveTime_2510241633__sessionTime_202510241500__participant_P362__trialN_10__trialT_3__fileType_cropped.png,P362,10,3,Geometric Only,True,False,0.95
saveTime_2510241636__sessionTime_202510241500__participant_P362__trialN_11__trialT_2__fileType_cropped.png,P362,11,2,Geometric Only,True,False,0.95
saveTime_2510241650__sessionTime_202510241500__participant_P362__trialN_12__trialT_2__fileType_cropped.png,P362,12,2,Geometric Only,True,False,0.95
saveTime_2510241653__sessionTime_202510241500__participant_P362__trialN_13__trialT_6__fileType_cropped.png,P362,13,6,Geometric Only,True,False,0.85
saveTime_2510241657__sessionTime_202510241500__participant_P362__trialN_14__trialT_4__fileType_cropped.png,P362,14,4,Geometric Only,True,False,0.85
saveTime_2510241705__sessionTime_202510241500__participant_P362__trialN_16__trialT_6__fileType_cropped.png,P362,16,6,Geometric Only,True,False,0.85
saveTime_2510241708__sessionTime_202510241500__participant_P362__trialN_17__trialT_5__fileType_cropped.png,P362,17,5,Geometric Only,True,False,0.95
saveTime_2510241554__sessionTime_202510241500__participant_P363__trialN_3__trialT_4__fileType_cropped.png,P363,3,4,Geometric Only,True,False,0.95
saveTime_2510241558__sessionTime_202510241500__participant_P363__trialN_4__trialT_7__fileType_cropped.png,P363,4,7,Geometric Only,True,False,0.95
saveTime_2510241616__sessionTime_202510241500__participant_P363__trialN_6__trialT_5__fileType_cropped.png,P363,6,5,Geometric Only,True,False,0.95
saveTime_2510241620__sessionTime_202510241500__participant_P363__trialN_7__trialT_3__fileType_cropped.png,P363,7,3,Geometric Only,True,False,0.95
saveTime_2510241625__sessionTime_202510241500__participant_P363__trialN_8__trialT_1__fileType_cropped.png,P363,8,1,Geometric Only,True,False,0.95
saveTime_2510241628__sessionTime_202510241500__participant_P363__trialN_9__trialT_1__fileType_cropped.png,P363,9,1,Geometric Only,True,False,0.95
saveTime_2510241632__sessionTime_202510241500__participant_P363__trialN_10__trialT_3__fileType_cropped.png,P363,10,3,Geometric Only,True,False,0.85
saveTime_2510241636__sessionTime_202510241500__participant_P363__trialN_11__trialT_2__fileType_cropped.png,P363,11,2,Geometric Only,True,False,0.95
saveTime_2510241650__sessionTime_202510241500__participant_P363__trialN_12__trialT_2__fileType_cropped.png,P363,12,2,Geometric Only,True,False,0.95
saveTime_2510241653__sessionTime_202510241500__participant_P363__trialN_13__trialT_6__fileType_cropped.png,P363,13,6,Geometric Only,True,False,0.95
saveTime_2510241657__sessionTime_202510241500__participant_P363__trialN_14__trialT_4__fileType_cropped.png,P363,14,4,Geometric Only,True,False,0.95
saveTime_2510241705__sessionTime_202510241500__participant_P363__trialN_16__trialT_6__fileType_cropped.png,P363,16,6,Geometric Only,True,False,0.95
saveTime_2510241709__sessionTime_202510241500__participant_P363__trialN_17__trialT_5__fileType_cropped.png,P363,17,5,Geometric Only,True,False,0.85
saveTime_2510241554__sessionTime_202510241500__participant_P364__trialN_3__trialT_4__fileType_cropped.png,P364,3,4,Geometric Only,True,False,0.95
saveTime_2510241558__sessionTime_202510241500__participant_P364__trialN_4__trialT_7__fileType_cropped.png,P364,4,7,Geometric Only,True,False,0.95
saveTime_2510241616__sessionTime_202510241500__participant_P364__trialN_6__trialT_5__fileType_cropped.png,P364,6,5,Geometric Only,True,False,0.95
saveTime_2510241620__sessionTime_202510241500__participant_P364__trialN_7__trialT_3__fileType_cropped.png,P364,7,3,Geometric Only,True,False,0.95
saveTime_2510241625__sessionTime_202510241500__participant_P364__trialN_8__trialT_1__fileType_cropped.png,P364,8,1,Geometric Only,True,False,0.95
saveTime_2510241629__sessionTime_202510241500__participant_P364__trialN_9__trialT_1__fileType_cropped.png,P364,9,1,Geometric Only,True,False,0.95
saveTime_2510241633__sessionTime_202510241500__participant_P364__trialN_10__trialT_3__fileType_cropped.png,P364,10,3,Geometric Only,True,False,0.95
saveTime_2510241637__sessionTime_202510241500__participant_P364__trialN_11__trialT_2__fileType_cropped.png,P364,11,2,Geometric Only,True,False,0.95
saveTime_2510241650__sessionTime_202510241500__participant_P364__trialN_12__trialT_2__fileType_cropped.png,P364,12,2,Geometric Only,True,False,0.95
saveTime_2510241654__sessionTime_202510241500__participant_P364__trialN_13__trialT_6__fileType_cropped.png,P364,13,6,Geometric Only,True,False,0.95
saveTime_2510241657__sessionTime_202510241500__participant_P364__trialN_14__trialT_4__fileType_cropped.png,P364,14,4,Geometric Only,True,False,0.95
saveTime_2510241705__sessionTime_202510241500__participant_P364__trialN_16__trialT_6__fileType_cropped.png,P364,16,6,Geometric Only,True,False,0.95
saveTime_2510241709__sessionTime_202510241500__participant_P364__trialN_17__trialT_5__fileType_cropped.png,P364,17,5,Geometric Only,True,False,0.95
saveTime_2510241554__sessionTime_202510241500__participant_P365__trialN_3__trialT_4__fileType_cropped.png,P365,3,4,Geometric Only,True,False,0.95
saveTime_2510241558__sessionTime_202510241500__participant_P365__trialN_4__trialT_7__fileType_cropped.png,P365,4,7,Null,False,False,0.95
saveTime_2510241615__sessionTime_202510241500__participant_P365__trialN_6__trialT_5__fileType_cropped.png,P365,6,5,Geometric Only,True,False,0.95
saveTime_2510241619__sessionTime_202510241500__participant_P365__trialN_7__trialT_3__fileType_cropped.png,P365,7,3,Geometric Only,True,False,0.95
saveTime_2510241624__sessionTime_202510241500__participant_P365__trialN_8__trialT_1__fileType_cropped.png,P365,8,1,Null,False,False,0.95
saveTime_2510241628__sessionTime_202510241500__participant_P365__trialN_9__trialT_1__fileType_cropped.png,P365,9,1,Null,False,False,0.95
saveTime_2510241632__sessionTime_202510241500__participant_P365__trialN_10__trialT_3__fileType_cropped.png,P365,10,3,Geometric Only,True,False,0.85
saveTime_2510241636__sessionTime_202510241500__participant_P365__trialN_11__trialT_2__fileType_cropped.png,P365,11,2,Null,False,False,0.95
saveTime_2510241649__sessionTime_202510241500__participant_P365__trialN_12__trialT_2__fileType_cropped.png,P365,12,2,Null,False,False,0.95
saveTime_2510241653__sessionTime_202510241500__participant_P365__trialN_13__trialT_6__fileType_cropped.png,P365,13,6,Geometric Only,True,False,0.95
saveTime_2510241657__sessionTime_202510241500__participant_P365__trialN_14__trialT_4__fileType_cropped.png,P365,14,4,Geometric Only,True,False,0.95
saveTime_2510241704__sessionTime_202510241500__participant_P365__trialN_16__trialT_6__fileType_cropped.png,P365,16,6,Geometric Only,True,False,0.95
saveTime_2510241708__sessionTime_202510241500__participant_P365__trialN_17__trialT_5__fileType_cropped.png,P365,17,5,Geometric Only,True,False,0.95
saveTime_2510241749__sessionTime_202510241700__participant_P366__trialN_2__trialT_2__fileType_cropped.png,P366,2,2,Null,False,False,0.95
saveTime_2510241759__sessionTime_202510241700__participant_P366__trialN_4__trialT_4__fileType_cropped.png,P366,4,4,Geometric Only,True,False,0.95
saveTime_2510241815__sessionTime_202510241700__participant_P366__trialN_6__trialT_5__fileType_cropped.png,P366,6,5,Geometric Only,True,False,0.95
saveTime_2510241819__sessionTime_202510241700__participant_P366__trialN_7__trialT_5__fileType_cropped.png,P366,7,5,Geometric Only,True,False,0.95
saveTime_2510241823__sessionTime_202510241700__participant_P366__trialN_8__trialT_2__fileType_cropped.png,P366,8,2,Geometric Only,True,False,0.95
saveTime_2510241827__sessionTime_202510241700__participant_P366__trialN_9__trialT_6__fileType_cropped.png,P366,9,6,Geometric Only,True,False,0.95
saveTime_2510241831__sessionTime_202510241700__participant_P366__trialN_10__trialT_1__fileType_cropped.png,P366,10,1,Null,False,False,0.95
saveTime_2510241835__sessionTime_202510241700__participant_P366__trialN_11__trialT_7__fileType_cropped.png,P366,11,7,Null,False,False,0.95
saveTime_2510241850__sessionTime_202510241700__participant_P366__trialN_12__trialT_6__fileType_cropped.png,P366,12,6,Geometric Only,True,False,0.95
saveTime_2510241854__sessionTime_202510241700__participant_P366__trialN_13__trialT_3__fileType_cropped.png,P366,13,3,Null,False,False,0.95
saveTime_2510241858__sessionTime_202510241700__participant_P366__trialN_14__trialT_1__fileType_cropped.png,P366,14,1,Null,False,False,0.95
saveTime_2510241903__sessionTime_202510241700__participant_P366__trialN_15__trialT_4__fileType_cropped.png,P366,15,4,Geometric Only,True,False,0.95
saveTime_2510241907__sessionTime_202510241700__participant_P366__trialN_16__trialT_3__fileType_cropped.png,P366,16,3,Null,False,False,0.95
saveTime_2510241750__sessionTime_202510241700__participant_P367__trialN_2__trialT_2__fileType_cropped.png,P367,2,2,Geometric Only,True,False,0.95
saveTime_2510241759__sessionTime_202510241700__participant_P367__trialN_4__trialT_4__fileType_cropped.png,P367,4,4,Geometric Only,True,False,0.95
saveTime_2510241815__sessionTime_202510241700__participant_P367__trialN_6__trialT_5__fileType_cropped.png,P367,6,5,Geometric Only,True,False,0.95
saveTime_2510241820__sessionTime_202510241700__participant_P367__trialN_7__trialT_5__fileType_cropped.png,P367,7,5,Geometric Only,True,False,0.95
saveTime_2510241823__sessionTime_202510241700__participant_P367__trialN_8__trialT_2__fileType_cropped.png,P367,8,2,Geometric Only,True,False,0.95
saveTime_2510241827__sessionTime_202510241700__participant_P367__trialN_9__trialT_6__fileType_cropped.png,P367,9,6,Geometric Only,True,False,0.95
saveTime_2510241831__sessionTime_202510241700__participant_P367__trialN_10__trialT_1__fileType_cropped.png,P367,10,1,Null,False,False,0.95
saveTime_2510241835__sessionTime_202510241700__participant_P367__trialN_11__trialT_7__fileType_cropped.png,P367,11,7,Null,False,False,0.95
saveTime_2510241850__sessionTime_202510241700__participant_P367__trialN_13__trialT_6__fileType_cropped.png,P367,13,6,Geometric Only,True,False,0.95
saveTime_2510241854__sessionTime_202510241700__participant_P367__trialN_14__trialT_3__fileType_cropped.png,P367,14,3,Geometric Only,True,False,0.95
saveTime_2510241858__sessionTime_202510241700__participant_P367__trialN_15__trialT_1__fileType_cropped.png,P367,15,1,Geometric Only,True,False,0.85
saveTime_2510241901__sessionTime_202510241700__participant_P367__trialN_16__trialT_4__fileType_cropped.png,P367,16,4,Geometric Only,True,False,0.95
saveTime_2510241905__sessionTime_202510241700__participant_P367__trialN_17__trialT_3__fileType_cropped.png,P367,17,3,Geometric Only,True,False,0.95
saveTime_2510241750__sessionTime_202510241700__participant_P368__trialN_2__trialT_2__fileType_cropped.png,P368,2,2,Geometric Only,True,False,0.95
saveTime_2510241759__sessionTime_202510241700__participant_P368__trialN_4__trialT_4__fileType_cropped.png,P368,4,4,Geometric Only,True,False,0.95
saveTime_2510241815__sessionTime_202510241700__participant_P368__trialN_6__trialT_5__fileType_cropped.png,P368,6,5,Geometric Only,True,False,0.95
saveTime_2510241819__sessionTime_202510241700__participant_P368__trialN_7__trialT_5__fileType_cropped.png,P368,7,5,Geometric Only,True,False,0.95
saveTime_2510241823__sessionTime_202510241700__participant_P368__trialN_8__trialT_2__fileType_cropped.png,P368,8,2,Geometric Only,True,False,0.95
saveTime_2510241826__sessionTime_202510241700__participant_P368__trialN_9__trialT_6__fileType_cropped.png,P368,9,6,Geometric Only,True,False,0.95
saveTime_2510241831__sessionTime_202510241700__participant_P368__trialN_10__trialT_1__fileType_cropped.png,P368,10,1,Geometric Only,True,False,0.95
saveTime_2510241834__sessionTime_202510241700__participant_P368__trialN_11__trialT_7__fileType_cropped.png,P368,11,7,Geometric Only,True,False,0.95
saveTime_2510241850__sessionTime_202510241700__participant_P368__trialN_13__trialT_6__fileType_cropped.png,P368,13,6,Geometric Only,True,False,0.95
saveTime_2510241854__sessionTime_202510241700__participant_P368__trialN_14__trialT_3__fileType_cropped.png,P368,14,3,Geometric Only,True,False,0.95
saveTime_2510241857__sessionTime_202510241700__participant_P368__trialN_15__trialT_1__fileType_cropped.png,P368,15,1,Geometric Only,True,False,0.95
saveTime_2510241903__sessionTime_202510241700__participant_P368__trialN_16__trialT_4__fileType_cropped.png,P368,16,4,Geometric Only,True,False,0.95
saveTime_2510241906__sessionTime_202510241700__participant_P368__trialN_17__trialT_3__fileType_cropped.png,P368,17,3,Geometric Only,True,False,0.95
saveTime_2510241750__sessionTime_202510241700__participant_P369__trialN_2__trialT_2__fileType_cropped.png,P369,2,2,Null,False,False,0.95
saveTime_2510241800__sessionTime_202510241700__participant_P369__trialN_4__trialT_4__fileType_cropped.png,P369,4,4,Geometric Only,True,False,0.95
saveTime_2510241816__sessionTime_202510241700__participant_P369__trialN_6__trialT_5__fileType_cropped.png,P369,6,5,Geometric Only,True,False,0.95
saveTime_2510241819__sessionTime_202510241700__participant_P369__trialN_7__trialT_5__fileType_cropped.png,P369,7,5,Geometric Only,True,False,0.95
saveTime_2510241823__sessionTime_202510241700__participant_P369__trialN_8__trialT_2__fileType_cropped.png,P369,8,2,Null,False,False,0.95
saveTime_2510241828__sessionTime_202510241700__participant_P369__trialN_9__trialT_6__fileType_cropped.png,P369,9,6,Geometric Only,True,False,0.95
saveTime_2510241831__sessionTime_202510241700__participant_P369__trialN_10__trialT_1__fileType_cropped.png,P369,10,1,Geometric Only,True,False,0.95
saveTime_2510241835__sessionTime_202510241700__participant_P369__trialN_11__trialT_7__fileType_cropped.png,P369,11,7,Null,False,False,0.95
saveTime_2510241851__sessionTime_202510241700__participant_P369__trialN_13__trialT_6__fileType_cropped.png,P369,13,6,Geometric Only,True,False,0.95
saveTime_2510241854__sessionTime_202510241700__participant_P369__trialN_14__trialT_3__fileType_cropped.png,P369,14,3,Geometric Only,True,False,0.95
saveTime_2510241858__sessionTime_202510241700__participant_P369__trialN_15__trialT_1__fileType_cropped.png,P369,15,1,Null,False,False,0.95
saveTime_2510241902__sessionTime_202510241700__participant_P369__trialN_16__trialT_4__fileType_cropped.png,P369,16,4,Geometric Only,True,False,0.95
saveTime_2510241907__sessionTime_202510241700__participant_P369__trialN_17__trialT_3__fileType_cropped.png,P369,17,3,Geometric Only,True,False,0.95
saveTime_2510241750__sessionTime_202510241700__participant_P370__trialN_2__trialT_2__fileType_cropped.png,P370,2,2,Geometric Only,True,False,0.95
saveTime_2510241759__sessionTime_202510241700__participant_P370__trialN_4__trialT_4__fileType_cropped.png,P370,4,4,Geometric Only,True,False,0.95
saveTime_2510241816__sessionTime_202510241700__participant_P370__trialN_6__trialT_5__fileType_cropped.png,P370,6,5,Geometric Only,True,False,0.95
saveTime_2510241820__sessionTime_202510241700__participant_P370__trialN_7__trialT_5__fileType_cropped.png,P370,7,5,Geometric Only,True,False,0.95
saveTime_2510241824__sessionTime_202510241700__participant_P370__trialN_8__trialT_2__fileType_cropped.png,P370,8,2,Geometric Only,True,False,0.95
saveTime_2510241826__sessionTime_202510241700__participant_P370__trialN_9__trialT_6__fileType_cropped.png,P370,9,6,Geometric Only,True,False,0.95
saveTime_2510241831__sessionTime_202510241700__participant_P370__trialN_10__trialT_1__fileType_cropped.png,P370,10,1,Geometric Only,True,False,0.95
saveTime_2510241834__sessionTime_202510241700__participant_P370__trialN_11__trialT_7__fileType_cropped.png,P370,11,7,Geometric Only,True,False,0.85
saveTime_2510241849__sessionTime_202510241700__participant_P370__trialN_13__trialT_6__fileType_cropped.png,P370,13,6,Geometric Only,True,False,0.85
saveTime_2510241855__sessionTime_202510241700__participant_P370__trialN_14__trialT_3__fileType_cropped.png,P370,14,3,Geometric Only,True,False,0.95
saveTime_2510241857__sessionTime_202510241700__participant_P370__trialN_15__trialT_1__fileType_cropped.png,P370,15,1,Geometric Only,True,False,0.85
saveTime_2510241902__sessionTime_202510241700__participant_P370__trialN_16__trialT_4__fileType_cropped.png,P370,16,4,Geometric Only,True,False,0.85
saveTime_2510241906__sessionTime_202510241700__participant_P370__trialN_17__trialT_3__fileType_cropped.png,P370,17,3,Geometric Only,True,False,0.85
saveTime_2510241750__sessionTime_202510241700__participant_P371__trialN_2__trialT_2__fileType_cropped.png,P371,2,2,Geometric Only,True,False,0.95
saveTime_2510241800__sessionTime_202510241700__participant_P371__trialN_4__trialT_4__fileType_cropped.png,P371,4,4,Geometric Only,True,False,0.95
saveTime_2510241816__sessionTime_202510241700__participant_P371__trialN_6__trialT_5__fileType_cropped.png,P371,6,5,Geometric Only,True,False,0.95
saveTime_2510241820__sessionTime_202510241700__participant_P371__trialN_7__trialT_5__fileType_cropped.png,P371,7,5,Geometric Only,True,False,0.95
saveTime_2510241823__sessionTime_202510241700__participant_P371__trialN_8__trialT_2__fileType_cropped.png,P371,8,2,Null,False,False,0.95
saveTime_2510241828__sessionTime_202510241700__participant_P371__trialN_9__trialT_6__fileType_cropped.png,P371,9,6,Geometric Only,True,False,0.95
saveTime_2510241831__sessionTime_202510241700__participant_P371__trialN_10__trialT_1__fileType_cropped.png,P371,10,1,Geometric Only,True,False,0.95
saveTime_2510241834__sessionTime_202510241700__participant_P371__trialN_11__trialT_7__fileType_cropped.png,P371,11,7,Null,False,False,0.95
saveTime_2510241850__sessionTime_202510241700__participant_P371__trialN_13__trialT_6__fileType_cropped.png,P371,13,6,Geometric Only,True,False,0.95
saveTime_2510241855__sessionTime_202510241700__participant_P371__trialN_14__trialT_3__fileType_cropped.png,P371,14,3,Geometric Only,True,False,0.95
saveTime_2510241858__sessionTime_202510241700__participant_P371__trialN_15__trialT_1__fileType_cropped.png,P371,15,1,Null,False,False,0.95
saveTime_2510241903__sessionTime_202510241700__participant_P371__trialN_16__trialT_4__fileType_cropped.png,P371,16,4,Geometric Only,True,False,0.95
saveTime_2510241906__sessionTime_202510241700__participant_P371__trialN_17__trialT_3__fileType_cropped.png,P371,17,3,Geometric Only,True,False,0.95
saveTime_2510241750__sessionTime_202510241700__participant_P372__trialN_2__trialT_2__fileType_cropped.png,P372,2,2,Geometric Only,True,False,0.95
saveTime_2510241759__sessionTime_202510241700__participant_P372__trialN_4__trialT_4__fileType_cropped.png,P372,4,4,Geometric Only,True,False,0.95
saveTime_2510241815__sessionTime_202510241700__participant_P372__trialN_6__trialT_5__fileType_cropped.png,P372,6,5,Geometric Only,True,False,0.95
saveTime_2510241819__sessionTime_202510241700__participant_P372__trialN_7__trialT_5__fileType_cropped.png,P372,7,5,Geometric Only,True,False,0.95
saveTime_2510241823__sessionTime_202510241700__participant_P372__trialN_8__trialT_2__fileType_cropped.png,P372,8,2,Geometric Only,True,False,0.95
saveTime_2510241827__sessionTime_202510241700__participant_P372__trialN_9__trialT_6__fileType_cropped.png,P372,9,6,Geometric Only,True,False,0.95
saveTime_2510241832__sessionTime_202510241700__participant_P372__trialN_10__trialT_1__fileType_cropped.png,P372,10,1,Geometric Only,True,False,0.95
saveTime_2510241835__sessionTime_202510241700__participant_P372__trialN_11__trialT_7__fileType_cropped.png,P372,11,7,Null,False,False,0.95
saveTime_2510241850__sessionTime_202510241700__participant_P372__trialN_13__trialT_6__fileType_cropped.png,P372,13,6,Geometric Only,True,False,0.95
saveTime_2510241854__sessionTime_202510241700__participant_P372__trialN_14__trialT_3__fileType_cropped.png,P372,14,3,Geometric Only,True,False,0.95
saveTime_2510241858__sessionTime_202510241700__participant_P372__trialN_15__trialT_1__fileType_cropped.png,P372,15,1,Geometric Only,True,False,0.95
saveTime_2510241902__sessionTime_202510241700__participant_P372__trialN_16__trialT_4__fileType_cropped.png,P372,16,4,Geometric Only,True,False,0.95
saveTime_2510241906__sessionTime_202510241700__participant_P372__trialN_17__trialT_3__fileType_cropped.png,P372,17,3,Geometric Only,True,False,0.95
saveTime_2510251253__sessionTime_202510251200__participant_P373__trialN_2__trialT_5__fileType_cropped.png,P373,2,5,Geometric Only,True,False,0.95
saveTime_2510251257__sessionTime_202510251200__participant_P373__trialN_3__trialT_6__fileType_cropped.png,P373,3,6,Geometric Only,True,False,0.95
saveTime_2510251305__sessionTime_202510251200__participant_P373__trialN_5__trialT_3__fileType_cropped.png,P373,5,3,Geometric Only,True,False,0.95
saveTime_2510251315__sessionTime_202510251200__participant_P373__trialN_6__trialT_4__fileType_cropped.png,P373,6,4,Geometric Only,True,False,0.95
saveTime_2510251320__sessionTime_202510251200__participant_P373__trialN_7__trialT_2__fileType_cropped.png,P373,7,2,Geometric Only,True,False,0.95
saveTime_2510251324__sessionTime_202510251200__participant_P373__trialN_8__trialT_7__fileType_cropped.png,P373,8,7,Geometric Only,True,False,0.95
saveTime_2510251327__sessionTime_202510251200__participant_P373__trialN_9__trialT_1__fileType_cropped.png,P373,9,1,Geometric Only,True,False,0.95
saveTime_2510251335__sessionTime_202510251200__participant_P373__trialN_11__trialT_2__fileType_cropped.png,P373,11,2,Geometric Only,True,False,0.95
saveTime_2510251346__sessionTime_202510251200__participant_P373__trialN_12__trialT_5__fileType_cropped.png,P373,12,5,Geometric Only,True,False,0.95
saveTime_2510251349__sessionTime_202510251200__participant_P373__trialN_13__trialT_3__fileType_cropped.png,P373,13,3,Geometric Only,True,False,0.95
saveTime_2510251354__sessionTime_202510251200__participant_P373__trialN_14__trialT_6__fileType_cropped.png,P373,14,6,Geometric Only,True,False,0.95
saveTime_2510251402__sessionTime_202510251200__participant_P373__trialN_16__trialT_4__fileType_cropped.png,P373,16,4,Geometric Only,True,False,0.95
saveTime_2510251407__sessionTime_202510251200__participant_P373__trialN_17__trialT_1__fileType_cropped.png,P373,17,1,Geometric Only,True,False,0.95
saveTime_2510251253__sessionTime_202510251200__participant_P374__trialN_2__trialT_5__fileType_cropped.png,P374,2,5,Geometric Only,True,False,0.95
saveTime_2510251257__sessionTime_202510251200__participant_P374__trialN_3__trialT_6__fileType_cropped.png,P374,3,6,Geometric Only,True,False,0.95
saveTime_2510251305__sessionTime_202510251200__participant_P374__trialN_5__trialT_3__fileType_cropped.png,P374,5,3,Geometric Only,True,False,0.95
saveTime_2510251315__sessionTime_202510251200__participant_P374__trialN_6__trialT_4__fileType_cropped.png,P374,6,4,Geometric Only,True,False,0.95
saveTime_2510251320__sessionTime_202510251200__participant_P374__trialN_7__trialT_2__fileType_cropped.png,P374,7,2,Geometric Only,True,False,0.95
saveTime_2510251323__sessionTime_202510251200__participant_P374__trialN_8__trialT_7__fileType_cropped.png,P374,8,7,Null,False,False,0.95
saveTime_2510251327__sessionTime_202510251200__participant_P374__trialN_9__trialT_1__fileType_cropped.png,P374,9,1,Geometric Only,True,False,0.95
saveTime_2510251335__sessionTime_202510251200__participant_P374__trialN_11__trialT_2__fileType_cropped.png,P374,11,2,Geometric Only,True,False,0.95
saveTime_2510251345__sessionTime_202510251200__participant_P374__trialN_12__trialT_5__fileType_cropped.png,P374,12,5,Geometric Only,True,False,0.85
saveTime_2510251349__sessionTime_202510251200__participant_P374__trialN_13__trialT_3__fileType_cropped.png,P374,13,3,Geometric Only,True,False,0.95
saveTime_2510251354__sessionTime_202510251200__participant_P374__trialN_14__trialT_6__fileType_cropped.png,P374,14,6,Geometric Only,True,False,0.95
saveTime_2510251401__sessionTime_202510251200__participant_P374__trialN_16__trialT_4__fileType_cropped.png,P374,16,4,Geometric Only,True,False,0.85
saveTime_2510251406__sessionTime_202510251200__participant_P374__trialN_17__trialT_1__fileType_cropped.png,P374,17,1,Geometric Only,True,False,0.95
saveTime_2510251253__sessionTime_202510251200__participant_P375__trialN_2__trialT_5__fileType_cropped.png,P375,2,5,Geometric Only,True,False,0.95
saveTime_2510251257__sessionTime_202510251200__participant_P375__trialN_3__trialT_6__fileType_cropped.png,P375,3,6,Null,False,False,0.95
saveTime_2510251305__sessionTime_202510251200__participant_P375__trialN_5__trialT_3__fileType_cropped.png,P375,5,3,Geometric Only,True,False,0.95
saveTime_2510251316__sessionTime_202510251200__participant_P375__trialN_6__trialT_4__fileType_cropped.png,P375,6,4,Geometric Only,True,False,0.95
saveTime_2510251320__sessionTime_202510251200__participant_P375__trialN_7__trialT_2__fileType_cropped.png,P375,7,2,Geometric Only,True,False,0.95
saveTime_2510251324__sessionTime_202510251200__participant_P375__trialN_8__trialT_7__fileType_cropped.png,P375,8,7,Null,False,False,0.95
saveTime_2510251327__sessionTime_202510251200__participant_P375__trialN_9__trialT_1__fileType_cropped.png,P375,9,1,Null,False,False,0.95
saveTime_2510251335__sessionTime_202510251200__participant_P375__trialN_11__trialT_2__fileType_cropped.png,P375,11,2,Geometric Only,True,False,0.95
saveTime_2510251345__sessionTime_202510251200__participant_P375__trialN_12__trialT_5__fileType_cropped.png,P375,12,5,Geometric Only,True,False,0.95
saveTime_2510251349__sessionTime_202510251200__participant_P375__trialN_13__trialT_3__fileType_cropped.png,P375,13,3,Geometric Only,True,False,0.95
saveTime_2510251354__sessionTime_202510251200__participant_P375__trialN_14__trialT_6__fileType_cropped.png,P375,14,6,Geometric Only,True,False,0.95
saveTime_2510251402__sessionTime_202510251200__participant_P375__trialN_16__trialT_4__fileType_cropped.png,P375,16,4,Geometric Only,True,False,0.95
saveTime_2510251406__sessionTime_202510251200__participant_P375__trialN_17__trialT_1__fileType_cropped.png,P375,17,1,Geometric Only,True,False,0.95
saveTime_2510251254__sessionTime_202510251200__participant_P376__trialN_2__trialT_5__fileType_cropped.png,P376,2,5,Geometric Only,True,False,0.85
saveTime_2510251258__sessionTime_202510251200__participant_P376__trialN_3__trialT_6__fileType_cropped.png,P376,3,6,Geometric Only,True,False,0.95
saveTime_2510251306__sessionTime_202510251200__participant_P376__trialN_5__trialT_3__fileType_cropped.png,P376,5,3,Geometric Only,True,False,0.95
saveTime_2510251316__sessionTime_202510251200__participant_P376__trialN_6__trialT_4__fileType_cropped.png,P376,6,4,Geometric Only,True,False,0.95
saveTime_2510251320__sessionTime_202510251200__participant_P376__trialN_7__trialT_2__fileType_cropped.png,P376,7,2,Geometric Only,True,False,0.95
saveTime_2510251323__sessionTime_202510251200__participant_P376__trialN_8__trialT_7__fileType_cropped.png,P376,8,7,Null,False,False,0.95
saveTime_2510251328__sessionTime_202510251200__participant_P376__trialN_9__trialT_1__fileType_cropped.png,P376,9,1,Null,False,False,0.95
saveTime_2510251335__sessionTime_202510251200__participant_P376__trialN_11__trialT_2__fileType_cropped.png,P376,11,2,Geometric Only,True,False,0.95
saveTime_2510251345__sessionTime_202510251200__participant_P376__trialN_12__trialT_5__fileType_cropped.png,P376,12,5,Geometric Only,True,False,0.95
saveTime_2510251350__sessionTime_202510251200__participant_P376__trialN_13__trialT_3__fileType_cropped.png,P376,13,3,Geometric Only,True,False,0.95
saveTime_2510251355__sessionTime_202510251200__participant_P376__trialN_14__trialT_6__fileType_cropped.png,P376,14,6,Geometric Only,True,False,0.95
saveTime_2510251403__sessionTime_202510251200__participant_P376__trialN_16__trialT_4__fileType_cropped.png,P376,16,4,Geometric Only,True,False,0.95
saveTime_2510251407__sessionTime_202510251200__participant_P376__trialN_17__trialT_1__fileType_cropped.png,P376,17,1,Null,False,False,0.95
saveTime_2510251254__sessionTime_202510251200__participant_P377__trialN_2__trialT_5__fileType_cropped.png,P377,2,5,Geometric Only,True,False,0.95
saveTime_2510251258__sessionTime_202510251200__participant_P377__trialN_3__trialT_6__fileType_cropped.png,P377,3,6,Geometric Only,True,False,0.95
saveTime_2510251305__sessionTime_202510251200__participant_P377__trialN_5__trialT_3__fileType_cropped.png,P377,5,3,Geometric Only,True,False,0.95
saveTime_2510251316__sessionTime_202510251200__participant_P377__trialN_6__trialT_4__fileType_cropped.png,P377,6,4,Geometric Only,True,False,0.95
saveTime_2510251320__sessionTime_202510251200__participant_P377__trialN_7__trialT_2__fileType_cropped.png,P377,7,2,Geometric Only,True,False,0.95
saveTime_2510251324__sessionTime_202510251200__participant_P377__trialN_8__trialT_7__fileType_cropped.png,P377,8,7,Null,False,False,0.95
saveTime_2510251327__sessionTime_202510251200__participant_P377__trialN_9__trialT_1__fileType_cropped.png,P377,9,1,Geometric Only,True,False,0.95
saveTime_2510251336__sessionTime_202510251200__participant_P377__trialN_11__trialT_2__fileType_cropped.png,P377,11,2,Geometric Only,True,False,0.95
saveTime_2510251346__sessionTime_202510251200__participant_P377__trialN_12__trialT_5__fileType_cropped.png,P377,12,5,Geometric Only,True,False,0.95
saveTime_2510251350__sessionTime_202510251200__participant_P377__trialN_13__trialT_3__fileType_cropped.png,P377,13,3,Geometric Only,True,False,0.95
saveTime_2510251354__sessionTime_202510251200__participant_P377__trialN_14__trialT_6__fileType_cropped.png,P377,14,6,Geometric Only,True,False,0.95
saveTime_2510251403__sessionTime_202510251200__participant_P377__trialN_16__trialT_4__fileType_cropped.png,P377,16,4,Geometric Only,True,False,0.95
saveTime_2510251406__sessionTime_202510251200__participant_P377__trialN_17__trialT_1__fileType_cropped.png,P377,17,1,Geometric Only,True,False,0.95
saveTime_2510251557__sessionTime_202510251500__participant_P378__trialN_2__trialT_4__fileType_cropped.png,P378,2,4,Geometric Only,True,False,0.95
saveTime_2510251602__sessionTime_202510251500__participant_P378__trialN_3__trialT_6__fileType_cropped.png,P378,3,6,Geometric Only,True,False,0.95
saveTime_2510251606__sessionTime_202510251500__participant_P378__trialN_4__trialT_2__fileType_cropped.png,P378,4,2,Geometric Only,True,False,0.95
saveTime_2510251610__sessionTime_202510251500__participant_P378__trialN_5__trialT_2__fileType_cropped.png,P378,5,2,Geometric Only,True,False,0.95
saveTime_2510251625__sessionTime_202510251500__participant_P378__trialN_6__trialT_4__fileType_cropped.png,P378,6,4,Geometric Only,True,False,0.95
saveTime_2510251629__sessionTime_202510251500__participant_P378__trialN_7__trialT_7__fileType_cropped.png,P378,7,7,Null,False,False,0.95
saveTime_2510251637__sessionTime_202510251500__participant_P378__trialN_9__trialT_1__fileType_cropped.png,P378,9,1,Null,False,False,0.95
saveTime_2510251640__sessionTime_202510251500__participant_P378__trialN_10__trialT_5__fileType_cropped.png,P378,10,5,Geometric Only,True,False,0.95
saveTime_2510251645__sessionTime_202510251500__participant_P378__trialN_11__trialT_1__fileType_cropped.png,P378,11,1,Geometric Only,True,False,0.85
saveTime_2510251702__sessionTime_202510251500__participant_P378__trialN_13__trialT_3__fileType_cropped.png,P378,13,3,Geometric Only,True,False,0.95
saveTime_2510251705__sessionTime_202510251500__participant_P378__trialN_14__trialT_6__fileType_cropped.png,P378,14,6,Geometric Only,True,False,0.95
saveTime_2510251714__sessionTime_202510251500__participant_P378__trialN_16__trialT_5__fileType_cropped.png,P378,16,5,Geometric Only,True,False,0.95
saveTime_2510251717__sessionTime_202510251500__participant_P378__trialN_17__trialT_3__fileType_cropped.png,P378,17,3,Null,False,False,0.95
saveTime_2510251557__sessionTime_202510251500__participant_P379__trialN_2__trialT_4__fileType_cropped.png,P379,2,4,Geometric Only,True,False,0.95
saveTime_2510251601__sessionTime_202510251500__participant_P379__trialN_3__trialT_6__fileType_cropped.png,P379,3,6,Geometric Only,True,False,0.95
saveTime_2510251605__sessionTime_202510251500__participant_P379__trialN_4__trialT_2__fileType_cropped.png,P379,4,2,Geometric Only,True,False,0.85
saveTime_2510251610__sessionTime_202510251500__participant_P379__trialN_5__trialT_2__fileType_cropped.png,P379,5,2,Geometric Only,True,False,0.95
saveTime_2510251625__sessionTime_202510251500__participant_P379__trialN_6__trialT_4__fileType_cropped.png,P379,6,4,Geometric Only,True,False,0.95
saveTime_2510251629__sessionTime_202510251500__participant_P379__trialN_7__trialT_7__fileType_cropped.png,P379,7,7,Null,False,False,0.95
saveTime_2510251637__sessionTime_202510251500__participant_P379__trialN_9__trialT_1__fileType_cropped.png,P379,9,1,Geometric Only,True,False,0.95
saveTime_2510251640__sessionTime_202510251500__participant_P379__trialN_10__trialT_5__fileType_cropped.png,P379,10,5,Geometric Only,True,False,0.95
saveTime_2510251644__sessionTime_202510251500__participant_P379__trialN_11__trialT_1__fileType_cropped.png,P379,11,1,Geometric Only,True,False,0.85
saveTime_2510251702__sessionTime_202510251500__participant_P379__trialN_13__trialT_3__fileType_cropped.png,P379,13,3,Geometric Only,True,False,0.95
saveTime_2510251706__sessionTime_202510251500__participant_P379__trialN_14__trialT_6__fileType_cropped.png,P379,14,6,Semantic Only,False,True,0.85
saveTime_2510251714__sessionTime_202510251500__participant_P379__trialN_16__trialT_5__fileType_cropped.png,P379,16,5,Geometric Only,True,False,0.95
saveTime_2510251717__sessionTime_202510251500__participant_P379__trialN_17__trialT_3__fileType_cropped.png,P379,17,3,Geometric Only,True,False,0.95
saveTime_2510251557__sessionTime_202510251500__participant_P380__trialN_2__trialT_4__fileType_cropped.png,P380,2,4,Geometric Only,True,False,0.95
saveTime_2510251601__sessionTime_202510251500__participant_P380__trialN_3__trialT_6__fileType_cropped.png,P380,3,6,Geometric Only,True,False,0.95
saveTime_2510251605__sessionTime_202510251500__participant_P380__trialN_4__trialT_2__fileType_cropped.png,P380,4,2,Null,False,False,0.95
saveTime_2510251610__sessionTime_202510251500__participant_P380__trialN_5__trialT_2__fileType_cropped.png,P380,5,2,Geometric Only,True,False,0.95
saveTime_2510251625__sessionTime_202510251500__participant_P380__trialN_6__trialT_4__fileType_cropped.png,P380,6,4,Geometric Only,True,False,0.95
saveTime_2510251629__sessionTime_202510251500__participant_P380__trialN_7__trialT_7__fileType_cropped.png,P380,7,7,Null,False,False,0.95
saveTime_2510251636__sessionTime_202510251500__participant_P380__trialN_9__trialT_1__fileType_cropped.png,P380,9,1,Null,False,False,0.95
saveTime_2510251640__sessionTime_202510251500__participant_P380__trialN_10__trialT_5__fileType_cropped.png,P380,10,5,Geometric Only,True,False,0.95
saveTime_2510251644__sessionTime_202510251500__participant_P380__trialN_11__trialT_1__fileType_cropped.png,P380,11,1,Null,False,False,0.95
saveTime_2510251701__sessionTime_202510251500__participant_P380__trialN_13__trialT_3__fileType_cropped.png,P380,13,3,Geometric Only,True,False,0.95
saveTime_2510251705__sessionTime_202510251500__participant_P380__trialN_14__trialT_6__fileType_cropped.png,P380,14,6,Geometric Only,True,False,0.95
saveTime_2510251713__sessionTime_202510251500__participant_P380__trialN_16__trialT_5__fileType_cropped.png,P380,16,5,Geometric Only,True,False,0.95
saveTime_2510251717__sessionTime_202510251500__participant_P380__trialN_17__trialT_3__fileType_cropped.png,P380,17,3,Geometric Only,True,False,0.95
saveTime_2510251557__sessionTime_202510251500__participant_P381__trialN_2__trialT_4__fileType_cropped.png,P381,2,4,Geometric Only,True,False,0.95
saveTime_2510251601__sessionTime_202510251500__participant_P381__trialN_3__trialT_6__fileType_cropped.png,P381,3,6,Geometric Only,True,False,0.95
saveTime_2510251605__sessionTime_202510251500__participant_P381__trialN_4__trialT_2__fileType_cropped.png,P381,4,2,Geometric Only,True,False,0.95
saveTime_2510251609__sessionTime_202510251500__participant_P381__trialN_5__trialT_2__fileType_cropped.png,P381,5,2,Geometric Only,True,False,0.95
saveTime_2510251625__sessionTime_202510251500__participant_P381__trialN_6__trialT_4__fileType_cropped.png,P381,6,4,Geometric Only,True,False,0.95
saveTime_2510251629__sessionTime_202510251500__participant_P381__trialN_7__trialT_7__fileType_cropped.png,P381,7,7,Null,False,False,0.95
saveTime_2510251636__sessionTime_202510251500__participant_P381__trialN_9__trialT_1__fileType_cropped.png,P381,9,1,Geometric Only,True,False,0.95
saveTime_2510251641__sessionTime_202510251500__participant_P381__trialN_10__trialT_5__fileType_cropped.png,P381,10,5,Geometric Only,True,False,0.95
saveTime_2510251644__sessionTime_202510251500__participant_P381__trialN_11__trialT_1__fileType_cropped.png,P381,11,1,Geometric Only,True,False,0.95
saveTime_2510251702__sessionTime_202510251500__participant_P381__trialN_13__trialT_3__fileType_cropped.png,P381,13,3,Geometric Only,True,False,0.95
saveTime_2510251706__sessionTime_202510251500__participant_P381__trialN_14__trialT_6__fileType_cropped.png,P381,14,6,Geometric Only,True,False,0.95
saveTime_2510251714__sessionTime_202510251500__participant_P381__trialN_16__trialT_5__fileType_cropped.png,P381,16,5,Mixed,True,True,0.85
saveTime_2510251718__sessionTime_202510251500__participant_P381__trialN_17__trialT_3__fileType_cropped.png,P381,17,3,Geometric Only,True,False,0.95
saveTime_2510251557__sessionTime_202510251500__participant_P382__trialN_2__trialT_4__fileType_cropped.png,P382,2,4,Geometric Only,True,False,0.95
saveTime_2510251602__sessionTime_202510251500__participant_P382__trialN_3__trialT_6__fileType_cropped.png,P382,3,6,Geometric Only,True,False,0.95
saveTime_2510251606__sessionTime_202510251500__participant_P382__trialN_4__trialT_2__fileType_cropped.png,P382,4,2,Null,False,False,0.95
saveTime_2510251609__sessionTime_202510251500__participant_P382__trialN_5__trialT_2__fileType_cropped.png,P382,5,2,Null,False,False,0.95
saveTime_2510251625__sessionTime_202510251500__participant_P382__trialN_6__trialT_4__fileType_cropped.png,P382,6,4,Geometric Only,True,False,0.95
saveTime_2510251629__sessionTime_202510251500__participant_P382__trialN_7__trialT_7__fileType_cropped.png,P382,7,7,Null,False,False,0.95
saveTime_2510251636__sessionTime_202510251500__participant_P382__trialN_9__trialT_1__fileType_cropped.png,P382,9,1,Null,False,False,0.95
saveTime_2510251641__sessionTime_202510251500__participant_P382__trialN_10__trialT_5__fileType_cropped.png,P382,10,5,Geometric Only,True,False,0.95
saveTime_2510251644__sessionTime_202510251500__participant_P382__trialN_11__trialT_1__fileType_cropped.png,P382,11,1,Null,False,False,0.95
saveTime_2510251701__sessionTime_202510251500__participant_P382__trialN_13__trialT_3__fileType_cropped.png,P382,13,3,Geometric Only,True,False,0.85
saveTime_2510251706__sessionTime_202510251500__participant_P382__trialN_14__trialT_6__fileType_cropped.png,P382,14,6,Geometric Only,True,False,0.95
saveTime_2510251713__sessionTime_202510251500__participant_P382__trialN_16__trialT_5__fileType_cropped.png,P382,16,5,Geometric Only,True,False,0.95
saveTime_2510251717__sessionTime_202510251500__participant_P382__trialN_17__trialT_3__fileType_cropped.png,P382,17,3,Null,False,False,0.95
saveTime_2510251557__sessionTime_202510251500__participant_P383__trialN_2__trialT_4__fileType_cropped.png,P383,2,4,Geometric Only,True,False,0.95
saveTime_2510251601__sessionTime_202510251500__participant_P383__trialN_3__trialT_6__fileType_cropped.png,P383,3,6,Semantic Only,False,True,0.85
saveTime_2510251605__sessionTime_202510251500__participant_P383__trialN_4__trialT_2__fileType_cropped.png,P383,4,2,Geometric Only,True,False,0.95
saveTime_2510251609__sessionTime_202510251500__participant_P383__trialN_5__trialT_2__fileType_cropped.png,P383,5,2,Geometric Only,True,False,0.85
saveTime_2510251625__sessionTime_202510251500__participant_P383__trialN_6__trialT_4__fileType_cropped.png,P383,6,4,Geometric Only,True,False,0.95
saveTime_2510251629__sessionTime_202510251500__participant_P383__trialN_7__trialT_7__fileType_cropped.png,P383,7,7,Null,False,False,0.95
saveTime_2510251636__sessionTime_202510251500__participant_P383__trialN_9__trialT_1__fileType_cropped.png,P383,9,1,Geometric Only,True,False,0.9
saveTime_2510251640__sessionTime_202510251500__participant_P383__trialN_10__trialT_5__fileType_cropped.png,P383,10,5,Geometric Only,True,False,0.95
saveTime_2510251644__sessionTime_202510251500__participant_P383__trialN_11__trialT_1__fileType_cropped.png,P383,11,1,Geometric Only,True,False,0.95
saveTime_2510251702__sessionTime_202510251500__participant_P383__trialN_13__trialT_3__fileType_cropped.png,P383,13,3,Geometric Only,True,False,0.95
saveTime_2510251706__sessionTime_202510251500__participant_P383__trialN_14__trialT_6__fileType_cropped.png,P383,14,6,Geometric Only,True,False,0.95
saveTime_2510251714__sessionTime_202510251500__participant_P383__trialN_16__trialT_5__fileType_cropped.png,P383,16,5,Geometric Only,True,False,0.95
saveTime_2510251717__sessionTime_202510251500__participant_P383__trialN_17__trialT_3__fileType_cropped.png,P383,17,3,Geometric Only,True,False,0.95
saveTime_2510251557__sessionTime_202510251500__participant_P384__trialN_2__trialT_4__fileType_cropped.png,P384,2,4,Geometric Only,True,False,0.95
saveTime_2510251601__sessionTime_202510251500__participant_P384__trialN_3__trialT_6__fileType_cropped.png,P384,3,6,Geometric Only,True,False,0.95
saveTime_2510251606__sessionTime_202510251500__participant_P384__trialN_4__trialT_2__fileType_cropped.png,P384,4,2,Geometric Only,True,False,0.95
saveTime_2510251609__sessionTime_202510251500__participant_P384__trialN_5__trialT_2__fileType_cropped.png,P384,5,2,Geometric Only,True,False,0.95
saveTime_2510251625__sessionTime_202510251500__participant_P384__trialN_6__trialT_4__fileType_cropped.png,P384,6,4,Geometric Only,True,False,0.95
saveTime_2510251629__sessionTime_202510251500__participant_P384__trialN_7__trialT_7__fileType_cropped.png,P384,7,7,Geometric Only,True,False,0.95
saveTime_2510251636__sessionTime_202510251500__participant_P384__trialN_9__trialT_1__fileType_cropped.png,P384,9,1,Mixed,True,True,0.85
saveTime_2510251640__sessionTime_202510251500__participant_P384__trialN_10__trialT_5__fileType_cropped.png,P384,10,5,Geometric Only,True,False,0.95
saveTime_2510251644__sessionTime_202510251500__participant_P384__trialN_11__trialT_1__fileType_cropped.png,P384,11,1,Geometric Only,True,False,0.95
saveTime_2510251702__sessionTime_202510251500__participant_P384__trialN_13__trialT_3__fileType_cropped.png,P384,13,3,Geometric Only,True,False,0.95
saveTime_2510251706__sessionTime_202510251500__participant_P384__trialN_14__trialT_6__fileType_cropped.png,P384,14,6,Geometric Only,True,False,0.95
saveTime_2510251714__sessionTime_202510251500__participant_P384__trialN_16__trialT_5__fileType_cropped.png,P384,16,5,Geometric Only,True,False,0.95
saveTime_2510251718__sessionTime_202510251500__participant_P384__trialN_17__trialT_3__fileType_cropped.png,P384,17,3,Geometric Only,True,False,0.95
saveTime_2510251558__sessionTime_202510251500__participant_P385__trialN_2__trialT_4__fileType_cropped.png,P385,2,4,Geometric Only,True,False,0.95
saveTime_2510251601__sessionTime_202510251500__participant_P385__trialN_3__trialT_6__fileType_cropped.png,P385,3,6,Geometric Only,True,False,0.95
saveTime_2510251605__sessionTime_202510251500__participant_P385__trialN_4__trialT_2__fileType_cropped.png,P385,4,2,Geometric Only,True,False,0.95
saveTime_2510251609__sessionTime_202510251500__participant_P385__trialN_5__trialT_2__fileType_cropped.png,P385,5,2,Geometric Only,True,False,0.95
saveTime_2510251625__sessionTime_202510251500__participant_P385__trialN_6__trialT_4__fileType_cropped.png,P385,6,4,Geometric Only,True,False,0.95
saveTime_2510251629__sessionTime_202510251500__participant_P385__trialN_7__trialT_7__fileType_cropped.png,P385,7,7,Null,False,False,0.95
saveTime_2510251636__sessionTime_202510251500__participant_P385__trialN_9__trialT_1__fileType_cropped.png,P385,9,1,Null,False,False,0.95
saveTime_2510251640__sessionTime_202510251500__participant_P385__trialN_10__trialT_5__fileType_cropped.png,P385,10,5,Geometric Only,True,False,0.95
saveTime_2510251644__sessionTime_202510251500__participant_P385__trialN_11__trialT_1__fileType_cropped.png,P385,11,1,Geometric Only,True,False,0.85
saveTime_2510251702__sessionTime_202510251500__participant_P385__trialN_13__trialT_3__fileType_cropped.png,P385,13,3,Geometric Only,True,False,0.95
saveTime_2510251706__sessionTime_202510251500__participant_P385__trialN_14__trialT_6__fileType_cropped.png,P385,14,6,Geometric Only,True,False,0.85
saveTime_2510251714__sessionTime_202510251500__participant_P385__trialN_16__trialT_5__fileType_cropped.png,P385,16,5,Geometric Only,True,False,0.95
saveTime_2510251718__sessionTime_202510251500__participant_P385__trialN_17__trialT_3__fileType_cropped.png,P385,17,3,Geometric Only,True,False,0.95
saveTime_2510261358__sessionTime_202510261300__participant_P386__trialN_2__trialT_6__fileType_cropped.png,P386,2,6,Geometric Only,True,False,0.95
saveTime_2510261402__sessionTime_202510261300__participant_P386__trialN_3__trialT_7__fileType_cropped.png,P386,3,7,Null,False,False,0.95
saveTime_2510261406__sessionTime_202510261300__participant_P386__trialN_4__trialT_1__fileType_cropped.png,P386,4,1,Geometric Only,True,False,0.95
saveTime_2510261427__sessionTime_202510261300__participant_P386__trialN_7__trialT_2__fileType_cropped.png,P386,7,2,Geometric Only,True,False,0.95
saveTime_2510261431__sessionTime_202510261300__participant_P386__trialN_8__trialT_3__fileType_cropped.png,P386,8,3,Geometric Only,True,False,0.95
saveTime_2510261435__sessionTime_202510261300__participant_P386__trialN_9__trialT_4__fileType_cropped.png,P386,9,4,Geometric Only,True,False,0.95
saveTime_2510261439__sessionTime_202510261300__participant_P386__trialN_10__trialT_6__fileType_cropped.png,P386,10,6,Geometric Only,True,False,0.95
saveTime_2510261443__sessionTime_202510261300__participant_P386__trialN_11__trialT_5__fileType_cropped.png,P386,11,5,Geometric Only,True,False,0.95
saveTime_2510261459__sessionTime_202510261300__participant_P386__trialN_13__trialT_1__fileType_cropped.png,P386,13,1,Geometric Only,True,False,0.9
saveTime_2510261502__sessionTime_202510261300__participant_P386__trialN_14__trialT_3__fileType_cropped.png,P386,14,3,Semantic Only,False,True,0.9
saveTime_2510261506__sessionTime_202510261300__participant_P386__trialN_15__trialT_5__fileType_cropped.png,P386,15,5,Geometric Only,True,False,0.95
saveTime_2510261510__sessionTime_202510261300__participant_P386__trialN_16__trialT_4__fileType_cropped.png,P386,16,4,Geometric Only,True,False,0.95
saveTime_2510261513__sessionTime_202510261300__participant_P386__trialN_17__trialT_2__fileType_cropped.png,P386,17,2,Geometric Only,True,False,0.95
saveTime_2510261358__sessionTime_202510261300__participant_P387__trialN_2__trialT_6__fileType_cropped.png,P387,2,6,Geometric Only,True,False,0.95
saveTime_2510261401__sessionTime_202510261300__participant_P387__trialN_3__trialT_7__fileType_cropped.png,P387,3,7,Null,False,False,0.95
saveTime_2510261405__sessionTime_202510261300__participant_P387__trialN_4__trialT_1__fileType_cropped.png,P387,4,1,Geometric Only,True,False,0.95
saveTime_2510261427__sessionTime_202510261300__participant_P387__trialN_7__trialT_2__fileType_cropped.png,P387,7,2,Geometric Only,True,False,0.95
saveTime_2510261431__sessionTime_202510261300__participant_P387__trialN_8__trialT_3__fileType_cropped.png,P387,8,3,Geometric Only,True,False,0.95
saveTime_2510261435__sessionTime_202510261300__participant_P387__trialN_9__trialT_4__fileType_cropped.png,P387,9,4,Geometric Only,True,False,0.95
saveTime_2510261439__sessionTime_202510261300__participant_P387__trialN_10__trialT_6__fileType_cropped.png,P387,10,6,Geometric Only,True,False,0.95
saveTime_2510261442__sessionTime_202510261300__participant_P387__trialN_11__trialT_5__fileType_cropped.png,P387,11,5,Geometric Only,True,False,0.95
saveTime_2510261458__sessionTime_202510261300__participant_P387__trialN_13__trialT_1__fileType_cropped.png,P387,13,1,Geometric Only,True,False,0.95
saveTime_2510261502__sessionTime_202510261300__participant_P387__trialN_14__trialT_3__fileType_cropped.png,P387,14,3,Geometric Only,True,False,0.95
saveTime_2510261506__sessionTime_202510261300__participant_P387__trialN_15__trialT_5__fileType_cropped.png,P387,15,5,Geometric Only,True,False,0.95
saveTime_2510261510__sessionTime_202510261300__participant_P387__trialN_16__trialT_4__fileType_cropped.png,P387,16,4,Geometric Only,True,False,0.95
saveTime_2510261514__sessionTime_202510261300__participant_P387__trialN_17__trialT_2__fileType_cropped.png,P387,17,2,Geometric Only,True,False,0.95
saveTime_2510261358__sessionTime_202510261300__participant_P388__trialN_2__trialT_6__fileType_cropped.png,P388,2,6,Geometric Only,True,False,0.95
saveTime_2510261401__sessionTime_202510261300__participant_P388__trialN_3__trialT_7__fileType_cropped.png,P388,3,7,Null,False,False,0.95
saveTime_2510261405__sessionTime_202510261300__participant_P388__trialN_4__trialT_1__fileType_cropped.png,P388,4,1,Null,False,False,0.95
saveTime_2510261427__sessionTime_202510261300__participant_P388__trialN_7__trialT_2__fileType_cropped.png,P388,7,2,Geometric Only,True,False,0.95
saveTime_2510261431__sessionTime_202510261300__participant_P388__trialN_8__trialT_3__fileType_cropped.png,P388,8,3,Geometric Only,True,False,0.95
saveTime_2510261435__sessionTime_202510261300__participant_P388__trialN_9__trialT_4__fileType_cropped.png,P388,9,4,Geometric Only,True,False,0.95
saveTime_2510261440__sessionTime_202510261300__participant_P388__trialN_10__trialT_6__fileType_cropped.png,P388,10,6,Geometric Only,True,False,0.95
saveTime_2510261442__sessionTime_202510261300__participant_P388__trialN_11__trialT_5__fileType_cropped.png,P388,11,5,Geometric Only,True,False,0.95
saveTime_2510261458__sessionTime_202510261300__participant_P388__trialN_13__trialT_1__fileType_cropped.png,P388,13,1,Geometric Only,True,False,0.85
saveTime_2510261502__sessionTime_202510261300__participant_P388__trialN_14__trialT_3__fileType_cropped.png,P388,14,3,Geometric Only,True,False,0.95
saveTime_2510261506__sessionTime_202510261300__participant_P388__trialN_15__trialT_5__fileType_cropped.png,P388,15,5,Geometric Only,True,False,0.95
saveTime_2510261510__sessionTime_202510261300__participant_P388__trialN_16__trialT_4__fileType_cropped.png,P388,16,4,Geometric Only,True,False,0.95
saveTime_2510261513__sessionTime_202510261300__participant_P388__trialN_17__trialT_2__fileType_cropped.png,P388,17,2,Geometric Only,True,False,0.95
saveTime_2510261358__sessionTime_202510261300__participant_P389__trialN_2__trialT_6__fileType_cropped.png,P389,2,6,Geometric Only,True,False,0.95
saveTime_2510261400__sessionTime_202510261300__participant_P389__trialN_3__trialT_7__fileType_cropped.png,P389,3,7,Null,False,False,0.95
saveTime_2510261405__sessionTime_202510261300__participant_P389__trialN_4__trialT_1__fileType_cropped.png,P389,4,1,Null,False,False,0.95
saveTime_2510261427__sessionTime_202510261300__participant_P389__trialN_7__trialT_2__fileType_cropped.png,P389,7,2,Geometric Only,True,False,0.9
saveTime_2510261430__sessionTime_202510261300__participant_P389__trialN_8__trialT_3__fileType_cropped.png,P389,8,3,Geometric Only,True,False,0.95
saveTime_2510261434__sessionTime_202510261300__participant_P389__trialN_9__trialT_4__fileType_cropped.png,P389,9,4,Geometric Only,True,False,0.95
saveTime_2510261437__sessionTime_202510261300__participant_P389__trialN_10__trialT_6__fileType_cropped.png,P389,10,6,Geometric Only,True,False,0.95
saveTime_2510261442__sessionTime_202510261300__participant_P389__trialN_11__trialT_5__fileType_cropped.png,P389,11,5,Geometric Only,True,False,0.95
saveTime_2510261458__sessionTime_202510261300__participant_P389__trialN_13__trialT_1__fileType_cropped.png,P389,13,1,Null,False,False,0.95
saveTime_2510261501__sessionTime_202510261300__participant_P389__trialN_14__trialT_3__fileType_cropped.png,P389,14,3,Geometric Only,True,False,0.95
saveTime_2510261505__sessionTime_202510261300__participant_P389__trialN_15__trialT_5__fileType_cropped.png,P389,15,5,Geometric Only,True,False,0.95
saveTime_2510261509__sessionTime_202510261300__participant_P389__trialN_16__trialT_4__fileType_cropped.png,P389,16,4,Geometric Only,True,False,0.95
saveTime_2510261513__sessionTime_202510261300__participant_P389__trialN_17__trialT_2__fileType_cropped.png,P389,17,2,Geometric Only,True,False,0.95
saveTime_2510261358__sessionTime_202510261300__participant_P390__trialN_2__trialT_6__fileType_cropped.png,P390,2,6,Geometric Only,True,False,0.95
saveTime_2510261401__sessionTime_202510261300__participant_P390__trialN_3__trialT_7__fileType_cropped.png,P390,3,7,Null,False,False,0.95
saveTime_2510261406__sessionTime_202510261300__participant_P390__trialN_4__trialT_1__fileType_cropped.png,P390,4,1,Null,False,False,0.95
saveTime_2510261428__sessionTime_202510261300__participant_P390__trialN_7__trialT_2__fileType_cropped.png,P390,7,2,Geometric Only,True,False,0.95
saveTime_2510261430__sessionTime_202510261300__participant_P390__trialN_8__trialT_3__fileType_cropped.png,P390,8,3,Geometric Only,True,False,0.95
saveTime_2510261434__sessionTime_202510261300__participant_P390__trialN_9__trialT_4__fileType_cropped.png,P390,9,4,Geometric Only,True,False,0.95
saveTime_2510261438__sessionTime_202510261300__participant_P390__trialN_10__trialT_6__fileType_cropped.png,P390,10,6,Geometric Only,True,False,0.95
saveTime_2510261443__sessionTime_202510261300__participant_P390__trialN_11__trialT_5__fileType_cropped.png,P390,11,5,Geometric Only,True,False,0.95
saveTime_2510261459__sessionTime_202510261300__participant_P390__trialN_13__trialT_1__fileType_cropped.png,P390,13,1,Geometric Only,True,False,0.95
saveTime_2510261502__sessionTime_202510261300__participant_P390__trialN_14__trialT_3__fileType_cropped.png,P390,14,3,Geometric Only,True,False,0.85
saveTime_2510261507__sessionTime_202510261300__participant_P390__trialN_15__trialT_5__fileType_cropped.png,P390,15,5,Geometric Only,True,False,0.95
saveTime_2510261510__sessionTime_202510261300__participant_P390__trialN_16__trialT_4__fileType_cropped.png,P390,16,4,Null,False,False,0.95
saveTime_2510261514__sessionTime_202510261300__participant_P390__trialN_17__trialT_2__fileType_cropped.png,P390,17,2,Semantic Only,False,True,0.9
saveTime_2510261652__sessionTime_202510261600__participant_P391__trialN_2__trialT_6__fileType_cropped.png,P391,2,6,Geometric Only,True,False,0.95
saveTime_2510261657__sessionTime_202510261600__participant_P391__trialN_3__trialT_4__fileType_cropped.png,P391,3,4,Geometric Only,True,False,0.95
saveTime_2510261700__sessionTime_202510261600__participant_P391__trialN_4__trialT_1__fileType_cropped.png,P391,4,1,Null,False,False,0.95
saveTime_2510261705__sessionTime_202510261600__participant_P391__trialN_5__trialT_4__fileType_cropped.png,P391,5,4,Geometric Only,True,False,0.95
saveTime_2510261720__sessionTime_202510261600__participant_P391__trialN_7__trialT_5__fileType_cropped.png,P391,7,5,Geometric Only,True,False,0.95
saveTime_2510261725__sessionTime_202510261600__participant_P391__trialN_8__trialT_3__fileType_cropped.png,P391,8,3,Geometric Only,True,False,0.95
saveTime_2510261729__sessionTime_202510261600__participant_P391__trialN_9__trialT_5__fileType_cropped.png,P391,9,5,Geometric Only,True,False,0.95
saveTime_2510261733__sessionTime_202510261600__participant_P391__trialN_10__trialT_6__fileType_cropped.png,P391,10,6,Geometric Only,True,False,0.95
saveTime_2510261737__sessionTime_202510261600__participant_P391__trialN_11__trialT_3__fileType_cropped.png,P391,11,3,Geometric Only,True,False,0.95
saveTime_2510261755__sessionTime_202510261600__participant_P391__trialN_13__trialT_7__fileType_cropped.png,P391,13,7,Geometric Only,True,False,0.95
saveTime_2510261800__sessionTime_202510261600__participant_P391__trialN_14__trialT_2__fileType_cropped.png,P391,14,2,Geometric Only,True,False,0.95
saveTime_2510261806__sessionTime_202510261600__participant_P391__trialN_16__trialT_2__fileType_cropped.png,P391,16,2,Geometric Only,True,False,0.95
saveTime_2510261810__sessionTime_202510261600__participant_P391__trialN_17__trialT_1__fileType_cropped.png,P391,17,1,Null,False,False,0.95
saveTime_2510261652__sessionTime_202510261600__participant_P392__trialN_2__trialT_6__fileType_cropped.png,P392,2,6,Geometric Only,True,False,0.85
saveTime_2510261656__sessionTime_202510261600__participant_P392__trialN_3__trialT_4__fileType_cropped.png,P392,3,4,Geometric Only,True,False,0.95
saveTime_2510261700__sessionTime_202510261600__participant_P392__trialN_4__trialT_1__fileType_cropped.png,P392,4,1,Geometric Only,True,False,0.95
saveTime_2510261705__sessionTime_202510261600__participant_P392__trialN_5__trialT_4__fileType_cropped.png,P392,5,4,Geometric Only,True,False,0.95
saveTime_2510261720__sessionTime_202510261600__participant_P392__trialN_7__trialT_5__fileType_cropped.png,P392,7,5,Geometric Only,True,False,0.95
saveTime_2510261724__sessionTime_202510261600__participant_P392__trialN_8__trialT_3__fileType_cropped.png,P392,8,3,Geometric Only,True,False,0.95
saveTime_2510261728__sessionTime_202510261600__participant_P392__trialN_9__trialT_5__fileType_cropped.png,P392,9,5,Geometric Only,True,False,0.95
saveTime_2510261732__sessionTime_202510261600__participant_P392__trialN_10__trialT_6__fileType_cropped.png,P392,10,6,Geometric Only,True,False,0.95
saveTime_2510261736__sessionTime_202510261600__participant_P392__trialN_11__trialT_3__fileType_cropped.png,P392,11,3,Geometric Only,True,False,0.95
saveTime_2510261755__sessionTime_202510261600__participant_P392__trialN_13__trialT_7__fileType_cropped.png,P392,13,7,Null,False,False,0.95
saveTime_2510261759__sessionTime_202510261600__participant_P392__trialN_14__trialT_2__fileType_cropped.png,P392,14,2,Geometric Only,True,False,0.95
saveTime_2510261806__sessionTime_202510261600__participant_P392__trialN_16__trialT_2__fileType_cropped.png,P392,16,2,Geometric Only,True,False,0.95
saveTime_2510261810__sessionTime_202510261600__participant_P392__trialN_17__trialT_1__fileType_cropped.png,P392,17,1,Null,False,False,0.95
saveTime_2510261652__sessionTime_202510261600__participant_P393__trialN_2__trialT_6__fileType_cropped.png,P393,2,6,Geometric Only,True,False,0.95
saveTime_2510261657__sessionTime_202510261600__participant_P393__trialN_3__trialT_4__fileType_cropped.png,P393,3,4,Geometric Only,True,False,0.95
saveTime_2510261700__sessionTime_202510261600__participant_P393__trialN_4__trialT_1__fileType_cropped.png,P393,4,1,Geometric Only,True,False,0.95
saveTime_2510261704__sessionTime_202510261600__participant_P393__trialN_5__trialT_4__fileType_cropped.png,P393,5,4,Geometric Only,True,False,0.95
saveTime_2510261721__sessionTime_202510261600__participant_P393__trialN_7__trialT_5__fileType_cropped.png,P393,7,5,Geometric Only,True,False,0.95
saveTime_2510261725__sessionTime_202510261600__participant_P393__trialN_8__trialT_3__fileType_cropped.png,P393,8,3,Geometric Only,True,False,0.95
saveTime_2510261729__sessionTime_202510261600__participant_P393__trialN_9__trialT_5__fileType_cropped.png,P393,9,5,Geometric Only,True,False,0.95
saveTime_2510261732__sessionTime_202510261600__participant_P393__trialN_10__trialT_6__fileType_cropped.png,P393,10,6,Geometric Only,True,False,0.95
saveTime_2510261736__sessionTime_202510261600__participant_P393__trialN_11__trialT_3__fileType_cropped.png,P393,11,3,Geometric Only,True,False,0.95
saveTime_2510261755__sessionTime_202510261600__participant_P393__trialN_13__trialT_7__fileType_cropped.png,P393,13,7,Null,False,False,0.95
saveTime_2510261759__sessionTime_202510261600__participant_P393__trialN_14__trialT_2__fileType_cropped.png,P393,14,2,Geometric Only,True,False,0.95
saveTime_2510261806__sessionTime_202510261600__participant_P393__trialN_16__trialT_2__fileType_cropped.png,P393,16,2,Geometric Only,True,False,0.95
saveTime_2510261811__sessionTime_202510261600__participant_P393__trialN_17__trialT_1__fileType_cropped.png,P393,17,1,Geometric Only,True,False,0.95
saveTime_2510261652__sessionTime_202510261600__participant_P394__trialN_2__trialT_6__fileType_cropped.png,P394,2,6,Geometric Only,True,False,0.95
saveTime_2510261657__sessionTime_202510261600__participant_P394__trialN_3__trialT_4__fileType_cropped.png,P394,3,4,Geometric Only,True,False,0.95
saveTime_2510261700__sessionTime_202510261600__participant_P394__trialN_4__trialT_1__fileType_cropped.png,P394,4,1,Geometric Only,True,False,0.95
saveTime_2510261704__sessionTime_202510261600__participant_P394__trialN_5__trialT_4__fileType_cropped.png,P394,5,4,Geometric Only,True,False,0.95
saveTime_2510261721__sessionTime_202510261600__participant_P394__trialN_7__trialT_5__fileType_cropped.png,P394,7,5,Geometric Only,True,False,0.95
saveTime_2510261724__sessionTime_202510261600__participant_P394__trialN_8__trialT_3__fileType_cropped.png,P394,8,3,Geometric Only,True,False,0.95
saveTime_2510261728__sessionTime_202510261600__participant_P394__trialN_9__trialT_5__fileType_cropped.png,P394,9,5,Geometric Only,True,False,0.95
saveTime_2510261733__sessionTime_202510261600__participant_P394__trialN_10__trialT_6__fileType_cropped.png,P394,10,6,Geometric Only,True,False,0.95
saveTime_2510261736__sessionTime_202510261600__participant_P394__trialN_11__trialT_3__fileType_cropped.png,P394,11,3,Geometric Only,True,False,0.95
saveTime_2510261754__sessionTime_202510261600__participant_P394__trialN_13__trialT_7__fileType_cropped.png,P394,13,7,Null,False,False,0.95
saveTime_2510261758__sessionTime_202510261600__participant_P394__trialN_14__trialT_2__fileType_cropped.png,P394,14,2,Geometric Only,True,False,0.95
saveTime_2510261805__sessionTime_202510261600__participant_P394__trialN_16__trialT_2__fileType_cropped.png,P394,16,2,Geometric Only,True,False,0.95
saveTime_2510261809__sessionTime_202510261600__participant_P394__trialN_17__trialT_1__fileType_cropped.png,P394,17,1,Geometric Only,True,False,0.95
saveTime_2510261653__sessionTime_202510261600__participant_P395__trialN_2__trialT_6__fileType_cropped.png,P395,2,6,Geometric Only,True,False,0.95
saveTime_2510261657__sessionTime_202510261600__participant_P395__trialN_3__trialT_4__fileType_cropped.png,P395,3,4,Geometric Only,True,False,0.95
saveTime_2510261701__sessionTime_202510261600__participant_P395__trialN_4__trialT_1__fileType_cropped.png,P395,4,1,Geometric Only,True,False,0.95
saveTime_2510261704__sessionTime_202510261600__participant_P395__trialN_5__trialT_4__fileType_cropped.png,P395,5,4,Geometric Only,True,False,0.95
saveTime_2510261721__sessionTime_202510261600__participant_P395__trialN_7__trialT_5__fileType_cropped.png,P395,7,5,Geometric Only,True,False,0.95
saveTime_2510261724__sessionTime_202510261600__participant_P395__trialN_8__trialT_3__fileType_cropped.png,P395,8,3,Geometric Only,True,False,0.95
saveTime_2510261729__sessionTime_202510261600__participant_P395__trialN_9__trialT_5__fileType_cropped.png,P395,9,5,Geometric Only,True,False,0.95
saveTime_2510261733__sessionTime_202510261600__participant_P395__trialN_10__trialT_6__fileType_cropped.png,P395,10,6,Geometric Only,True,False,0.95
saveTime_2510261737__sessionTime_202510261600__participant_P395__trialN_11__trialT_3__fileType_cropped.png,P395,11,3,Geometric Only,True,False,0.95
saveTime_2510261753__sessionTime_202510261600__participant_P395__trialN_13__trialT_7__fileType_cropped.png,P395,13,7,Null,False,False,0.95
saveTime_2510261759__sessionTime_202510261600__participant_P395__trialN_14__trialT_2__fileType_cropped.png,P395,14,2,Geometric Only,True,False,0.95
saveTime_2510261807__sessionTime_202510261600__participant_P395__trialN_16__trialT_2__fileType_cropped.png,P395,16,2,Geometric Only,True,False,0.95
saveTime_2510261811__sessionTime_202510261600__participant_P395__trialN_17__trialT_1__fileType_cropped.png,P395,17,1,Geometric Only,True,False,0.95
saveTime_2510261653__sessionTime_202510261600__participant_P396__trialN_2__trialT_6__fileType_cropped.png,P396,2,6,Geometric Only,True,False,0.85
saveTime_2510261656__sessionTime_202510261600__participant_P396__trialN_3__trialT_4__fileType_cropped.png,P396,3,4,Geometric Only,True,False,0.95
saveTime_2510261701__sessionTime_202510261600__participant_P396__trialN_4__trialT_1__fileType_cropped.png,P396,4,1,Null,False,False,0.95
saveTime_2510261705__sessionTime_202510261600__participant_P396__trialN_5__trialT_4__fileType_cropped.png,P396,5,4,Geometric Only,True,False,0.95
saveTime_2510261721__sessionTime_202510261600__participant_P396__trialN_7__trialT_5__fileType_cropped.png,P396,7,5,Geometric Only,True,False,0.95
saveTime_2510261725__sessionTime_202510261600__participant_P396__trialN_8__trialT_3__fileType_cropped.png,P396,8,3,Geometric Only,True,False,0.95
saveTime_2510261729__sessionTime_202510261600__participant_P396__trialN_9__trialT_5__fileType_cropped.png,P396,9,5,Geometric Only,True,False,0.95
saveTime_2510261733__sessionTime_202510261600__participant_P396__trialN_10__trialT_6__fileType_cropped.png,P396,10,6,Null,False,False,0.95
saveTime_2510261737__sessionTime_202510261600__participant_P396__trialN_11__trialT_3__fileType_cropped.png,P396,11,3,Geometric Only,True,False,0.95
saveTime_2510261755__sessionTime_202510261600__participant_P396__trialN_13__trialT_7__fileType_cropped.png,P396,13,7,Null,False,False,0.95
saveTime_2510261759__sessionTime_202510261600__participant_P396__trialN_14__trialT_2__fileType_cropped.png,P396,14,2,Null,False,False,0.95
saveTime_2510261807__sessionTime_202510261600__participant_P396__trialN_16__trialT_2__fileType_cropped.png,P396,16,2,Geometric Only,True,False,0.85
saveTime_2510261810__sessionTime_202510261600__participant_P396__trialN_17__trialT_1__fileType_cropped.png,P396,17,1,Geometric Only,True,False,0.95
saveTime_2510261653__sessionTime_202510261600__participant_P397__trialN_2__trialT_6__fileType_cropped.png,P397,2,6,Geometric Only,True,False,0.95
saveTime_2510261657__sessionTime_202510261600__participant_P397__trialN_3__trialT_4__fileType_cropped.png,P397,3,4,Geometric Only,True,False,0.85
saveTime_2510261701__sessionTime_202510261600__participant_P397__trialN_4__trialT_1__fileType_cropped.png,P397,4,1,Geometric Only,True,False,0.95
saveTime_2510261705__sessionTime_202510261600__participant_P397__trialN_5__trialT_4__fileType_cropped.png,P397,5,4,Geometric Only,True,False,0.85
saveTime_2510261721__sessionTime_202510261600__participant_P397__trialN_7__trialT_5__fileType_cropped.png,P397,7,5,Geometric Only,True,False,0.95
saveTime_2510261724__sessionTime_202510261600__participant_P397__trialN_8__trialT_3__fileType_cropped.png,P397,8,3,Geometric Only,True,False,0.95
saveTime_2510261729__sessionTime_202510261600__participant_P397__trialN_9__trialT_5__fileType_cropped.png,P397,9,5,Geometric Only,True,False,0.95
saveTime_2510261733__sessionTime_202510261600__participant_P397__trialN_10__trialT_6__fileType_cropped.png,P397,10,6,Geometric Only,True,False,0.95
saveTime_2510261737__sessionTime_202510261600__participant_P397__trialN_11__trialT_3__fileType_cropped.png,P397,11,3,Geometric Only,True,False,0.95
saveTime_2510261755__sessionTime_202510261600__participant_P397__trialN_13__trialT_7__fileType_cropped.png,P397,13,7,Null,False,False,0.95
saveTime_2510261759__sessionTime_202510261600__participant_P397__trialN_14__trialT_2__fileType_cropped.png,P397,14,2,Geometric Only,True,False,0.95
saveTime_2510261806__sessionTime_202510261600__participant_P397__trialN_16__trialT_2__fileType_cropped.png,P397,16,2,Geometric Only,True,False,0.95
saveTime_2510261811__sessionTime_202510261600__participant_P397__trialN_17__trialT_1__fileType_cropped.png,P397,17,1,Geometric Only,True,False,0.95
saveTime_2510261653__sessionTime_202510261600__participant_P398__trialN_2__trialT_6__fileType_cropped.png,P398,2,6,Geometric Only,True,False,0.95
saveTime_2510261657__sessionTime_202510261600__participant_P398__trialN_3__trialT_4__fileType_cropped.png,P398,3,4,Geometric Only,True,False,0.95
saveTime_2510261701__sessionTime_202510261600__participant_P398__trialN_4__trialT_1__fileType_cropped.png,P398,4,1,Geometric Only,True,False,0.95
saveTime_2510261705__sessionTime_202510261600__participant_P398__trialN_5__trialT_4__fileType_cropped.png,P398,5,4,Geometric Only,True,False,0.95
saveTime_2510261721__sessionTime_202510261600__participant_P398__trialN_7__trialT_5__fileType_cropped.png,P398,7,5,Geometric Only,True,False,0.95
saveTime_2510261725__sessionTime_202510261600__participant_P398__trialN_8__trialT_3__fileType_cropped.png,P398,8,3,Geometric Only,True,False,0.95
saveTime_2510261729__sessionTime_202510261600__participant_P398__trialN_9__trialT_5__fileType_cropped.png,P398,9,5,Geometric Only,True,False,0.95
saveTime_2510261733__sessionTime_202510261600__participant_P398__trialN_10__trialT_6__fileType_cropped.png,P398,10,6,Geometric Only,True,False,0.95
saveTime_2510261737__sessionTime_202510261600__participant_P398__trialN_11__trialT_3__fileType_cropped.png,P398,11,3,Geometric Only,True,False,0.95
saveTime_2510261755__sessionTime_202510261600__participant_P398__trialN_13__trialT_7__fileType_cropped.png,P398,13,7,Null,False,False,0.95
saveTime_2510261759__sessionTime_202510261600__participant_P398__trialN_14__trialT_2__fileType_cropped.png,P398,14,2,Geometric Only,True,False,0.95
saveTime_2510261806__sessionTime_202510261600__participant_P398__trialN_16__trialT_2__fileType_cropped.png,P398,16,2,Geometric Only,True,False,0.95
saveTime_2510261811__sessionTime_202510261600__participant_P398__trialN_17__trialT_1__fileType_cropped.png,P398,17,1,Geometric Only,True,False,0.95
